Station Name,Date,CO
Masfout,01/01/2023,0.17178
Masfout,01/01/2023,0.17178
Masfout,01/01/2023,0.2061359999999999
Masfout,01/01/2023,0.17178
Masfout,01/01/2023,0.160328
Masfout,01/01/2023,0.148876
Masfout,01/01/2023,0.194684
Masfout,01/01/2023,0.251944
Masfout,01/01/2023,2.072812
Masfout,01/01/2023,0.160328
Masfout,01/01/2023,0.183232
Masfout,01/01/2023,0.17178
Masfout,01/01/2023,0.183232
Masfout,01/01/2023,0.160328
Masfout,01/01/2023,0.160328
Masfout,01/01/2023,0.148876
Masfout,01/01/2023,0.160328
Masfout,01/01/2023,0.17178
Masfout,01/01/2023,0.2863
Masfout,01/01/2023,0.2061359999999999
Masfout,01/01/2023,0.183232
Masfout,01/01/2023,0.194684
Masfout,01/01/2023,0.148876
Masfout,01/01/2023,0.137424
Masfout,02/01/2023,0.148876
Masfout,02/01/2023,0.137424
Masfout,02/01/2023,0.137424
Masfout,02/01/2023,0.148876
Masfout,02/01/2023,0.137424
Masfout,02/01/2023,0.160328
Masfout,02/01/2023,0.606956
Masfout,02/01/2023,0.22904
Masfout,02/01/2023,0.217588
Masfout,02/01/2023,0.160328
Masfout,02/01/2023,0.125972
Masfout,02/01/2023,0.137424
Masfout,02/01/2023,0.137424
Masfout,02/01/2023,0.148876
Masfout,02/01/2023,0.137424
Masfout,02/01/2023,0.148876
Masfout,02/01/2023,0.148876
Masfout,02/01/2023,0.148876
Masfout,02/01/2023,0.148876
Masfout,02/01/2023,0.148876
Masfout,02/01/2023,0.160328
Masfout,02/01/2023,0.160328
Masfout,02/01/2023,0.160328
Masfout,02/01/2023,0.160328
Masfout,03/01/2023,0.183232
Masfout,03/01/2023,0.17178
Masfout,03/01/2023,0.148876
Masfout,03/01/2023,0.148876
Masfout,03/01/2023,0.148876
Masfout,03/01/2023,0.148876
Masfout,03/01/2023,0.2061359999999999
Masfout,03/01/2023,0.2404919999999999
Masfout,03/01/2023,0.17178
Masfout,03/01/2023,0.160328
Masfout,03/01/2023,0.137424
Masfout,03/01/2023,0.160328
Masfout,03/01/2023,0.148876
Masfout,03/01/2023,0.160328
Masfout,03/01/2023,0.148876
Masfout,03/01/2023,0.160328
Masfout,03/01/2023,0.137424
Masfout,03/01/2023,0.137424
Masfout,03/01/2023,0.125972
Masfout,03/01/2023,0.125972
Masfout,03/01/2023,0.137424
Masfout,03/01/2023,0.137424
Masfout,03/01/2023,0.137424
Masfout,03/01/2023,0.148876
Masfout,04/01/2023,0.160328
Masfout,04/01/2023,0.160328
Masfout,04/01/2023,0.17178
Masfout,04/01/2023,0.160328
Masfout,04/01/2023,0.137424
Masfout,04/01/2023,0.125972
Masfout,04/01/2023,0.17178
Masfout,04/01/2023,0.148876
Masfout,04/01/2023,0.125972
Masfout,04/01/2023,0.11452
Masfout,04/01/2023,0.125972
Masfout,04/01/2023,0.125972
Masfout,04/01/2023,0.148876
Masfout,04/01/2023,0.137424
Masfout,04/01/2023,0.137424
Masfout,04/01/2023,0.137424
Masfout,04/01/2023,0.137424
Masfout,04/01/2023,0.125972
Masfout,04/01/2023,0.125972
Masfout,04/01/2023,0.125972
Masfout,04/01/2023,0.137424
Masfout,04/01/2023,0.2061359999999999
Masfout,04/01/2023,0.148876
Masfout,04/01/2023,0.125972
Masfout,05/01/2023,0.125972
Masfout,05/01/2023,0.1030679999999999
Masfout,05/01/2023,0.1030679999999999
Masfout,05/01/2023,0.11452
Masfout,05/01/2023,0.1030679999999999
Masfout,05/01/2023,0.11452
Masfout,05/01/2023,0.125972
Masfout,05/01/2023,0.320656
Masfout,05/01/2023,0.194684
Masfout,05/01/2023,0.137424
Masfout,05/01/2023,0.11452
Masfout,05/01/2023,0.125972
Masfout,05/01/2023,0.125972
Masfout,05/01/2023,0.11452
Masfout,05/01/2023,0.148876
Masfout,05/01/2023,0.137424
Masfout,05/01/2023,0.137424
Masfout,05/01/2023,0.137424
Masfout,05/01/2023,0.125972
Masfout,05/01/2023,0.125972
Masfout,05/01/2023,0.137424
Masfout,05/01/2023,0.137424
Masfout,05/01/2023,0.137424
Masfout,05/01/2023,0.137424
Masfout,06/01/2023,0.160328
Masfout,06/01/2023,0.17178
Masfout,06/01/2023,0.160328
Masfout,06/01/2023,0.160328
Masfout,06/01/2023,0.148876
Masfout,06/01/2023,0.137424
Masfout,06/01/2023,0.148876
Masfout,06/01/2023,0.3321079999999999
Masfout,06/01/2023,0.2404919999999999
Masfout,06/01/2023,0.160328
Masfout,06/01/2023,0.137424
Masfout,06/01/2023,0.137424
Masfout,06/01/2023,0.137424
Masfout,06/01/2023,0.137424
Masfout,06/01/2023,0.125972
Masfout,06/01/2023,0.125972
Masfout,06/01/2023,0.217588
Masfout,06/01/2023,0.22904
Masfout,06/01/2023,0.22904
Masfout,06/01/2023,0.217588
Masfout,06/01/2023,0.217588
Masfout,06/01/2023,0.148876
Masfout,06/01/2023,0.125972
Masfout,06/01/2023,0.11452
Masfout,07/01/2023,0.11452
Masfout,07/01/2023,0.11452
Masfout,07/01/2023,0.1030679999999999
Masfout,07/01/2023,0.1030679999999999
Masfout,07/01/2023,0.11452
Masfout,07/01/2023,0.11452
Masfout,07/01/2023,0.11452
Masfout,07/01/2023,0.137424
Masfout,07/01/2023,0.125972
Masfout,07/01/2023,0.11452
Masfout,07/01/2023,0.125972
Masfout,07/01/2023,0.11452
Masfout,07/01/2023,0.11452
Masfout,07/01/2023,0.11452
Masfout,07/01/2023,0.148876
Masfout,07/01/2023,0.137424
Masfout,07/01/2023,0.125972
Masfout,07/01/2023,0.11452
Masfout,07/01/2023,0.1030679999999999
Masfout,07/01/2023,0.148876
Masfout,07/01/2023,0.17178
Masfout,07/01/2023,0.22904
Masfout,07/01/2023,0.194684
Masfout,07/01/2023,0.22904
Masfout,08/01/2023,0.2061359999999999
Masfout,08/01/2023,0.137424
Masfout,08/01/2023,0.160328
Masfout,08/01/2023,0.148876
Masfout,08/01/2023,0.148876
Masfout,08/01/2023,0.137424
Masfout,08/01/2023,0.160328
Masfout,08/01/2023,0.263396
Masfout,08/01/2023,0.2061359999999999
Masfout,08/01/2023,0.125972
Masfout,08/01/2023,0.11452
Masfout,08/01/2023,0.125972
Masfout,08/01/2023,0.137424
Masfout,08/01/2023,0.11452
Masfout,08/01/2023,0.11452
Masfout,08/01/2023,0.11452
Masfout,08/01/2023,0.125972
Masfout,08/01/2023,0.160328
Masfout,08/01/2023,0.217588
Masfout,08/01/2023,0.217588
Masfout,08/01/2023,0.2061359999999999
Masfout,08/01/2023,0.194684
Masfout,08/01/2023,0.160328
Masfout,08/01/2023,0.160328
Masfout,09/01/2023,0.194684
Masfout,09/01/2023,0.148876
Masfout,09/01/2023,0.137424
Masfout,09/01/2023,0.148876
Masfout,09/01/2023,0.148876
Masfout,09/01/2023,0.160328
Masfout,09/01/2023,0.194684
Masfout,09/01/2023,0.4008199999999999
Masfout,09/01/2023,0.2061359999999999
Masfout,09/01/2023,0.11452
Masfout,09/01/2023,0.125972
Masfout,09/01/2023,0.125972
Masfout,09/01/2023,0.148876
Masfout,09/01/2023,0.125972
Masfout,09/01/2023,0.125972
Masfout,09/01/2023,0.125972
Masfout,09/01/2023,0.137424
Masfout,09/01/2023,0.160328
Masfout,09/01/2023,0.148876
Masfout,09/01/2023,0.137424
Masfout,09/01/2023,0.148876
Masfout,09/01/2023,0.148876
Masfout,09/01/2023,0.148876
Masfout,09/01/2023,0.137424
Masfout,10/01/2023,0.148876
Masfout,10/01/2023,0.125972
Masfout,10/01/2023,0.137424
Masfout,10/01/2023,0.137424
Masfout,10/01/2023,0.137424
Masfout,10/01/2023,0.137424
Masfout,10/01/2023,0.2061359999999999
Masfout,10/01/2023,0.2404919999999999
Masfout,10/01/2023,0.2061359999999999
Masfout,10/01/2023,0.148876
Masfout,10/01/2023,0.148876
Masfout,10/01/2023,0.148876
Masfout,10/01/2023,0.160328
Masfout,10/01/2023,0.137424
Masfout,10/01/2023,0.11452
Masfout,10/01/2023,0.11452
Masfout,10/01/2023,0.137424
Masfout,10/01/2023,0.148876
Masfout,10/01/2023,0.2061359999999999
Masfout,10/01/2023,0.194684
Masfout,10/01/2023,0.2061359999999999
Masfout,10/01/2023,0.194684
Masfout,10/01/2023,0.194684
Masfout,10/01/2023,0.183232
Masfout,11/01/2023,0.17178
Masfout,11/01/2023,0.137424
Masfout,11/01/2023,0.11452
Masfout,11/01/2023,0.137424
Masfout,11/01/2023,0.11452
Masfout,11/01/2023,0.11452
Masfout,11/01/2023,0.11452
Masfout,11/01/2023,0.125972
Masfout,11/01/2023,0.11452
Masfout,11/01/2023,0.11452
Masfout,11/01/2023,0.137424
Masfout,11/01/2023,0.137424
Masfout,11/01/2023,0.148876
Masfout,11/01/2023,0.137424
Masfout,11/01/2023,0.137424
Masfout,11/01/2023,0.148876
Masfout,11/01/2023,0.137424
Masfout,11/01/2023,0.160328
Masfout,11/01/2023,0.137424
Masfout,11/01/2023,0.137424
Masfout,11/01/2023,0.160328
Masfout,11/01/2023,0.17178
Masfout,11/01/2023,0.160328
Masfout,11/01/2023,0.160328
Masfout,12/01/2023,0.183232
Masfout,12/01/2023,0.183232
Masfout,12/01/2023,0.17178
Masfout,12/01/2023,0.160328
Masfout,12/01/2023,0.148876
Masfout,12/01/2023,0.160328
Masfout,12/01/2023,0.389368
Masfout,12/01/2023,0.377916
Masfout,12/01/2023,0.309204
Masfout,12/01/2023,0.148876
Masfout,12/01/2023,0.137424
Masfout,12/01/2023,0.137424
Masfout,12/01/2023,0.125972
Masfout,12/01/2023,0.137424
Masfout,12/01/2023,0.125972
Masfout,12/01/2023,0.148876
Masfout,12/01/2023,0.125972
Masfout,12/01/2023,0.125972
Masfout,12/01/2023,0.125972
Masfout,12/01/2023,0.125972
Masfout,12/01/2023,0.148876
Masfout,12/01/2023,0.160328
Masfout,12/01/2023,0.148876
Masfout,12/01/2023,0.125972
Masfout,13/01/2023,0.137424
Masfout,13/01/2023,0.137424
Masfout,13/01/2023,0.125972
Masfout,13/01/2023,0.125972
Masfout,13/01/2023,0.125972
Masfout,13/01/2023,0.125972
Masfout,13/01/2023,0.148876
Masfout,13/01/2023,0.2404919999999999
Masfout,13/01/2023,0.160328
Masfout,13/01/2023,0.148876
Masfout,13/01/2023,0.125972
Masfout,13/01/2023,0.148876
Masfout,13/01/2023,0.148876
Masfout,13/01/2023,0.125972
Masfout,13/01/2023,0.125972
Masfout,13/01/2023,0.11452
Masfout,13/01/2023,0.137424
Masfout,13/01/2023,0.125972
Masfout,13/01/2023,0.125972
Masfout,13/01/2023,0.125972
Masfout,13/01/2023,0.137424
Masfout,13/01/2023,0.137424
Masfout,13/01/2023,0.148876
Masfout,13/01/2023,0.183232
Masfout,14/01/2023,0.17178
Masfout,14/01/2023,0.137424
Masfout,14/01/2023,0.137424
Masfout,14/01/2023,0.148876
Masfout,14/01/2023,0.125972
Masfout,14/01/2023,0.125972
Masfout,14/01/2023,0.137424
Masfout,14/01/2023,0.148876
Masfout,14/01/2023,0.137424
Masfout,14/01/2023,0.125972
Masfout,14/01/2023,0.125972
Masfout,14/01/2023,0.125972
Masfout,14/01/2023,0.125972
Masfout,14/01/2023,0.125972
Masfout,14/01/2023,0.148876
Masfout,14/01/2023,0.137424
Masfout,14/01/2023,0.160328
Masfout,14/01/2023,0.148876
Masfout,14/01/2023,0.148876
Masfout,14/01/2023,0.148876
Masfout,14/01/2023,0.160328
Masfout,14/01/2023,0.160328
Masfout,14/01/2023,0.148876
Masfout,14/01/2023,0.160328
Masfout,15/01/2023,0.160328
Masfout,15/01/2023,0.148876
Masfout,15/01/2023,0.160328
Masfout,15/01/2023,0.17178
Masfout,15/01/2023,0.160328
Masfout,15/01/2023,0.17178
Masfout,15/01/2023,0.194684
Masfout,15/01/2023,0.17178
Masfout,15/01/2023,0.17178
Masfout,15/01/2023,0.125972
Masfout,15/01/2023,0.125972
Masfout,15/01/2023,0.125972
Masfout,15/01/2023,0.125972
Masfout,15/01/2023,0.11452
Masfout,15/01/2023,0.11452
Masfout,15/01/2023,0.125972
Masfout,15/01/2023,0.137424
Masfout,15/01/2023,0.137424
Masfout,15/01/2023,0.137424
Masfout,15/01/2023,0.125972
Masfout,15/01/2023,0.148876
Masfout,15/01/2023,0.148876
Masfout,15/01/2023,0.160328
Masfout,15/01/2023,0.148876
Masfout,16/01/2023,0.2404919999999999
Masfout,16/01/2023,0.274848
Masfout,16/01/2023,0.125972
Masfout,16/01/2023,0.125972
Masfout,16/01/2023,0.1030679999999999
Masfout,16/01/2023,0.125972
Masfout,16/01/2023,0.160328
Masfout,16/01/2023,0.274848
Masfout,16/01/2023,0.148876
Masfout,16/01/2023,0.148876
Masfout,16/01/2023,0.125972
Masfout,16/01/2023,0.125972
Masfout,16/01/2023,0.137424
Masfout,16/01/2023,0.125972
Masfout,16/01/2023,0.125972
Masfout,16/01/2023,0.125972
Masfout,16/01/2023,0.148876
Masfout,16/01/2023,0.17178
Masfout,16/01/2023,0.17178
Masfout,16/01/2023,0.194684
Masfout,16/01/2023,0.160328
Masfout,16/01/2023,0.17178
Masfout,16/01/2023,0.137424
Masfout,16/01/2023,0.137424
Masfout,17/01/2023,0.125972
Masfout,17/01/2023,0.125972
Masfout,17/01/2023,0.125972
Masfout,17/01/2023,0.17178
Masfout,17/01/2023,0.148876
Masfout,17/01/2023,0.148876
Masfout,17/01/2023,0.22904
Masfout,17/01/2023,0.34356
Masfout,17/01/2023,0.2404919999999999
Masfout,17/01/2023,0.183232
Masfout,17/01/2023,0.17178
Masfout,17/01/2023,0.2061359999999999
Masfout,17/01/2023,0.22904
Masfout,17/01/2023,0.22904
Masfout,17/01/2023,0.2061359999999999
Masfout,17/01/2023,0.194684
Masfout,17/01/2023,0.160328
Masfout,17/01/2023,0.148876
Masfout,17/01/2023,0.17178
Masfout,17/01/2023,0.137424
Masfout,17/01/2023,0.137424
Masfout,17/01/2023,0.148876
Masfout,17/01/2023,0.148876
Masfout,17/01/2023,0.148876
Masfout,18/01/2023,0.160328
Masfout,18/01/2023,0.17178
Masfout,18/01/2023,0.148876
Masfout,18/01/2023,0.137424
Masfout,18/01/2023,0.148876
Masfout,18/01/2023,0.217588
Masfout,18/01/2023,0.2061359999999999
Masfout,18/01/2023,0.17178
Masfout,18/01/2023,0.148876
Masfout,18/01/2023,0.137424
Masfout,18/01/2023,0.160328
Masfout,18/01/2023,0.160328
Masfout,18/01/2023,0.11452
Masfout,18/01/2023,0.11452
Masfout,18/01/2023,0.1030679999999999
Masfout,18/01/2023,0.1030679999999999
Masfout,18/01/2023,0.1030679999999999
Masfout,18/01/2023,0.1030679999999999
Masfout,18/01/2023,0.091616
Masfout,18/01/2023,0.1030679999999999
Masfout,18/01/2023,0.125972
Masfout,18/01/2023,0.11452
Masfout,18/01/2023,0.11452
Masfout,18/01/2023,0.137424
Masfout,19/01/2023,0.160328
Masfout,19/01/2023,0.148876
Masfout,19/01/2023,0.137424
Masfout,19/01/2023,0.160328
Masfout,19/01/2023,0.148876
Masfout,19/01/2023,0.137424
Masfout,19/01/2023,0.148876
Masfout,19/01/2023,0.160328
Masfout,19/01/2023,0.148876
Masfout,19/01/2023,0.137424
Masfout,19/01/2023,0.148876
Masfout,19/01/2023,0.17178
Masfout,19/01/2023,0.160328
Masfout,19/01/2023,0.148876
Masfout,19/01/2023,0.137424
Masfout,19/01/2023,0.148876
Masfout,19/01/2023,0.148876
Masfout,19/01/2023,0.17178
Masfout,19/01/2023,0.17178
Masfout,19/01/2023,0.183232
Masfout,19/01/2023,0.194684
Masfout,19/01/2023,0.194684
Masfout,19/01/2023,0.217588
Masfout,19/01/2023,0.2404919999999999
Masfout,20/01/2023,0.251944
Masfout,20/01/2023,0.183232
Masfout,20/01/2023,0.148876
Masfout,20/01/2023,0.137424
Masfout,20/01/2023,0.137424
Masfout,20/01/2023,0.160328
Masfout,20/01/2023,0.160328
Masfout,20/01/2023,0.263396
Masfout,20/01/2023,0.263396
Masfout,20/01/2023,0.160328
Masfout,20/01/2023,0.125972
Masfout,20/01/2023,0.125972
Masfout,20/01/2023,0.137424
Masfout,20/01/2023,
Masfout,20/01/2023,
Masfout,20/01/2023,
Masfout,20/01/2023,
Masfout,20/01/2023,
Masfout,20/01/2023,
Masfout,20/01/2023,
Masfout,20/01/2023,
Masfout,20/01/2023,
Masfout,20/01/2023,
Masfout,20/01/2023,
Masfout,21/01/2023,
Masfout,21/01/2023,
Masfout,21/01/2023,
Masfout,21/01/2023,
Masfout,21/01/2023,
Masfout,21/01/2023,
Masfout,21/01/2023,
Masfout,21/01/2023,
Masfout,21/01/2023,
Masfout,21/01/2023,
Masfout,21/01/2023,
Masfout,21/01/2023,
Masfout,21/01/2023,
Masfout,21/01/2023,
Masfout,21/01/2023,
Masfout,21/01/2023,
Masfout,21/01/2023,
Masfout,21/01/2023,
Masfout,21/01/2023,
Masfout,21/01/2023,
Masfout,21/01/2023,
Masfout,21/01/2023,
Masfout,21/01/2023,
Masfout,21/01/2023,
Masfout,22/01/2023,
Masfout,22/01/2023,
Masfout,22/01/2023,
Masfout,22/01/2023,
Masfout,22/01/2023,
Masfout,22/01/2023,
Masfout,22/01/2023,
Masfout,22/01/2023,
Masfout,22/01/2023,
Masfout,22/01/2023,
Masfout,22/01/2023,
Masfout,22/01/2023,
Masfout,22/01/2023,
Masfout,22/01/2023,
Masfout,22/01/2023,
Masfout,22/01/2023,
Masfout,22/01/2023,
Masfout,22/01/2023,
Masfout,22/01/2023,
Masfout,22/01/2023,
Masfout,22/01/2023,
Masfout,22/01/2023,
Masfout,22/01/2023,
Masfout,22/01/2023,
Masfout,23/01/2023,
Masfout,23/01/2023,
Masfout,23/01/2023,
Masfout,23/01/2023,
Masfout,23/01/2023,
Masfout,23/01/2023,
Masfout,23/01/2023,
Masfout,23/01/2023,
Masfout,23/01/2023,
Masfout,23/01/2023,
Masfout,23/01/2023,
Masfout,23/01/2023,
Masfout,23/01/2023,
Masfout,23/01/2023,
Masfout,23/01/2023,
Masfout,23/01/2023,
Masfout,23/01/2023,
Masfout,23/01/2023,
Masfout,23/01/2023,
Masfout,23/01/2023,
Masfout,23/01/2023,
Masfout,23/01/2023,
Masfout,23/01/2023,
Masfout,23/01/2023,
Masfout,24/01/2023,
Masfout,24/01/2023,
Masfout,24/01/2023,
Masfout,24/01/2023,
Masfout,24/01/2023,
Masfout,24/01/2023,
Masfout,24/01/2023,
Masfout,24/01/2023,
Masfout,24/01/2023,
Masfout,24/01/2023,
Masfout,24/01/2023,
Masfout,24/01/2023,
Masfout,24/01/2023,
Masfout,24/01/2023,
Masfout,24/01/2023,
Masfout,24/01/2023,
Masfout,24/01/2023,
Masfout,24/01/2023,
Masfout,24/01/2023,
Masfout,24/01/2023,
Masfout,24/01/2023,
Masfout,24/01/2023,
Masfout,24/01/2023,
Masfout,24/01/2023,
Masfout,25/01/2023,
Masfout,25/01/2023,
Masfout,25/01/2023,
Masfout,25/01/2023,
Masfout,25/01/2023,
Masfout,25/01/2023,
Masfout,25/01/2023,
Masfout,25/01/2023,
Masfout,25/01/2023,
Masfout,25/01/2023,
Masfout,25/01/2023,
Masfout,25/01/2023,
Masfout,25/01/2023,
Masfout,25/01/2023,
Masfout,25/01/2023,
Masfout,25/01/2023,
Masfout,25/01/2023,
Masfout,25/01/2023,
Masfout,25/01/2023,
Masfout,25/01/2023,
Masfout,25/01/2023,
Masfout,25/01/2023,
Masfout,25/01/2023,
Masfout,25/01/2023,
Masfout,26/01/2023,
Masfout,26/01/2023,
Masfout,26/01/2023,
Masfout,26/01/2023,
Masfout,26/01/2023,
Masfout,26/01/2023,
Masfout,26/01/2023,
Masfout,26/01/2023,
Masfout,26/01/2023,
Masfout,26/01/2023,
Masfout,26/01/2023,
Masfout,26/01/2023,
Masfout,26/01/2023,
Masfout,26/01/2023,
Masfout,26/01/2023,
Masfout,26/01/2023,
Masfout,26/01/2023,
Masfout,26/01/2023,
Masfout,26/01/2023,
Masfout,26/01/2023,
Masfout,26/01/2023,
Masfout,26/01/2023,
Masfout,26/01/2023,
Masfout,26/01/2023,
Masfout,27/01/2023,
Masfout,27/01/2023,
Masfout,27/01/2023,
Masfout,27/01/2023,
Masfout,27/01/2023,
Masfout,27/01/2023,
Masfout,27/01/2023,
Masfout,27/01/2023,
Masfout,27/01/2023,
Masfout,27/01/2023,
Masfout,27/01/2023,
Masfout,27/01/2023,
Masfout,27/01/2023,
Masfout,27/01/2023,
Masfout,27/01/2023,
Masfout,27/01/2023,
Masfout,27/01/2023,0.068712
Masfout,27/01/2023,0.160328
Masfout,27/01/2023,0.160328
Masfout,27/01/2023,0.148876
Masfout,27/01/2023,0.148876
Masfout,27/01/2023,0.160328
Masfout,27/01/2023,0.160328
Masfout,27/01/2023,0.148876
Masfout,28/01/2023,0.160328
Masfout,28/01/2023,0.17178
Masfout,28/01/2023,0.160328
Masfout,28/01/2023,0.160328
Masfout,28/01/2023,0.160328
Masfout,28/01/2023,0.160328
Masfout,28/01/2023,0.160328
Masfout,28/01/2023,0.183232
Masfout,28/01/2023,0.17178
Masfout,28/01/2023,0.17178
Masfout,28/01/2023,0.17178
Masfout,28/01/2023,0.148876
Masfout,28/01/2023,0.160328
Masfout,28/01/2023,0.17178
Masfout,28/01/2023,0.194684
Masfout,28/01/2023,0.183232
Masfout,28/01/2023,0.183232
Masfout,28/01/2023,0.2061359999999999
Masfout,28/01/2023,0.22904
Masfout,28/01/2023,0.194684
Masfout,28/01/2023,0.194684
Masfout,28/01/2023,0.2404919999999999
Masfout,28/01/2023,0.251944
Masfout,28/01/2023,0.217588
Masfout,29/01/2023,0.251944
Masfout,29/01/2023,0.194684
Masfout,29/01/2023,0.217588
Masfout,29/01/2023,0.2061359999999999
Masfout,29/01/2023,0.194684
Masfout,29/01/2023,0.194684
Masfout,29/01/2023,0.22904
Masfout,29/01/2023,0.34356
Masfout,29/01/2023,0.2863
Masfout,29/01/2023,0.194684
Masfout,29/01/2023,0.160328
Masfout,29/01/2023,0.148876
Masfout,29/01/2023,0.148876
Masfout,29/01/2023,0.148876
Masfout,29/01/2023,0.17178
Masfout,29/01/2023,0.160328
Masfout,29/01/2023,0.17178
Masfout,29/01/2023,0.183232
Masfout,29/01/2023,0.2061359999999999
Masfout,29/01/2023,0.2061359999999999
Masfout,29/01/2023,0.217588
Masfout,29/01/2023,0.22904
Masfout,29/01/2023,0.251944
Masfout,29/01/2023,0.263396
Masfout,30/01/2023,0.2863
Masfout,30/01/2023,0.297752
Masfout,30/01/2023,0.297752
Masfout,30/01/2023,0.274848
Masfout,30/01/2023,0.251944
Masfout,30/01/2023,0.217588
Masfout,30/01/2023,0.251944
Masfout,30/01/2023,0.3321079999999999
Masfout,30/01/2023,0.4008199999999999
Masfout,30/01/2023,0.183232
Masfout,30/01/2023,0.194684
Masfout,30/01/2023,0.194684
Masfout,30/01/2023,0.217588
Masfout,30/01/2023,0.183232
Masfout,30/01/2023,0.183232
Masfout,30/01/2023,0.183232
Masfout,30/01/2023,0.2061359999999999
Masfout,30/01/2023,0.194684
Masfout,30/01/2023,0.2061359999999999
Masfout,30/01/2023,0.217588
Masfout,30/01/2023,0.22904
Masfout,30/01/2023,0.22904
Masfout,30/01/2023,0.274848
Masfout,30/01/2023,0.297752
Masfout,31/01/2023,0.251944
Masfout,31/01/2023,0.251944
Masfout,31/01/2023,0.251944
Masfout,31/01/2023,0.251944
Masfout,31/01/2023,0.263396
Masfout,31/01/2023,0.263396
Masfout,31/01/2023,0.2863
Masfout,31/01/2023,0.366464
Masfout,31/01/2023,0.320656
Masfout,31/01/2023,0.2863
Masfout,31/01/2023,0.22904
Masfout,31/01/2023,0.194684
Masfout,31/01/2023,0.183232
Masfout,31/01/2023,0.183232
Masfout,31/01/2023,0.217588
Masfout,31/01/2023,0.2061359999999999
Masfout,31/01/2023,0.183232
Masfout,31/01/2023,0.183232
Masfout,31/01/2023,0.17178
Masfout,31/01/2023,0.17178
Masfout,31/01/2023,0.183232
Masfout,31/01/2023,0.17178
Masfout,31/01/2023,0.17178
Masfout,31/01/2023,0.183232
Envi,01/01/2023,2.359112
Envi,01/01/2023,2.46218
Envi,01/01/2023,3.000424
Envi,01/01/2023,3.538668
Envi,01/01/2023,2.97752
Envi,01/01/2023,2.244592
Envi,01/01/2023,2.313304
Envi,01/01/2023,2.370564
Envi,01/01/2023,2.038456
Envi,01/01/2023,1.179556
Envi,01/01/2023,0.7558320000000001
Envi,01/01/2023,0.526792
Envi,01/01/2023,0.45808
Envi,01/01/2023,0.4809839999999999
Envi,01/01/2023,0.526792
Envi,01/01/2023,0.549696
Envi,01/01/2023,0.6756679999999999
Envi,01/01/2023,0.904708
Envi,01/01/2023,1.007776
Envi,01/01/2023,1.2940759999999998
Envi,01/01/2023,1.2711720000000002
Envi,01/01/2023,1.511664
Envi,01/01/2023,1.6032799999999998
Envi,01/01/2023,1.191008
Envi,02/01/2023,0.984872
Envi,02/01/2023,0.8245439999999999
Envi,02/01/2023,0.7901879999999999
Envi,02/01/2023,0.7558320000000001
Envi,02/01/2023,0.6184080000000001
Envi,02/01/2023,0.561148
Envi,02/01/2023,0.97342
Envi,02/01/2023,0.6413120000000001
Envi,02/01/2023,0.8589
Envi,02/01/2023,0.847448
Envi,02/01/2023,0.835996
Envi,02/01/2023,0.6184080000000001
Envi,02/01/2023,0.6298600000000001
Envi,02/01/2023,0.6298600000000001
Envi,02/01/2023,0.5726
Envi,02/01/2023,0.549696
Envi,02/01/2023,0.6184080000000001
Envi,02/01/2023,0.7787360000000001
Envi,02/01/2023,0.950516
Envi,02/01/2023,1.1452
Envi,02/01/2023,0.996324
Envi,02/01/2023,0.961968
Envi,02/01/2023,0.7672840000000001
Envi,02/01/2023,0.698572
Envi,03/01/2023,0.492436
Envi,03/01/2023,0.423724
Envi,03/01/2023,0.366464
Envi,03/01/2023,0.355012
Envi,03/01/2023,0.4809839999999999
Envi,03/01/2023,0.7901879999999999
Envi,03/01/2023,1.225364
Envi,03/01/2023,1.694896
Envi,03/01/2023,1.3169799999999998
Envi,03/01/2023,1.019228
Envi,03/01/2023,0.97342
Envi,03/01/2023,0.8245439999999999
Envi,03/01/2023,0.91616
Envi,03/01/2023,0.8245439999999999
Envi,03/01/2023,0.7558320000000001
Envi,03/01/2023,0.5726
Envi,03/01/2023,0.68712
Envi,03/01/2023,0.710024
Envi,03/01/2023,0.961968
Envi,03/01/2023,0.950516
Envi,03/01/2023,1.076488
Envi,03/01/2023,0.74438
Envi,03/01/2023,0.68712
Envi,03/01/2023,0.847448
Envi,04/01/2023,0.870352
Envi,04/01/2023,0.7558320000000001
Envi,04/01/2023,0.355012
Envi,04/01/2023,0.263396
Envi,04/01/2023,0.2863
Envi,04/01/2023,0.389368
Envi,04/01/2023,0.446628
Envi,04/01/2023,0.732928
Envi,04/01/2023,0.503888
Envi,04/01/2023,0.4695319999999999
Envi,04/01/2023,0.355012
Envi,04/01/2023,0.377916
Envi,04/01/2023,0.377916
Envi,04/01/2023,0.366464
Envi,04/01/2023,0.366464
Envi,04/01/2023,0.561148
Envi,04/01/2023,0.4695319999999999
Envi,04/01/2023,0.5726
Envi,04/01/2023,0.366464
Envi,04/01/2023,0.4008199999999999
Envi,04/01/2023,0.389368
Envi,04/01/2023,0.34356
Envi,04/01/2023,0.309204
Envi,04/01/2023,0.320656
Envi,05/01/2023,0.2404919999999999
Envi,05/01/2023,0.2061359999999999
Envi,05/01/2023,0.194684
Envi,05/01/2023,0.194684
Envi,05/01/2023,0.217588
Envi,05/01/2023,0.2863
Envi,05/01/2023,0.389368
Envi,05/01/2023,0.5726
Envi,05/01/2023,0.4695319999999999
Envi,05/01/2023,0.309204
Envi,05/01/2023,0.251944
Envi,05/01/2023,0.320656
Envi,05/01/2023,0.297752
Envi,05/01/2023,0.320656
Envi,05/01/2023,0.4008199999999999
Envi,05/01/2023,0.8589
Envi,05/01/2023,1.019228
Envi,05/01/2023,1.065036
Envi,05/01/2023,1.099392
Envi,05/01/2023,1.133748
Envi,05/01/2023,1.08794
Envi,05/01/2023,1.03068
Envi,05/01/2023,0.51534
Envi,05/01/2023,0.366464
Envi,06/01/2023,0.251944
Envi,06/01/2023,0.538244
Envi,06/01/2023,0.34356
Envi,06/01/2023,0.297752
Envi,06/01/2023,0.2404919999999999
Envi,06/01/2023,0.355012
Envi,06/01/2023,0.595504
Envi,06/01/2023,0.503888
Envi,06/01/2023,0.595504
Envi,06/01/2023,0.309204
Envi,06/01/2023,0.251944
Envi,06/01/2023,0.274848
Envi,06/01/2023,0.595504
Envi,06/01/2023,0.4008199999999999
Envi,06/01/2023,0.435176
Envi,06/01/2023,0.45808
Envi,06/01/2023,0.423724
Envi,06/01/2023,0.503888
Envi,06/01/2023,0.6298600000000001
Envi,06/01/2023,0.6413120000000001
Envi,06/01/2023,0.595504
Envi,06/01/2023,0.68712
Envi,06/01/2023,0.6527639999999999
Envi,06/01/2023,0.6413120000000001
Envi,07/01/2023,0.6298600000000001
Envi,07/01/2023,0.4695319999999999
Envi,07/01/2023,0.366464
Envi,07/01/2023,0.2404919999999999
Envi,07/01/2023,0.251944
Envi,07/01/2023,0.2061359999999999
Envi,07/01/2023,0.274848
Envi,07/01/2023,0.389368
Envi,07/01/2023,0.355012
Envi,07/01/2023,0.595504
Envi,07/01/2023,0.595504
Envi,07/01/2023,0.5726
Envi,07/01/2023,0.584052
Envi,07/01/2023,0.4122719999999999
Envi,07/01/2023,0.435176
Envi,07/01/2023,0.8245439999999999
Envi,07/01/2023,0.835996
Envi,07/01/2023,0.6642159999999999
Envi,07/01/2023,0.34356
Envi,07/01/2023,0.389368
Envi,07/01/2023,0.503888
Envi,07/01/2023,0.893256
Envi,07/01/2023,0.7558320000000001
Envi,07/01/2023,1.179556
Envi,08/01/2023,1.019228
Envi,08/01/2023,1.156652
Envi,08/01/2023,1.076488
Envi,08/01/2023,1.08794
Envi,08/01/2023,1.2597200000000002
Envi,08/01/2023,1.339884
Envi,08/01/2023,1.37424
Envi,08/01/2023,1.2597200000000002
Envi,08/01/2023,1.042132
Envi,08/01/2023,0.4809839999999999
Envi,08/01/2023,0.297752
Envi,08/01/2023,0.698572
Envi,08/01/2023,0.6184080000000001
Envi,08/01/2023,0.584052
Envi,08/01/2023,0.538244
Envi,08/01/2023,0.492436
Envi,08/01/2023,0.6527639999999999
Envi,08/01/2023,0.996324
Envi,08/01/2023,1.191008
Envi,08/01/2023,1.37424
Envi,08/01/2023,1.2711720000000002
Envi,08/01/2023,1.099392
Envi,08/01/2023,1.076488
Envi,08/01/2023,1.042132
Envi,09/01/2023,0.74438
Envi,09/01/2023,0.584052
Envi,09/01/2023,0.584052
Envi,09/01/2023,0.904708
Envi,09/01/2023,0.961968
Envi,09/01/2023,1.007776
Envi,09/01/2023,1.397144
Envi,09/01/2023,1.454404
Envi,09/01/2023,1.191008
Envi,09/01/2023,0.939064
Envi,09/01/2023,0.584052
Envi,09/01/2023,0.870352
Envi,09/01/2023,0.68712
Envi,09/01/2023,0.68712
Envi,09/01/2023,0.698572
Envi,09/01/2023,0.606956
Envi,09/01/2023,0.7672840000000001
Envi,09/01/2023,0.91616
Envi,09/01/2023,1.065036
Envi,09/01/2023,1.362788
Envi,09/01/2023,0.7672840000000001
Envi,09/01/2023,1.065036
Envi,09/01/2023,0.870352
Envi,09/01/2023,1.2597200000000002
Envi,10/01/2023,0.939064
Envi,10/01/2023,1.007776
Envi,10/01/2023,0.446628
Envi,10/01/2023,0.34356
Envi,10/01/2023,0.4809839999999999
Envi,10/01/2023,0.492436
Envi,10/01/2023,0.606956
Envi,10/01/2023,
Envi,10/01/2023,0.7901879999999999
Envi,10/01/2023,0.45808
Envi,10/01/2023,0.34356
Envi,10/01/2023,0.377916
Envi,10/01/2023,0.3321079999999999
Envi,10/01/2023,0.34356
Envi,10/01/2023,0.263396
Envi,10/01/2023,0.595504
Envi,10/01/2023,0.6756679999999999
Envi,10/01/2023,0.74438
Envi,10/01/2023,0.74438
Envi,10/01/2023,0.710024
Envi,10/01/2023,0.710024
Envi,10/01/2023,0.8016399999999999
Envi,10/01/2023,0.698572
Envi,10/01/2023,0.526792
Envi,11/01/2023,0.366464
Envi,11/01/2023,0.22904
Envi,11/01/2023,0.17178
Envi,11/01/2023,0.11452
Envi,11/01/2023,0.137424
Envi,11/01/2023,0.22904
Envi,11/01/2023,0.595504
Envi,11/01/2023,0.939064
Envi,11/01/2023,0.6413120000000001
Envi,11/01/2023,0.4809839999999999
Envi,11/01/2023,0.4008199999999999
Envi,11/01/2023,0.4008199999999999
Envi,11/01/2023,0.492436
Envi,11/01/2023,0.503888
Envi,11/01/2023,0.561148
Envi,11/01/2023,0.526792
Envi,11/01/2023,0.606956
Envi,11/01/2023,0.6184080000000001
Envi,11/01/2023,0.8016399999999999
Envi,11/01/2023,0.847448
Envi,11/01/2023,0.950516
Envi,11/01/2023,0.6527639999999999
Envi,11/01/2023,0.45808
Envi,11/01/2023,0.7787360000000001
Envi,12/01/2023,0.8589
Envi,12/01/2023,0.7787360000000001
Envi,12/01/2023,0.7672840000000001
Envi,12/01/2023,0.549696
Envi,12/01/2023,0.4809839999999999
Envi,12/01/2023,0.492436
Envi,12/01/2023,0.6642159999999999
Envi,12/01/2023,0.7787360000000001
Envi,12/01/2023,0.939064
Envi,12/01/2023,0.996324
Envi,12/01/2023,0.526792
Envi,12/01/2023,0.584052
Envi,12/01/2023,0.51534
Envi,12/01/2023,0.4695319999999999
Envi,12/01/2023,0.446628
Envi,12/01/2023,0.423724
Envi,12/01/2023,0.4122719999999999
Envi,12/01/2023,0.549696
Envi,12/01/2023,0.74438
Envi,12/01/2023,0.8130919999999999
Envi,12/01/2023,0.503888
Envi,12/01/2023,0.698572
Envi,12/01/2023,0.97342
Envi,12/01/2023,1.179556
Envi,13/01/2023,0.732928
Envi,13/01/2023,0.6413120000000001
Envi,13/01/2023,0.503888
Envi,13/01/2023,0.389368
Envi,13/01/2023,0.355012
Envi,13/01/2023,0.377916
Envi,13/01/2023,0.6298600000000001
Envi,13/01/2023,1.065036
Envi,13/01/2023,0.68712
Envi,13/01/2023,0.6527639999999999
Envi,13/01/2023,0.503888
Envi,13/01/2023,0.6184080000000001
Envi,13/01/2023,0.526792
Envi,13/01/2023,0.4809839999999999
Envi,13/01/2023,0.526792
Envi,13/01/2023,0.526792
Envi,13/01/2023,0.492436
Envi,13/01/2023,0.606956
Envi,13/01/2023,0.74438
Envi,13/01/2023,0.881804
Envi,13/01/2023,0.950516
Envi,13/01/2023,0.904708
Envi,13/01/2023,0.446628
Envi,13/01/2023,0.6756679999999999
Envi,14/01/2023,0.4008199999999999
Envi,14/01/2023,0.355012
Envi,14/01/2023,0.309204
Envi,14/01/2023,0.251944
Envi,14/01/2023,0.263396
Envi,14/01/2023,0.2863
Envi,14/01/2023,0.355012
Envi,14/01/2023,0.377916
Envi,14/01/2023,0.4695319999999999
Envi,14/01/2023,0.45808
Envi,14/01/2023,0.4809839999999999
Envi,14/01/2023,0.561148
Envi,14/01/2023,0.6184080000000001
Envi,14/01/2023,0.5726
Envi,14/01/2023,0.584052
Envi,14/01/2023,0.549696
Envi,14/01/2023,0.6642159999999999
Envi,14/01/2023,0.7558320000000001
Envi,14/01/2023,0.7901879999999999
Envi,14/01/2023,0.961968
Envi,14/01/2023,1.042132
Envi,14/01/2023,0.870352
Envi,14/01/2023,0.961968
Envi,14/01/2023,0.939064
Envi,15/01/2023,0.7901879999999999
Envi,15/01/2023,0.6184080000000001
Envi,15/01/2023,0.698572
Envi,15/01/2023,0.377916
Envi,15/01/2023,0.377916
Envi,15/01/2023,0.2863
Envi,15/01/2023,0.549696
Envi,15/01/2023,0.698572
Envi,15/01/2023,0.606956
Envi,15/01/2023,0.45808
Envi,15/01/2023,0.446628
Envi,15/01/2023,0.538244
Envi,15/01/2023,0.503888
Envi,15/01/2023,0.710024
Envi,15/01/2023,0.435176
Envi,15/01/2023,0.51534
Envi,15/01/2023,0.584052
Envi,15/01/2023,0.881804
Envi,15/01/2023,1.133748
Envi,15/01/2023,1.122296
Envi,15/01/2023,1.5803759999999998
Envi,15/01/2023,1.523116
Envi,15/01/2023,1.935388
Envi,15/01/2023,1.809416
Envi,16/01/2023,1.385692
Envi,16/01/2023,0.984872
Envi,16/01/2023,1.511664
Envi,16/01/2023,1.3169799999999998
Envi,16/01/2023,1.099392
Envi,16/01/2023,1.133748
Envi,16/01/2023,1.3169799999999998
Envi,16/01/2023,2.210236
Envi,16/01/2023,1.706348
Envi,16/01/2023,1.397144
Envi,16/01/2023,0.732928
Envi,16/01/2023,0.710024
Envi,16/01/2023,0.584052
Envi,16/01/2023,0.606956
Envi,16/01/2023,0.51534
Envi,16/01/2023,0.446628
Envi,16/01/2023,0.503888
Envi,16/01/2023,0.7787360000000001
Envi,16/01/2023,0.835996
Envi,16/01/2023,1.053584
Envi,16/01/2023,1.397144
Envi,16/01/2023,1.5689240000000002
Envi,16/01/2023,1.797964
Envi,16/01/2023,1.523116
Envi,17/01/2023,1.408596
Envi,17/01/2023,1.408596
Envi,17/01/2023,0.847448
Envi,17/01/2023,0.698572
Envi,17/01/2023,0.4695319999999999
Envi,17/01/2023,0.446628
Envi,17/01/2023,0.6756679999999999
Envi,17/01/2023,1.2597200000000002
Envi,17/01/2023,0.950516
Envi,17/01/2023,0.606956
Envi,17/01/2023,0.6184080000000001
Envi,17/01/2023,0.45808
Envi,17/01/2023,0.4122719999999999
Envi,17/01/2023,0.7558320000000001
Envi,17/01/2023,0.595504
Envi,17/01/2023,0.595504
Envi,17/01/2023,0.503888
Envi,17/01/2023,0.6298600000000001
Envi,17/01/2023,0.7787360000000001
Envi,17/01/2023,0.97342
Envi,17/01/2023,0.74438
Envi,17/01/2023,0.7558320000000001
Envi,17/01/2023,0.698572
Envi,17/01/2023,0.8245439999999999
Envi,18/01/2023,0.6413120000000001
Envi,18/01/2023,1.042132
Envi,18/01/2023,1.133748
Envi,18/01/2023,0.893256
Envi,18/01/2023,0.435176
Envi,18/01/2023,0.160328
Envi,18/01/2023,0.389368
Envi,18/01/2023,0.6642159999999999
Envi,18/01/2023,0.4809839999999999
Envi,18/01/2023,0.355012
Envi,18/01/2023,0.389368
Envi,18/01/2023,0.377916
Envi,18/01/2023,0.34356
Envi,18/01/2023,0.2863
Envi,18/01/2023,0.355012
Envi,18/01/2023,0.320656
Envi,18/01/2023,0.423724
Envi,18/01/2023,0.561148
Envi,18/01/2023,0.698572
Envi,18/01/2023,0.6184080000000001
Envi,18/01/2023,0.6298600000000001
Envi,18/01/2023,0.595504
Envi,18/01/2023,0.4695319999999999
Envi,18/01/2023,0.446628
Envi,19/01/2023,0.263396
Envi,19/01/2023,0.263396
Envi,19/01/2023,0.125972
Envi,19/01/2023,0.125972
Envi,19/01/2023,0.11452
Envi,19/01/2023,0.2061359999999999
Envi,19/01/2023,0.4809839999999999
Envi,19/01/2023,1.2482680000000002
Envi,19/01/2023,1.007776
Envi,19/01/2023,0.423724
Envi,19/01/2023,0.549696
Envi,19/01/2023,0.446628
Envi,19/01/2023,0.526792
Envi,19/01/2023,0.51534
Envi,19/01/2023,0.45808
Envi,19/01/2023,0.435176
Envi,19/01/2023,0.538244
Envi,19/01/2023,0.51534
Envi,19/01/2023,0.870352
Envi,19/01/2023,1.065036
Envi,19/01/2023,1.465856
Envi,19/01/2023,1.7178
Envi,19/01/2023,1.649088
Envi,19/01/2023,2.06136
Envi,20/01/2023,2.164428
Envi,20/01/2023,2.2904
Envi,20/01/2023,1.958292
Envi,20/01/2023,2.141524
Envi,20/01/2023,1.878128
Envi,20/01/2023,1.076488
Envi,20/01/2023,0.996324
Envi,20/01/2023,1.110844
Envi,20/01/2023,0.893256
Envi,20/01/2023,0.549696
Envi,20/01/2023,0.503888
Envi,20/01/2023,0.3321079999999999
Envi,20/01/2023,0.4008199999999999
Envi,20/01/2023,0.2404919999999999
Envi,20/01/2023,0.274848
Envi,20/01/2023,0.3321079999999999
Envi,20/01/2023,0.389368
Envi,20/01/2023,0.45808
Envi,20/01/2023,0.549696
Envi,20/01/2023,0.710024
Envi,20/01/2023,0.595504
Envi,20/01/2023,0.4122719999999999
Envi,20/01/2023,0.6413120000000001
Envi,20/01/2023,0.4809839999999999
Envi,21/01/2023,0.549696
Envi,21/01/2023,0.6527639999999999
Envi,21/01/2023,0.503888
Envi,21/01/2023,0.538244
Envi,21/01/2023,0.320656
Envi,21/01/2023,0.297752
Envi,21/01/2023,0.710024
Envi,21/01/2023,0.8130919999999999
Envi,21/01/2023,0.7787360000000001
Envi,21/01/2023,0.526792
Envi,21/01/2023,0.194684
Envi,21/01/2023,0.194684
Envi,21/01/2023,0.2061359999999999
Envi,21/01/2023,0.251944
Envi,21/01/2023,0.309204
Envi,21/01/2023,0.423724
Envi,21/01/2023,0.423724
Envi,21/01/2023,0.503888
Envi,21/01/2023,0.6413120000000001
Envi,21/01/2023,0.8589
Envi,21/01/2023,0.423724
Envi,21/01/2023,0.366464
Envi,21/01/2023,0.4008199999999999
Envi,21/01/2023,0.297752
Envi,22/01/2023,1.03068
Envi,22/01/2023,0.309204
Envi,22/01/2023,0.3321079999999999
Envi,22/01/2023,0.2863
Envi,22/01/2023,0.297752
Envi,22/01/2023,0.377916
Envi,22/01/2023,0.721476
Envi,22/01/2023,0.984872
Envi,22/01/2023,0.584052
Envi,22/01/2023,0.320656
Envi,22/01/2023,0.2404919999999999
Envi,22/01/2023,0.274848
Envi,22/01/2023,0.320656
Envi,22/01/2023,0.4695319999999999
Envi,22/01/2023,0.320656
Envi,22/01/2023,0.297752
Envi,22/01/2023,0.355012
Envi,22/01/2023,0.446628
Envi,22/01/2023,0.6298600000000001
Envi,22/01/2023,0.91616
Envi,22/01/2023,0.950516
Envi,22/01/2023,0.389368
Envi,22/01/2023,0.263396
Envi,22/01/2023,0.2404919999999999
Envi,23/01/2023,0.194684
Envi,23/01/2023,0.137424
Envi,23/01/2023,0.11452
Envi,23/01/2023,0.068712
Envi,23/01/2023,0.148876
Envi,23/01/2023,0.2404919999999999
Envi,23/01/2023,0.5726
Envi,23/01/2023,0.584052
Envi,23/01/2023,0.51534
Envi,23/01/2023,0.538244
Envi,23/01/2023,0.263396
Envi,23/01/2023,0.274848
Envi,23/01/2023,0.274848
Envi,23/01/2023,0.423724
Envi,23/01/2023,0.6413120000000001
Envi,23/01/2023,0.435176
Envi,23/01/2023,0.2863
Envi,23/01/2023,0.2863
Envi,23/01/2023,0.2863
Envi,23/01/2023,0.2863
Envi,23/01/2023,0.320656
Envi,23/01/2023,0.2863
Envi,23/01/2023,0.274848
Envi,23/01/2023,0.34356
Envi,24/01/2023,0.2404919999999999
Envi,24/01/2023,0.183232
Envi,24/01/2023,0.2863
Envi,24/01/2023,0.251944
Envi,24/01/2023,0.2061359999999999
Envi,24/01/2023,0.22904
Envi,24/01/2023,0.4695319999999999
Envi,24/01/2023,0.5726
Envi,24/01/2023,0.435176
Envi,24/01/2023,0.366464
Envi,24/01/2023,0.263396
Envi,24/01/2023,0.251944
Envi,24/01/2023,0.22904
Envi,24/01/2023,0.22904
Envi,24/01/2023,0.721476
Envi,24/01/2023,0.4008199999999999
Envi,24/01/2023,0.423724
Envi,24/01/2023,0.549696
Envi,24/01/2023,0.503888
Envi,24/01/2023,0.309204
Envi,24/01/2023,0.2863
Envi,24/01/2023,0.2863
Envi,24/01/2023,0.2863
Envi,24/01/2023,0.251944
Envi,25/01/2023,0.194684
Envi,25/01/2023,0.22904
Envi,25/01/2023,0.2404919999999999
Envi,25/01/2023,0.194684
Envi,25/01/2023,0.2061359999999999
Envi,25/01/2023,0.251944
Envi,25/01/2023,0.274848
Envi,25/01/2023,0.939064
Envi,25/01/2023,0.435176
Envi,25/01/2023,0.377916
Envi,25/01/2023,0.22904
Envi,25/01/2023,0.274848
Envi,25/01/2023,0.251944
Envi,25/01/2023,0.297752
Envi,25/01/2023,0.251944
Envi,25/01/2023,0.194684
Envi,25/01/2023,0.2404919999999999
Envi,25/01/2023,0.274848
Envi,25/01/2023,0.2404919999999999
Envi,25/01/2023,0.251944
Envi,25/01/2023,0.34356
Envi,25/01/2023,0.355012
Envi,25/01/2023,0.355012
Envi,25/01/2023,0.297752
Envi,26/01/2023,0.2061359999999999
Envi,26/01/2023,0.263396
Envi,26/01/2023,0.251944
Envi,26/01/2023,0.217588
Envi,26/01/2023,0.17178
Envi,26/01/2023,0.17178
Envi,26/01/2023,0.320656
Envi,26/01/2023,0.4008199999999999
Envi,26/01/2023,0.377916
Envi,26/01/2023,0.389368
Envi,26/01/2023,0.309204
Envi,26/01/2023,0.584052
Envi,26/01/2023,0.538244
Envi,26/01/2023,0.263396
Envi,26/01/2023,0.320656
Envi,26/01/2023,0.2404919999999999
Envi,26/01/2023,0.2404919999999999
Envi,26/01/2023,0.22904
Envi,26/01/2023,0.389368
Envi,26/01/2023,0.45808
Envi,26/01/2023,0.881804
Envi,26/01/2023,0.549696
Envi,26/01/2023,0.366464
Envi,26/01/2023,0.355012
Envi,27/01/2023,0.320656
Envi,27/01/2023,0.34356
Envi,27/01/2023,0.194684
Envi,27/01/2023,0.11452
Envi,27/01/2023,0.1030679999999999
Envi,27/01/2023,0.125972
Envi,27/01/2023,0.194684
Envi,27/01/2023,0.194684
Envi,27/01/2023,0.251944
Envi,27/01/2023,0.297752
Envi,27/01/2023,0.3321079999999999
Envi,27/01/2023,0.366464
Envi,27/01/2023,0.3321079999999999
Envi,27/01/2023,0.3321079999999999
Envi,27/01/2023,0.7558320000000001
Envi,27/01/2023,0.606956
Envi,27/01/2023,0.561148
Envi,27/01/2023,0.492436
Envi,27/01/2023,0.8016399999999999
Envi,27/01/2023,0.6413120000000001
Envi,27/01/2023,0.91616
Envi,27/01/2023,0.561148
Envi,27/01/2023,0.526792
Envi,27/01/2023,0.5726
Envi,28/01/2023,0.561148
Envi,28/01/2023,0.4122719999999999
Envi,28/01/2023,0.389368
Envi,28/01/2023,0.435176
Envi,28/01/2023,0.423724
Envi,28/01/2023,0.263396
Envi,28/01/2023,0.309204
Envi,28/01/2023,0.835996
Envi,28/01/2023,0.698572
Envi,28/01/2023,0.68712
Envi,28/01/2023,0.6184080000000001
Envi,28/01/2023,0.51534
Envi,28/01/2023,0.4695319999999999
Envi,28/01/2023,0.51534
Envi,28/01/2023,0.4695319999999999
Envi,28/01/2023,0.4695319999999999
Envi,28/01/2023,0.526792
Envi,28/01/2023,0.68712
Envi,28/01/2023,1.339884
Envi,28/01/2023,1.797964
Envi,28/01/2023,0.927612
Envi,28/01/2023,0.584052
Envi,28/01/2023,0.732928
Envi,28/01/2023,0.950516
Envi,29/01/2023,1.076488
Envi,29/01/2023,1.08794
Envi,29/01/2023,0.91616
Envi,29/01/2023,0.881804
Envi,29/01/2023,1.007776
Envi,29/01/2023,0.6184080000000001
Envi,29/01/2023,0.6184080000000001
Envi,29/01/2023,0.6184080000000001
Envi,29/01/2023,0.549696
Envi,29/01/2023,0.8589
Envi,29/01/2023,0.538244
Envi,29/01/2023,0.7672840000000001
Envi,29/01/2023,0.584052
Envi,29/01/2023,0.4695319999999999
Envi,29/01/2023,0.45808
Envi,29/01/2023,0.492436
Envi,29/01/2023,0.606956
Envi,29/01/2023,1.133748
Envi,29/01/2023,1.523116
Envi,29/01/2023,1.923936
Envi,29/01/2023,1.6147319999999998
Envi,29/01/2023,1.94684
Envi,29/01/2023,2.63396
Envi,29/01/2023,2.4736320000000003
Envi,30/01/2023,1.958292
Envi,30/01/2023,1.637636
Envi,30/01/2023,1.465856
Envi,30/01/2023,0.950516
Envi,30/01/2023,0.68712
Envi,30/01/2023,0.6298600000000001
Envi,30/01/2023,1.2711720000000002
Envi,30/01/2023,1.076488
Envi,30/01/2023,0.870352
Envi,30/01/2023,0.8016399999999999
Envi,30/01/2023,0.5726
Envi,30/01/2023,0.710024
Envi,30/01/2023,0.595504
Envi,30/01/2023,0.6413120000000001
Envi,30/01/2023,0.4695319999999999
Envi,30/01/2023,0.698572
Envi,30/01/2023,0.538244
Envi,30/01/2023,0.732928
Envi,30/01/2023,1.213912
Envi,30/01/2023,1.66054
Envi,30/01/2023,1.786512
Envi,30/01/2023,1.981196
Envi,30/01/2023,2.11862
Envi,30/01/2023,1.763608
Envi,31/01/2023,1.408596
Envi,31/01/2023,1.5574720000000002
Envi,31/01/2023,1.339884
Envi,31/01/2023,0.7901879999999999
Envi,31/01/2023,0.984872
Envi,31/01/2023,0.881804
Envi,31/01/2023,0.939064
Envi,31/01/2023,1.133748
Envi,31/01/2023,0.881804
Envi,31/01/2023,0.584052
Envi,31/01/2023,0.4122719999999999
Envi,31/01/2023,0.366464
Envi,31/01/2023,0.355012
Envi,31/01/2023,0.22904
Envi,31/01/2023,0.137424
Envi,31/01/2023,0.183232
Envi,31/01/2023,0.446628
Envi,31/01/2023,0.732928
Envi,31/01/2023,1.03068
Envi,31/01/2023,1.076488
Envi,31/01/2023,1.019228
Envi,31/01/2023,0.4695319999999999
Envi,31/01/2023,0.2863
Envi,31/01/2023,0.2404919999999999
AjmanX,01/01/2023,0.89
AjmanX,01/01/2023,2.92
AjmanX,01/01/2023,2.89
AjmanX,01/01/2023,2.62
AjmanX,01/01/2023,2.84
AjmanX,01/01/2023,2.23
AjmanX,01/01/2023,0.74
AjmanX,01/01/2023,0.4
AjmanX,01/01/2023,0.38
AjmanX,01/01/2023,0.39
AjmanX,01/01/2023,0.4
AjmanX,01/01/2023,0.38
AjmanX,01/01/2023,0.4
AjmanX,01/01/2023,0.48
AjmanX,01/01/2023,0.54
AjmanX,01/01/2023,0.59
AjmanX,01/01/2023,0.66
AjmanX,01/01/2023,0.66
AjmanX,01/01/2023,0.81
AjmanX,01/01/2023,1.75
AjmanX,01/01/2023,1.38
AjmanX,01/01/2023,1.23
AjmanX,01/01/2023,1.27
AjmanX,01/01/2023,1.05
AjmanX,02/01/2023,0.85
AjmanX,02/01/2023,0.85
AjmanX,02/01/2023,1.08
AjmanX,02/01/2023,1.17
AjmanX,02/01/2023,1.25
AjmanX,02/01/2023,1.19
AjmanX,02/01/2023,0.82
AjmanX,02/01/2023,0.61
AjmanX,02/01/2023,0.62
AjmanX,02/01/2023,0.58
AjmanX,02/01/2023,0.6
AjmanX,02/01/2023,0.61
AjmanX,02/01/2023,0.62
AjmanX,02/01/2023,0.58
AjmanX,02/01/2023,0.79
AjmanX,02/01/2023,0.9
AjmanX,02/01/2023,0.98
AjmanX,02/01/2023,1.2
AjmanX,02/01/2023,1.01
AjmanX,02/01/2023,0.74
AjmanX,02/01/2023,0.69
AjmanX,02/01/2023,0.61
AjmanX,02/01/2023,0.5
AjmanX,02/01/2023,0.42
AjmanX,03/01/2023,0.44
AjmanX,03/01/2023,0.63
AjmanX,03/01/2023,0.87
AjmanX,03/01/2023,0.96
AjmanX,03/01/2023,0.84
AjmanX,03/01/2023,0.86
AjmanX,03/01/2023,0.72
AjmanX,03/01/2023,0.48
AjmanX,03/01/2023,0.48
AjmanX,03/01/2023,0.44
AjmanX,03/01/2023,0.46
AjmanX,03/01/2023,0.46
AjmanX,03/01/2023,0.51
AjmanX,03/01/2023,0.48
AjmanX,03/01/2023,0.64
AjmanX,03/01/2023,0.67
AjmanX,03/01/2023,0.88
AjmanX,03/01/2023,0.96
AjmanX,03/01/2023,1.03
AjmanX,03/01/2023,0.79
AjmanX,03/01/2023,0.74
AjmanX,03/01/2023,0.68
AjmanX,03/01/2023,0.61
AjmanX,03/01/2023,0.43
AjmanX,04/01/2023,0.39
AjmanX,04/01/2023,0.54
AjmanX,04/01/2023,0.58
AjmanX,04/01/2023,0.72
AjmanX,04/01/2023,0.65
AjmanX,04/01/2023,0.62
AjmanX,04/01/2023,0.53
AjmanX,04/01/2023,0.49
AjmanX,04/01/2023,0.5
AjmanX,04/01/2023,0.55
AjmanX,04/01/2023,0.56
AjmanX,04/01/2023,0.51
AjmanX,04/01/2023,0.59
AjmanX,04/01/2023,0.57
AjmanX,04/01/2023,0.57
AjmanX,04/01/2023,0.66
AjmanX,04/01/2023,0.68
AjmanX,04/01/2023,0.63
AjmanX,04/01/2023,0.6
AjmanX,04/01/2023,0.54
AjmanX,04/01/2023,0.49
AjmanX,04/01/2023,0.41
AjmanX,04/01/2023,0.41
AjmanX,04/01/2023,0.4
AjmanX,05/01/2023,0.41
AjmanX,05/01/2023,0.48
AjmanX,05/01/2023,0.58
AjmanX,05/01/2023,0.68
AjmanX,05/01/2023,0.72
AjmanX,05/01/2023,0.61
AjmanX,05/01/2023,0.56
AjmanX,05/01/2023,0.57
AjmanX,05/01/2023,0.59
AjmanX,05/01/2023,0.62
AjmanX,05/01/2023,0.59
AjmanX,05/01/2023,0.54
AjmanX,05/01/2023,0.54
AjmanX,05/01/2023,0.62
AjmanX,05/01/2023,0.85
AjmanX,05/01/2023,1.0
AjmanX,05/01/2023,1.14
AjmanX,05/01/2023,1.13
AjmanX,05/01/2023,0.94
AjmanX,05/01/2023,0.85
AjmanX,05/01/2023,0.8
AjmanX,05/01/2023,0.81
AjmanX,05/01/2023,0.81
AjmanX,05/01/2023,0.7
AjmanX,06/01/2023,0.73
AjmanX,06/01/2023,0.79
AjmanX,06/01/2023,0.85
AjmanX,06/01/2023,1.22
AjmanX,06/01/2023,1.02
AjmanX,06/01/2023,0.86
AjmanX,06/01/2023,0.86
AjmanX,06/01/2023,0.92
AjmanX,06/01/2023,0.96
AjmanX,06/01/2023,0.81
AjmanX,06/01/2023,0.86
AjmanX,06/01/2023,0.84
AjmanX,06/01/2023,0.82
AjmanX,06/01/2023,0.87
AjmanX,06/01/2023,0.96
AjmanX,06/01/2023,0.93
AjmanX,06/01/2023,0.92
AjmanX,06/01/2023,1.0
AjmanX,06/01/2023,1.07
AjmanX,06/01/2023,1.05
AjmanX,06/01/2023,0.97
AjmanX,06/01/2023,0.96
AjmanX,06/01/2023,0.94
AjmanX,06/01/2023,0.91
AjmanX,07/01/2023,0.88
AjmanX,07/01/2023,0.89
AjmanX,07/01/2023,0.9
AjmanX,07/01/2023,1.09
AjmanX,07/01/2023,1.12
AjmanX,07/01/2023,1.23
AjmanX,07/01/2023,1.08
AjmanX,07/01/2023,1.12
AjmanX,07/01/2023,1.01
AjmanX,07/01/2023,1.0
AjmanX,07/01/2023,0.96
AjmanX,07/01/2023,1.0
AjmanX,07/01/2023,1.12
AjmanX,07/01/2023,1.26
AjmanX,07/01/2023,1.3
AjmanX,07/01/2023,1.41
AjmanX,07/01/2023,1.66
AjmanX,07/01/2023,1.82
AjmanX,07/01/2023,2.18
AjmanX,07/01/2023,2.18
AjmanX,07/01/2023,1.7
AjmanX,07/01/2023,1.65
AjmanX,07/01/2023,1.81
AjmanX,07/01/2023,2.2
AjmanX,08/01/2023,2.09
AjmanX,08/01/2023,1.78
AjmanX,08/01/2023,1.99
AjmanX,08/01/2023,2.29
AjmanX,08/01/2023,2.0
AjmanX,08/01/2023,1.58
AjmanX,08/01/2023,1.19
AjmanX,08/01/2023,1.08
AjmanX,08/01/2023,1.0
AjmanX,08/01/2023,0.99
AjmanX,08/01/2023,0.94
AjmanX,08/01/2023,0.9
AjmanX,08/01/2023,0.92
AjmanX,08/01/2023,0.96
AjmanX,08/01/2023,0.99
AjmanX,08/01/2023,1.03
AjmanX,08/01/2023,1.0
AjmanX,08/01/2023,0.99
AjmanX,08/01/2023,0.97
AjmanX,08/01/2023,0.98
AjmanX,08/01/2023,0.91
AjmanX,08/01/2023,0.87
AjmanX,08/01/2023,0.81
AjmanX,08/01/2023,0.82
AjmanX,09/01/2023,0.89
AjmanX,09/01/2023,1.65
AjmanX,09/01/2023,2.13
AjmanX,09/01/2023,2.53
AjmanX,09/01/2023,2.18
AjmanX,09/01/2023,1.68
AjmanX,09/01/2023,1.35
AjmanX,09/01/2023,1.01
AjmanX,09/01/2023,1.0
AjmanX,09/01/2023,1.01
AjmanX,09/01/2023,1.07
AjmanX,09/01/2023,0.98
AjmanX,09/01/2023,0.96
AjmanX,09/01/2023,1.03
AjmanX,09/01/2023,1.07
AjmanX,09/01/2023,1.22
AjmanX,09/01/2023,1.52
AjmanX,09/01/2023,1.53
AjmanX,09/01/2023,1.52
AjmanX,09/01/2023,1.4
AjmanX,09/01/2023,1.35
AjmanX,09/01/2023,1.31
AjmanX,09/01/2023,1.08
AjmanX,09/01/2023,1.02
AjmanX,10/01/2023,1.06
AjmanX,10/01/2023,1.16
AjmanX,10/01/2023,1.3
AjmanX,10/01/2023,1.33
AjmanX,10/01/2023,1.39
AjmanX,10/01/2023,1.13
AjmanX,10/01/2023,1.06
AjmanX,10/01/2023,1.04
AjmanX,10/01/2023,1.03
AjmanX,10/01/2023,1.04
AjmanX,10/01/2023,1.0
AjmanX,10/01/2023,0.97
AjmanX,10/01/2023,0.94
AjmanX,10/01/2023,0.98
AjmanX,10/01/2023,0.99
AjmanX,10/01/2023,1.03
AjmanX,10/01/2023,1.01
AjmanX,10/01/2023,1.03
AjmanX,10/01/2023,1.02
AjmanX,10/01/2023,0.98
AjmanX,10/01/2023,0.93
AjmanX,10/01/2023,0.91
AjmanX,10/01/2023,0.9
AjmanX,10/01/2023,0.88
AjmanX,11/01/2023,0.88
AjmanX,11/01/2023,0.89
AjmanX,11/01/2023,0.91
AjmanX,11/01/2023,0.92
AjmanX,11/01/2023,0.9
AjmanX,11/01/2023,0.89
AjmanX,11/01/2023,0.87
AjmanX,11/01/2023,0.87
AjmanX,11/01/2023,0.84
AjmanX,11/01/2023,0.84
AjmanX,11/01/2023,0.86
AjmanX,11/01/2023,0.83
AjmanX,11/01/2023,0.84
AjmanX,11/01/2023,0.85
AjmanX,11/01/2023,0.85
AjmanX,11/01/2023,0.85
AjmanX,11/01/2023,0.88
AjmanX,11/01/2023,0.89
AjmanX,11/01/2023,0.86
AjmanX,11/01/2023,0.82
AjmanX,11/01/2023,0.92
AjmanX,11/01/2023,1.25
AjmanX,11/01/2023,1.62
AjmanX,11/01/2023,1.25
AjmanX,12/01/2023,1.04
AjmanX,12/01/2023,1.08
AjmanX,12/01/2023,1.3
AjmanX,12/01/2023,1.52
AjmanX,12/01/2023,1.68
AjmanX,12/01/2023,1.11
AjmanX,12/01/2023,0.85
AjmanX,12/01/2023,0.79
AjmanX,12/01/2023,0.79
AjmanX,12/01/2023,0.81
AjmanX,12/01/2023,0.76
AjmanX,12/01/2023,0.76
AjmanX,12/01/2023,0.76
AjmanX,12/01/2023,0.78
AjmanX,12/01/2023,0.83
AjmanX,12/01/2023,1.03
AjmanX,12/01/2023,1.02
AjmanX,12/01/2023,1.15
AjmanX,12/01/2023,1.09
AjmanX,12/01/2023,1.16
AjmanX,12/01/2023,1.11
AjmanX,12/01/2023,1.05
AjmanX,12/01/2023,0.9
AjmanX,12/01/2023,0.75
AjmanX,13/01/2023,0.78
AjmanX,13/01/2023,0.82
AjmanX,13/01/2023,0.83
AjmanX,13/01/2023,1.05
AjmanX,13/01/2023,0.91
AjmanX,13/01/2023,0.78
AjmanX,13/01/2023,0.73
AjmanX,13/01/2023,0.79
AjmanX,13/01/2023,0.72
AjmanX,13/01/2023,0.68
AjmanX,13/01/2023,0.69
AjmanX,13/01/2023,0.7
AjmanX,13/01/2023,0.71
AjmanX,13/01/2023,0.8
AjmanX,13/01/2023,0.85
AjmanX,13/01/2023,0.93
AjmanX,13/01/2023,1.11
AjmanX,13/01/2023,1.01
AjmanX,13/01/2023,0.99
AjmanX,13/01/2023,0.99
AjmanX,13/01/2023,1.01
AjmanX,13/01/2023,0.99
AjmanX,13/01/2023,0.83
AjmanX,13/01/2023,0.78
AjmanX,14/01/2023,0.75
AjmanX,14/01/2023,0.8
AjmanX,14/01/2023,0.84
AjmanX,14/01/2023,0.92
AjmanX,14/01/2023,0.92
AjmanX,14/01/2023,0.9
AjmanX,14/01/2023,0.87
AjmanX,14/01/2023,0.83
AjmanX,14/01/2023,0.84
AjmanX,14/01/2023,0.82
AjmanX,14/01/2023,0.78
AjmanX,14/01/2023,0.8
AjmanX,14/01/2023,0.87
AjmanX,14/01/2023,0.9
AjmanX,14/01/2023,1.0
AjmanX,14/01/2023,1.11
AjmanX,14/01/2023,1.23
AjmanX,14/01/2023,1.25
AjmanX,14/01/2023,1.27
AjmanX,14/01/2023,1.44
AjmanX,14/01/2023,1.27
AjmanX,14/01/2023,1.28
AjmanX,14/01/2023,1.44
AjmanX,14/01/2023,1.02
AjmanX,15/01/2023,1.0
AjmanX,15/01/2023,0.96
AjmanX,15/01/2023,1.02
AjmanX,15/01/2023,1.26
AjmanX,15/01/2023,1.28
AjmanX,15/01/2023,1.34
AjmanX,15/01/2023,1.18
AjmanX,15/01/2023,1.07
AjmanX,15/01/2023,1.0
AjmanX,15/01/2023,1.05
AjmanX,15/01/2023,0.98
AjmanX,15/01/2023,1.02
AjmanX,15/01/2023,1.1
AjmanX,15/01/2023,1.17
AjmanX,15/01/2023,1.28
AjmanX,15/01/2023,1.66
AjmanX,15/01/2023,1.86
AjmanX,15/01/2023,1.9
AjmanX,15/01/2023,2.09
AjmanX,15/01/2023,2.0
AjmanX,15/01/2023,2.28
AjmanX,15/01/2023,2.13
AjmanX,15/01/2023,1.76
AjmanX,15/01/2023,2.03
AjmanX,16/01/2023,2.31
AjmanX,16/01/2023,2.54
AjmanX,16/01/2023,2.29
AjmanX,16/01/2023,2.95
AjmanX,16/01/2023,3.05
AjmanX,16/01/2023,2.4
AjmanX,16/01/2023,1.3
AjmanX,16/01/2023,1.22
AjmanX,16/01/2023,1.26
AjmanX,16/01/2023,1.31
AjmanX,16/01/2023,1.36
AjmanX,16/01/2023,1.35
AjmanX,16/01/2023,1.33
AjmanX,16/01/2023,1.36
AjmanX,16/01/2023,1.57
AjmanX,16/01/2023,1.61
AjmanX,16/01/2023,1.81
AjmanX,16/01/2023,1.86
AjmanX,16/01/2023,2.2
AjmanX,16/01/2023,2.53
AjmanX,16/01/2023,2.32
AjmanX,16/01/2023,2.37
AjmanX,16/01/2023,2.66
AjmanX,16/01/2023,1.81
AjmanX,17/01/2023,1.61
AjmanX,17/01/2023,1.6
AjmanX,17/01/2023,1.95
AjmanX,17/01/2023,2.04
AjmanX,17/01/2023,2.01
AjmanX,17/01/2023,1.74
AjmanX,17/01/2023,1.7
AjmanX,17/01/2023,1.45
AjmanX,17/01/2023,1.43
AjmanX,17/01/2023,1.38
AjmanX,17/01/2023,1.43
AjmanX,17/01/2023,1.43
AjmanX,17/01/2023,1.4
AjmanX,17/01/2023,1.41
AjmanX,17/01/2023,1.52
AjmanX,17/01/2023,1.8
AjmanX,17/01/2023,1.93
AjmanX,17/01/2023,2.14
AjmanX,17/01/2023,2.02
AjmanX,17/01/2023,1.85
AjmanX,17/01/2023,1.71
AjmanX,17/01/2023,1.93
AjmanX,17/01/2023,1.95
AjmanX,17/01/2023,1.47
AjmanX,18/01/2023,1.32
AjmanX,18/01/2023,1.33
AjmanX,18/01/2023,1.36
AjmanX,18/01/2023,1.34
AjmanX,18/01/2023,1.32
AjmanX,18/01/2023,1.29
AjmanX,18/01/2023,1.29
AjmanX,18/01/2023,1.27
AjmanX,18/01/2023,1.25
AjmanX,18/01/2023,1.23
AjmanX,18/01/2023,1.25
AjmanX,18/01/2023,1.21
AjmanX,18/01/2023,1.21
AjmanX,18/01/2023,1.22
AjmanX,18/01/2023,1.22
AjmanX,18/01/2023,1.22
AjmanX,18/01/2023,1.22
AjmanX,18/01/2023,1.22
AjmanX,18/01/2023,1.2
AjmanX,18/01/2023,1.2
AjmanX,18/01/2023,1.19
AjmanX,18/01/2023,1.16
AjmanX,18/01/2023,1.16
AjmanX,18/01/2023,1.14
AjmanX,19/01/2023,1.15
AjmanX,19/01/2023,1.16
AjmanX,19/01/2023,1.22
AjmanX,19/01/2023,1.37
AjmanX,19/01/2023,1.41
AjmanX,19/01/2023,1.19
AjmanX,19/01/2023,1.19
AjmanX,19/01/2023,5.04
AjmanX,19/01/2023,0.75
AjmanX,19/01/2023,0.78
AjmanX,19/01/2023,0.79
AjmanX,19/01/2023,0.8
AjmanX,19/01/2023,0.79
AjmanX,19/01/2023,0.79
AjmanX,19/01/2023,0.81
AjmanX,19/01/2023,0.86
AjmanX,19/01/2023,0.89
AjmanX,19/01/2023,0.91
AjmanX,19/01/2023,0.94
AjmanX,19/01/2023,0.99
AjmanX,19/01/2023,1.06
AjmanX,19/01/2023,1.14
AjmanX,19/01/2023,1.19
AjmanX,19/01/2023,1.21
AjmanX,20/01/2023,1.23
AjmanX,20/01/2023,1.27
AjmanX,20/01/2023,1.3
AjmanX,20/01/2023,1.31
AjmanX,20/01/2023,1.32
AjmanX,20/01/2023,1.27
AjmanX,20/01/2023,1.16
AjmanX,20/01/2023,1.07
AjmanX,20/01/2023,1.02
AjmanX,20/01/2023,0.95
AjmanX,20/01/2023,0.89
AjmanX,20/01/2023,0.84
AjmanX,20/01/2023,0.81
AjmanX,20/01/2023,0.79
AjmanX,20/01/2023,0.79
AjmanX,20/01/2023,0.8
AjmanX,20/01/2023,0.83
AjmanX,20/01/2023,0.87
AjmanX,20/01/2023,0.91
AjmanX,20/01/2023,0.95
AjmanX,20/01/2023,0.94
AjmanX,20/01/2023,0.94
AjmanX,20/01/2023,0.93
AjmanX,20/01/2023,0.9
AjmanX,21/01/2023,0.87
AjmanX,21/01/2023,0.85
AjmanX,21/01/2023,0.84
AjmanX,21/01/2023,0.86
AjmanX,21/01/2023,0.91
AjmanX,21/01/2023,0.9
AjmanX,21/01/2023,0.87
AjmanX,21/01/2023,0.84
AjmanX,21/01/2023,0.8
AjmanX,21/01/2023,0.79
AjmanX,21/01/2023,0.78
AjmanX,21/01/2023,0.77
AjmanX,21/01/2023,0.76
AjmanX,21/01/2023,0.76
AjmanX,21/01/2023,0.77
AjmanX,21/01/2023,0.79
AjmanX,21/01/2023,0.85
AjmanX,21/01/2023,0.9
AjmanX,21/01/2023,0.92
AjmanX,21/01/2023,0.94
AjmanX,21/01/2023,0.95
AjmanX,21/01/2023,0.93
AjmanX,21/01/2023,0.92
AjmanX,21/01/2023,0.9
AjmanX,22/01/2023,0.88
AjmanX,22/01/2023,0.88
AjmanX,22/01/2023,0.91
AjmanX,22/01/2023,0.92
AjmanX,22/01/2023,0.95
AjmanX,22/01/2023,0.96
AjmanX,22/01/2023,0.94
AjmanX,22/01/2023,0.91
AjmanX,22/01/2023,0.89
AjmanX,22/01/2023,0.87
AjmanX,22/01/2023,0.85
AjmanX,22/01/2023,0.84
AjmanX,22/01/2023,0.82
AjmanX,22/01/2023,0.82
AjmanX,22/01/2023,0.82
AjmanX,22/01/2023,0.84
AjmanX,22/01/2023,0.89
AjmanX,22/01/2023,0.98
AjmanX,22/01/2023,1.01
AjmanX,22/01/2023,1.01
AjmanX,22/01/2023,0.99
AjmanX,22/01/2023,0.96
AjmanX,22/01/2023,0.93
AjmanX,22/01/2023,0.9
AjmanX,23/01/2023,0.88
AjmanX,23/01/2023,0.87
AjmanX,23/01/2023,0.88
AjmanX,23/01/2023,0.9
AjmanX,23/01/2023,0.94
AjmanX,23/01/2023,0.97
AjmanX,23/01/2023,0.95
AjmanX,23/01/2023,0.93
AjmanX,23/01/2023,0.92
AjmanX,23/01/2023,0.92
AjmanX,23/01/2023,0.93
AjmanX,23/01/2023,0.97
AjmanX,23/01/2023,0.99
AjmanX,23/01/2023,0.98
AjmanX,23/01/2023,0.98
AjmanX,23/01/2023,0.99
AjmanX,23/01/2023,0.99
AjmanX,23/01/2023,1.01
AjmanX,23/01/2023,1.02
AjmanX,23/01/2023,1.03
AjmanX,23/01/2023,1.06
AjmanX,23/01/2023,1.07
AjmanX,23/01/2023,1.05
AjmanX,23/01/2023,1.02
AjmanX,24/01/2023,1.01
AjmanX,24/01/2023,0.99
AjmanX,24/01/2023,1.0
AjmanX,24/01/2023,1.04
AjmanX,24/01/2023,1.05
AjmanX,24/01/2023,1.05
AjmanX,24/01/2023,1.03
AjmanX,24/01/2023,1.02
AjmanX,24/01/2023,0.99
AjmanX,24/01/2023,1.01
AjmanX,24/01/2023,1.01
AjmanX,24/01/2023,1.02
AjmanX,24/01/2023,1.02
AjmanX,24/01/2023,1.02
AjmanX,24/01/2023,1.03
AjmanX,24/01/2023,1.05
AjmanX,24/01/2023,1.06
AjmanX,24/01/2023,1.1
AjmanX,24/01/2023,1.11
AjmanX,24/01/2023,1.11
AjmanX,24/01/2023,1.11
AjmanX,24/01/2023,1.09
AjmanX,24/01/2023,1.07
AjmanX,24/01/2023,1.05
AjmanX,25/01/2023,1.03
AjmanX,25/01/2023,1.02
AjmanX,25/01/2023,1.02
AjmanX,25/01/2023,1.08
AjmanX,25/01/2023,1.11
AjmanX,25/01/2023,1.12
AjmanX,25/01/2023,1.12
AjmanX,25/01/2023,1.1
AjmanX,25/01/2023,1.08
AjmanX,25/01/2023,1.08
AjmanX,25/01/2023,1.1
AjmanX,25/01/2023,1.1
AjmanX,25/01/2023,1.09
AjmanX,25/01/2023,1.09
AjmanX,25/01/2023,1.1
AjmanX,25/01/2023,1.11
AjmanX,25/01/2023,1.11
AjmanX,25/01/2023,1.12
AjmanX,25/01/2023,1.14
AjmanX,25/01/2023,1.14
AjmanX,25/01/2023,1.13
AjmanX,25/01/2023,1.12
AjmanX,25/01/2023,1.11
AjmanX,25/01/2023,1.1
AjmanX,26/01/2023,1.08
AjmanX,26/01/2023,1.08
AjmanX,26/01/2023,1.08
AjmanX,26/01/2023,1.1
AjmanX,26/01/2023,1.13
AjmanX,26/01/2023,1.13
AjmanX,26/01/2023,1.17
AjmanX,26/01/2023,1.18
AjmanX,26/01/2023,1.21
AjmanX,26/01/2023,1.21
AjmanX,26/01/2023,1.2
AjmanX,26/01/2023,1.22
AjmanX,26/01/2023,1.24
AjmanX,26/01/2023,1.25
AjmanX,26/01/2023,1.25
AjmanX,26/01/2023,1.27
AjmanX,26/01/2023,1.28
AjmanX,26/01/2023,1.28
AjmanX,26/01/2023,1.25
AjmanX,26/01/2023,1.24
AjmanX,26/01/2023,1.23
AjmanX,26/01/2023,1.21
AjmanX,26/01/2023,1.18
AjmanX,26/01/2023,1.17
AjmanX,27/01/2023,
AjmanX,27/01/2023,
AjmanX,27/01/2023,
AjmanX,27/01/2023,
AjmanX,27/01/2023,
AjmanX,27/01/2023,
AjmanX,27/01/2023,
AjmanX,27/01/2023,
AjmanX,27/01/2023,
AjmanX,27/01/2023,
AjmanX,27/01/2023,
AjmanX,27/01/2023,
AjmanX,27/01/2023,
AjmanX,27/01/2023,
AjmanX,27/01/2023,
AjmanX,27/01/2023,
AjmanX,27/01/2023,
AjmanX,27/01/2023,
AjmanX,27/01/2023,
AjmanX,27/01/2023,
AjmanX,27/01/2023,
AjmanX,27/01/2023,
AjmanX,27/01/2023,
AjmanX,27/01/2023,
AjmanX,28/01/2023,1.25
AjmanX,28/01/2023,1.23
AjmanX,28/01/2023,1.21
AjmanX,28/01/2023,1.22
AjmanX,28/01/2023,1.25
AjmanX,28/01/2023,1.26
AjmanX,28/01/2023,1.24
AjmanX,28/01/2023,1.22
AjmanX,28/01/2023,1.21
AjmanX,28/01/2023,1.21
AjmanX,28/01/2023,1.2
AjmanX,28/01/2023,1.18
AjmanX,28/01/2023,1.17
AjmanX,28/01/2023,1.18
AjmanX,28/01/2023,1.18
AjmanX,28/01/2023,1.19
AjmanX,28/01/2023,1.21
AjmanX,28/01/2023,1.28
AjmanX,28/01/2023,1.33
AjmanX,28/01/2023,1.41
AjmanX,28/01/2023,1.5
AjmanX,28/01/2023,1.57
AjmanX,28/01/2023,1.6
AjmanX,28/01/2023,1.6
AjmanX,29/01/2023,1.56
AjmanX,29/01/2023,1.53
AjmanX,29/01/2023,1.5
AjmanX,29/01/2023,1.49
AjmanX,29/01/2023,1.5
AjmanX,29/01/2023,1.49
AjmanX,29/01/2023,1.46
AjmanX,29/01/2023,1.41
AjmanX,29/01/2023,1.34
AjmanX,29/01/2023,1.28
AjmanX,29/01/2023,1.23
AjmanX,29/01/2023,1.2
AjmanX,29/01/2023,1.16
AjmanX,29/01/2023,1.15
AjmanX,29/01/2023,1.16
AjmanX,29/01/2023,1.17
AjmanX,29/01/2023,1.18
AjmanX,29/01/2023,1.18
AjmanX,29/01/2023,1.24
AjmanX,29/01/2023,1.48
AjmanX,29/01/2023,1.88
AjmanX,29/01/2023,2.15
AjmanX,29/01/2023,2.15
AjmanX,29/01/2023,2.05
AjmanX,30/01/2023,1.94
AjmanX,30/01/2023,1.81
AjmanX,30/01/2023,1.72
AjmanX,30/01/2023,1.69
AjmanX,30/01/2023,1.71
AjmanX,30/01/2023,1.73
AjmanX,30/01/2023,1.71
AjmanX,30/01/2023,1.63
AjmanX,30/01/2023,1.52
AjmanX,30/01/2023,1.43
AjmanX,30/01/2023,1.36
AjmanX,30/01/2023,1.3
AjmanX,30/01/2023,1.26
AjmanX,30/01/2023,1.23
AjmanX,30/01/2023,1.23
AjmanX,30/01/2023,1.24
AjmanX,30/01/2023,1.26
AjmanX,30/01/2023,1.43
AjmanX,30/01/2023,1.55
AjmanX,30/01/2023,1.66
AjmanX,30/01/2023,1.75
AjmanX,30/01/2023,1.81
AjmanX,30/01/2023,1.81
AjmanX,30/01/2023,1.77
AjmanX,31/01/2023,1.8
AjmanX,31/01/2023,1.79
AjmanX,31/01/2023,1.85
AjmanX,31/01/2023,1.91
AjmanX,31/01/2023,1.92
AjmanX,31/01/2023,1.73
AjmanX,31/01/2023,1.67
AjmanX,31/01/2023,1.65
AjmanX,31/01/2023,1.6
AjmanX,31/01/2023,1.54
AjmanX,31/01/2023,1.49
AjmanX,31/01/2023,1.48
AjmanX,31/01/2023,1.44
AjmanX,31/01/2023,1.41
AjmanX,31/01/2023,1.4
AjmanX,31/01/2023,1.42
AjmanX,31/01/2023,1.46
AjmanX,31/01/2023,1.54
AjmanX,31/01/2023,1.59
AjmanX,31/01/2023,1.57
AjmanX,31/01/2023,1.52
AjmanX,31/01/2023,1.49
AjmanX,31/01/2023,
AjmanX,31/01/2023,1.37
Manama,01/01/2023,0.26
Manama,01/01/2023,0.26
Manama,01/01/2023,0.31
Manama,01/01/2023,0.37
Manama,01/01/2023,0.36
Manama,01/01/2023,0.2
Manama,01/01/2023,0.17
Manama,01/01/2023,0.13
Manama,01/01/2023,0.11
Manama,01/01/2023,0.1
Manama,01/01/2023,0.15
Manama,01/01/2023,0.16
Manama,01/01/2023,0.17
Manama,01/01/2023,0.16
Manama,01/01/2023,0.18
Manama,01/01/2023,0.16
Manama,01/01/2023,0.39
Manama,01/01/2023,0.71
Manama,01/01/2023,0.51
Manama,01/01/2023,0.68
Manama,01/01/2023,0.41
Manama,01/01/2023,0.36
Manama,01/01/2023,0.28
Manama,01/01/2023,0.28
Manama,02/01/2023,0.24
Manama,02/01/2023,0.27
Manama,02/01/2023,0.47
Manama,02/01/2023,0.64
Manama,02/01/2023,0.46
Manama,02/01/2023,0.18
Manama,02/01/2023,0.13
Manama,02/01/2023,0.13
Manama,02/01/2023,0.13
Manama,02/01/2023,0.14
Manama,02/01/2023,0.19
Manama,02/01/2023,0.2
Manama,02/01/2023,0.19
Manama,02/01/2023,0.21
Manama,02/01/2023,0.32
Manama,02/01/2023,0.27
Manama,02/01/2023,0.13
Manama,02/01/2023,0.2
Manama,02/01/2023,0.35
Manama,02/01/2023,0.32
Manama,02/01/2023,0.09
Manama,02/01/2023,0.12
Manama,02/01/2023,0.2
Manama,02/01/2023,0.17
Manama,03/01/2023,0.18
Manama,03/01/2023,0.2
Manama,03/01/2023,0.38
Manama,03/01/2023,0.43
Manama,03/01/2023,0.37
Manama,03/01/2023,0.26
Manama,03/01/2023,0.19
Manama,03/01/2023,0.16
Manama,03/01/2023,0.13
Manama,03/01/2023,0.15
Manama,03/01/2023,0.21
Manama,03/01/2023,0.23
Manama,03/01/2023,0.25
Manama,03/01/2023,0.24
Manama,03/01/2023,0.23
Manama,03/01/2023,0.19
Manama,03/01/2023,0.15
Manama,03/01/2023,0.14
Manama,03/01/2023,0.2
Manama,03/01/2023,0.21
Manama,03/01/2023,0.13
Manama,03/01/2023,0.19
Manama,03/01/2023,0.22
Manama,03/01/2023,0.19
Manama,04/01/2023,0.18
Manama,04/01/2023,0.21
Manama,04/01/2023,0.24
Manama,04/01/2023,0.33
Manama,04/01/2023,0.19
Manama,04/01/2023,0.11
Manama,04/01/2023,0.11
Manama,04/01/2023,0.1
Manama,04/01/2023,0.1
Manama,04/01/2023,0.1
Manama,04/01/2023,0.15
Manama,04/01/2023,0.16
Manama,04/01/2023,0.18
Manama,04/01/2023,0.18
Manama,04/01/2023,0.17
Manama,04/01/2023,0.12
Manama,04/01/2023,0.1
Manama,04/01/2023,0.11
Manama,04/01/2023,0.12
Manama,04/01/2023,0.14
Manama,04/01/2023,0.14
Manama,04/01/2023,0.18
Manama,04/01/2023,0.2
Manama,04/01/2023,0.19
Manama,05/01/2023,0.19
Manama,05/01/2023,0.21
Manama,05/01/2023,0.21
Manama,05/01/2023,0.23
Manama,05/01/2023,0.18
Manama,05/01/2023,0.16
Manama,05/01/2023,0.17
Manama,05/01/2023,0.14
Manama,05/01/2023,0.12
Manama,05/01/2023,0.13
Manama,05/01/2023,0.19
Manama,05/01/2023,0.21
Manama,05/01/2023,0.22
Manama,05/01/2023,0.26
Manama,05/01/2023,0.26
Manama,05/01/2023,0.23
Manama,05/01/2023,0.22
Manama,05/01/2023,0.24
Manama,05/01/2023,0.3
Manama,05/01/2023,0.23
Manama,05/01/2023,0.19
Manama,05/01/2023,0.24
Manama,05/01/2023,0.26
Manama,05/01/2023,0.26
Manama,06/01/2023,0.28
Manama,06/01/2023,0.27
Manama,06/01/2023,0.31
Manama,06/01/2023,0.24
Manama,06/01/2023,0.23
Manama,06/01/2023,0.24
Manama,06/01/2023,0.22
Manama,06/01/2023,0.21
Manama,06/01/2023,0.2
Manama,06/01/2023,0.21
Manama,06/01/2023,0.3
Manama,06/01/2023,0.34
Manama,06/01/2023,0.31
Manama,06/01/2023,0.3
Manama,06/01/2023,0.31
Manama,06/01/2023,0.28
Manama,06/01/2023,0.3
Manama,06/01/2023,0.31
Manama,06/01/2023,0.31
Manama,06/01/2023,0.3
Manama,06/01/2023,0.47
Manama,06/01/2023,0.5
Manama,06/01/2023,0.4
Manama,06/01/2023,0.3
Manama,07/01/2023,0.28
Manama,07/01/2023,0.31
Manama,07/01/2023,0.29
Manama,07/01/2023,0.28
Manama,07/01/2023,0.27
Manama,07/01/2023,0.3
Manama,07/01/2023,0.28
Manama,07/01/2023,0.26
Manama,07/01/2023,0.24
Manama,07/01/2023,0.24
Manama,07/01/2023,0.29
Manama,07/01/2023,0.28
Manama,07/01/2023,0.3
Manama,07/01/2023,0.39
Manama,07/01/2023,0.39
Manama,07/01/2023,0.34
Manama,07/01/2023,0.32
Manama,07/01/2023,0.28
Manama,07/01/2023,0.53
Manama,07/01/2023,0.46
Manama,07/01/2023,0.27
Manama,07/01/2023,0.46
Manama,07/01/2023,0.41
Manama,07/01/2023,0.4
Manama,08/01/2023,0.35
Manama,08/01/2023,0.37
Manama,08/01/2023,0.35
Manama,08/01/2023,0.46
Manama,08/01/2023,0.5
Manama,08/01/2023,0.27
Manama,08/01/2023,0.22
Manama,08/01/2023,0.2
Manama,08/01/2023,0.19
Manama,08/01/2023,0.2
Manama,08/01/2023,0.25
Manama,08/01/2023,0.27
Manama,08/01/2023,0.28
Manama,08/01/2023,0.3
Manama,08/01/2023,0.3
Manama,08/01/2023,0.28
Manama,08/01/2023,0.3
Manama,08/01/2023,0.49
Manama,08/01/2023,0.69
Manama,08/01/2023,0.77
Manama,08/01/2023,0.55
Manama,08/01/2023,0.5
Manama,08/01/2023,0.44
Manama,08/01/2023,0.4
Manama,09/01/2023,0.41
Manama,09/01/2023,0.43
Manama,09/01/2023,0.49
Manama,09/01/2023,0.68
Manama,09/01/2023,0.53
Manama,09/01/2023,0.29
Manama,09/01/2023,0.2
Manama,09/01/2023,0.21
Manama,09/01/2023,0.2
Manama,09/01/2023,0.2
Manama,09/01/2023,0.25
Manama,09/01/2023,0.27
Manama,09/01/2023,0.27
Manama,09/01/2023,0.27
Manama,09/01/2023,0.29
Manama,09/01/2023,0.28
Manama,09/01/2023,0.41
Manama,09/01/2023,0.41
Manama,09/01/2023,0.32
Manama,09/01/2023,0.28
Manama,09/01/2023,0.26
Manama,09/01/2023,0.28
Manama,09/01/2023,0.29
Manama,09/01/2023,0.29
Manama,10/01/2023,0.3
Manama,10/01/2023,0.34
Manama,10/01/2023,0.37
Manama,10/01/2023,0.43
Manama,10/01/2023,0.37
Manama,10/01/2023,0.28
Manama,10/01/2023,0.27
Manama,10/01/2023,0.27
Manama,10/01/2023,0.27
Manama,10/01/2023,0.24
Manama,10/01/2023,0.27
Manama,10/01/2023,0.28
Manama,10/01/2023,0.31
Manama,10/01/2023,0.47
Manama,10/01/2023,0.33
Manama,10/01/2023,0.3
Manama,10/01/2023,0.27
Manama,10/01/2023,0.28
Manama,10/01/2023,0.28
Manama,10/01/2023,0.25
Manama,10/01/2023,0.24
Manama,10/01/2023,0.27
Manama,10/01/2023,0.31
Manama,10/01/2023,0.29
Manama,11/01/2023,0.28
Manama,11/01/2023,0.28
Manama,11/01/2023,0.25
Manama,11/01/2023,0.23
Manama,11/01/2023,0.26
Manama,11/01/2023,0.25
Manama,11/01/2023,0.23
Manama,11/01/2023,0.2
Manama,11/01/2023,0.18
Manama,11/01/2023,0.18
Manama,11/01/2023,0.21
Manama,11/01/2023,0.22
Manama,11/01/2023,0.39
Manama,11/01/2023,0.21
Manama,11/01/2023,0.21
Manama,11/01/2023,0.17
Manama,11/01/2023,0.18
Manama,11/01/2023,0.2
Manama,11/01/2023,0.27
Manama,11/01/2023,0.35
Manama,11/01/2023,0.32
Manama,11/01/2023,0.35
Manama,11/01/2023,0.33
Manama,11/01/2023,0.33
Manama,12/01/2023,0.33
Manama,12/01/2023,0.36
Manama,12/01/2023,0.45
Manama,12/01/2023,0.75
Manama,12/01/2023,0.49
Manama,12/01/2023,0.27
Manama,12/01/2023,0.2
Manama,12/01/2023,0.18
Manama,12/01/2023,0.15
Manama,12/01/2023,0.16
Manama,12/01/2023,0.21
Manama,12/01/2023,0.22
Manama,12/01/2023,0.22
Manama,12/01/2023,0.25
Manama,12/01/2023,0.24
Manama,12/01/2023,0.19
Manama,12/01/2023,0.19
Manama,12/01/2023,0.17
Manama,12/01/2023,0.18
Manama,12/01/2023,0.16
Manama,12/01/2023,0.14
Manama,12/01/2023,0.15
Manama,12/01/2023,0.18
Manama,12/01/2023,0.18
Manama,13/01/2023,0.19
Manama,13/01/2023,0.22
Manama,13/01/2023,0.31
Manama,13/01/2023,0.29
Manama,13/01/2023,0.21
Manama,13/01/2023,0.18
Manama,13/01/2023,0.19
Manama,13/01/2023,0.19
Manama,13/01/2023,0.19
Manama,13/01/2023,0.18
Manama,13/01/2023,0.23
Manama,13/01/2023,0.26
Manama,13/01/2023,0.26
Manama,13/01/2023,0.31
Manama,13/01/2023,0.33
Manama,13/01/2023,0.29
Manama,13/01/2023,0.24
Manama,13/01/2023,0.23
Manama,13/01/2023,0.22
Manama,13/01/2023,0.23
Manama,13/01/2023,0.25
Manama,13/01/2023,0.28
Manama,13/01/2023,0.29
Manama,13/01/2023,0.3
Manama,14/01/2023,0.31
Manama,14/01/2023,0.27
Manama,14/01/2023,0.39
Manama,14/01/2023,0.57
Manama,14/01/2023,0.4
Manama,14/01/2023,0.21
Manama,14/01/2023,0.19
Manama,14/01/2023,0.19
Manama,14/01/2023,0.19
Manama,14/01/2023,0.2
Manama,14/01/2023,0.25
Manama,14/01/2023,0.27
Manama,14/01/2023,0.29
Manama,14/01/2023,0.33
Manama,14/01/2023,0.32
Manama,14/01/2023,0.37
Manama,14/01/2023,0.54
Manama,14/01/2023,0.35
Manama,14/01/2023,0.27
Manama,14/01/2023,0.33
Manama,14/01/2023,0.37
Manama,14/01/2023,0.27
Manama,14/01/2023,0.33
Manama,14/01/2023,0.36
Manama,15/01/2023,0.33
Manama,15/01/2023,0.33
Manama,15/01/2023,0.36
Manama,15/01/2023,0.29
Manama,15/01/2023,0.29
Manama,15/01/2023,0.27
Manama,15/01/2023,0.28
Manama,15/01/2023,0.29
Manama,15/01/2023,0.27
Manama,15/01/2023,0.27
Manama,15/01/2023,0.31
Manama,15/01/2023,0.3
Manama,15/01/2023,0.31
Manama,15/01/2023,0.31
Manama,15/01/2023,0.31
Manama,15/01/2023,0.32
Manama,15/01/2023,0.39
Manama,15/01/2023,0.63
Manama,15/01/2023,0.75
Manama,15/01/2023,0.76
Manama,15/01/2023,0.59
Manama,15/01/2023,0.58
Manama,15/01/2023,0.57
Manama,15/01/2023,0.5
Manama,16/01/2023,0.49
Manama,16/01/2023,0.5
Manama,16/01/2023,0.62
Manama,16/01/2023,0.93
Manama,16/01/2023,0.76
Manama,16/01/2023,0.42
Manama,16/01/2023,0.31
Manama,16/01/2023,0.3
Manama,16/01/2023,0.27
Manama,16/01/2023,0.61
Manama,16/01/2023,0.47
Manama,16/01/2023,0.39
Manama,16/01/2023,0.34
Manama,16/01/2023,0.39
Manama,16/01/2023,0.34
Manama,16/01/2023,0.32
Manama,16/01/2023,0.34
Manama,16/01/2023,0.39
Manama,16/01/2023,0.53
Manama,16/01/2023,0.53
Manama,16/01/2023,0.71
Manama,16/01/2023,0.59
Manama,16/01/2023,0.5
Manama,16/01/2023,0.47
Manama,17/01/2023,0.45
Manama,17/01/2023,0.46
Manama,17/01/2023,0.61
Manama,17/01/2023,0.94
Manama,17/01/2023,0.67
Manama,17/01/2023,0.39
Manama,17/01/2023,0.35
Manama,17/01/2023,0.35
Manama,17/01/2023,0.34
Manama,17/01/2023,0.33
Manama,17/01/2023,0.37
Manama,17/01/2023,0.42
Manama,17/01/2023,0.45
Manama,17/01/2023,0.47
Manama,17/01/2023,0.48
Manama,17/01/2023,0.46
Manama,17/01/2023,0.41
Manama,17/01/2023,0.46
Manama,17/01/2023,0.45
Manama,17/01/2023,0.39
Manama,17/01/2023,0.36
Manama,17/01/2023,0.41
Manama,17/01/2023,0.41
Manama,17/01/2023,0.4
Manama,18/01/2023,0.42
Manama,18/01/2023,0.51
Manama,18/01/2023,0.58
Manama,18/01/2023,0.56
Manama,18/01/2023,0.45
Manama,18/01/2023,0.35
Manama,18/01/2023,0.32
Manama,18/01/2023,0.29
Manama,18/01/2023,0.28
Manama,18/01/2023,0.26
Manama,18/01/2023,0.32
Manama,18/01/2023,0.32
Manama,18/01/2023,0.31
Manama,18/01/2023,0.3
Manama,18/01/2023,0.31
Manama,18/01/2023,0.28
Manama,18/01/2023,0.29
Manama,18/01/2023,0.32
Manama,18/01/2023,0.33
Manama,18/01/2023,0.33
Manama,18/01/2023,0.31
Manama,18/01/2023,0.34
Manama,18/01/2023,0.38
Manama,18/01/2023,0.4
Manama,19/01/2023,0.4
Manama,19/01/2023,0.39
Manama,19/01/2023,0.43
Manama,19/01/2023,0.41
Manama,19/01/2023,0.41
Manama,19/01/2023,0.37
Manama,19/01/2023,0.36
Manama,19/01/2023,0.34
Manama,19/01/2023,0.3
Manama,19/01/2023,0.29
Manama,19/01/2023,
Manama,19/01/2023,1.63
Manama,19/01/2023,0.3
Manama,19/01/2023,0.3
Manama,19/01/2023,0.31
Manama,19/01/2023,0.37
Manama,19/01/2023,0.39
Manama,19/01/2023,0.77
Manama,19/01/2023,0.77
Manama,19/01/2023,0.71
Manama,19/01/2023,0.53
Manama,19/01/2023,0.52
Manama,19/01/2023,0.45
Manama,19/01/2023,0.4
Manama,20/01/2023,0.4
Manama,20/01/2023,0.41
Manama,20/01/2023,0.56
Manama,20/01/2023,0.62
Manama,20/01/2023,0.53
Manama,20/01/2023,0.35
Manama,20/01/2023,0.29
Manama,20/01/2023,0.3
Manama,20/01/2023,0.32
Manama,20/01/2023,0.29
Manama,20/01/2023,0.31
Manama,20/01/2023,0.32
Manama,20/01/2023,0.35
Manama,20/01/2023,0.36
Manama,20/01/2023,0.38
Manama,20/01/2023,0.32
Manama,20/01/2023,0.32
Manama,20/01/2023,0.32
Manama,20/01/2023,0.33
Manama,20/01/2023,0.35
Manama,20/01/2023,0.36
Manama,20/01/2023,0.36
Manama,20/01/2023,0.35
Manama,20/01/2023,0.34
Manama,21/01/2023,0.39
Manama,21/01/2023,0.38
Manama,21/01/2023,0.39
Manama,21/01/2023,0.63
Manama,21/01/2023,0.49
Manama,21/01/2023,0.35
Manama,21/01/2023,0.34
Manama,21/01/2023,0.33
Manama,21/01/2023,0.32
Manama,21/01/2023,0.31
Manama,21/01/2023,0.33
Manama,21/01/2023,0.36
Manama,21/01/2023,0.37
Manama,21/01/2023,0.39
Manama,21/01/2023,0.42
Manama,21/01/2023,0.36
Manama,21/01/2023,0.38
Manama,21/01/2023,0.38
Manama,21/01/2023,0.36
Manama,21/01/2023,0.35
Manama,21/01/2023,0.35
Manama,21/01/2023,0.35
Manama,21/01/2023,0.43
Manama,21/01/2023,0.41
Manama,22/01/2023,0.39
Manama,22/01/2023,0.45
Manama,22/01/2023,0.44
Manama,22/01/2023,0.55
Manama,22/01/2023,0.47
Manama,22/01/2023,0.38
Manama,22/01/2023,0.37
Manama,22/01/2023,0.36
Manama,22/01/2023,0.35
Manama,22/01/2023,0.34
Manama,22/01/2023,0.37
Manama,22/01/2023,0.4
Manama,22/01/2023,0.41
Manama,22/01/2023,0.42
Manama,22/01/2023,0.42
Manama,22/01/2023,0.41
Manama,22/01/2023,0.4
Manama,22/01/2023,0.38
Manama,22/01/2023,0.38
Manama,22/01/2023,0.37
Manama,22/01/2023,0.36
Manama,22/01/2023,0.37
Manama,22/01/2023,0.39
Manama,22/01/2023,0.39
Manama,23/01/2023,0.39
Manama,23/01/2023,0.39
Manama,23/01/2023,0.41
Manama,23/01/2023,0.43
Manama,23/01/2023,0.42
Manama,23/01/2023,0.4
Manama,23/01/2023,0.39
Manama,23/01/2023,0.37
Manama,23/01/2023,0.36
Manama,23/01/2023,0.36
Manama,23/01/2023,0.38
Manama,23/01/2023,0.39
Manama,23/01/2023,0.41
Manama,23/01/2023,0.44
Manama,23/01/2023,0.41
Manama,23/01/2023,0.41
Manama,23/01/2023,0.41
Manama,23/01/2023,0.4
Manama,23/01/2023,0.38
Manama,23/01/2023,0.38
Manama,23/01/2023,0.37
Manama,23/01/2023,0.38
Manama,23/01/2023,0.4
Manama,23/01/2023,0.42
Manama,24/01/2023,0.41
Manama,24/01/2023,0.52
Manama,24/01/2023,0.51
Manama,24/01/2023,0.77
Manama,24/01/2023,0.54
Manama,24/01/2023,0.42
Manama,24/01/2023,0.42
Manama,24/01/2023,0.41
Manama,24/01/2023,0.4
Manama,24/01/2023,0.39
Manama,24/01/2023,0.42
Manama,24/01/2023,0.44
Manama,24/01/2023,0.44
Manama,24/01/2023,0.46
Manama,24/01/2023,0.45
Manama,24/01/2023,0.41
Manama,24/01/2023,0.41
Manama,24/01/2023,0.41
Manama,24/01/2023,0.41
Manama,24/01/2023,0.41
Manama,24/01/2023,0.39
Manama,24/01/2023,0.39
Manama,24/01/2023,0.41
Manama,24/01/2023,0.43
Manama,25/01/2023,0.44
Manama,25/01/2023,0.43
Manama,25/01/2023,0.45
Manama,25/01/2023,0.48
Manama,25/01/2023,0.45
Manama,25/01/2023,0.43
Manama,25/01/2023,0.41
Manama,25/01/2023,0.43
Manama,25/01/2023,0.41
Manama,25/01/2023,0.4
Manama,25/01/2023,0.4
Manama,25/01/2023,0.43
Manama,25/01/2023,0.43
Manama,25/01/2023,0.45
Manama,25/01/2023,0.47
Manama,25/01/2023,0.47
Manama,25/01/2023,0.46
Manama,25/01/2023,0.43
Manama,25/01/2023,0.42
Manama,25/01/2023,0.42
Manama,25/01/2023,0.41
Manama,25/01/2023,0.41
Manama,25/01/2023,0.45
Manama,25/01/2023,0.46
Manama,26/01/2023,0.47
Manama,26/01/2023,0.48
Manama,26/01/2023,0.51
Manama,26/01/2023,0.5
Manama,26/01/2023,0.5
Manama,26/01/2023,0.51
Manama,26/01/2023,0.52
Manama,26/01/2023,0.49
Manama,26/01/2023,0.49
Manama,26/01/2023,0.45
Manama,26/01/2023,0.48
Manama,26/01/2023,0.51
Manama,26/01/2023,0.5
Manama,26/01/2023,0.51
Manama,26/01/2023,0.5
Manama,26/01/2023,0.47
Manama,26/01/2023,0.48
Manama,26/01/2023,0.48
Manama,26/01/2023,0.48
Manama,26/01/2023,0.47
Manama,26/01/2023,0.47
Manama,26/01/2023,0.49
Manama,26/01/2023,0.49
Manama,26/01/2023,
Manama,27/01/2023,0.5
Manama,27/01/2023,0.47
Manama,27/01/2023,0.49
Manama,27/01/2023,0.47
Manama,27/01/2023,0.49
Manama,27/01/2023,0.55
Manama,27/01/2023,0.5
Manama,27/01/2023,0.49
Manama,27/01/2023,0.48
Manama,27/01/2023,0.47
Manama,27/01/2023,0.49
Manama,27/01/2023,0.5
Manama,27/01/2023,0.52
Manama,27/01/2023,0.55
Manama,27/01/2023,0.57
Manama,27/01/2023,0.54
Manama,27/01/2023,0.59
Manama,27/01/2023,0.5
Manama,27/01/2023,0.59
Manama,27/01/2023,0.52
Manama,27/01/2023,0.48
Manama,27/01/2023,0.5
Manama,27/01/2023,0.52
Manama,27/01/2023,0.5
Manama,28/01/2023,0.52
Manama,28/01/2023,0.49
Manama,28/01/2023,0.51
Manama,28/01/2023,0.76
Manama,28/01/2023,0.72
Manama,28/01/2023,0.5
Manama,28/01/2023,0.46
Manama,28/01/2023,0.44
Manama,28/01/2023,0.44
Manama,28/01/2023,0.42
Manama,28/01/2023,0.45
Manama,28/01/2023,0.46
Manama,28/01/2023,0.46
Manama,28/01/2023,0.48
Manama,28/01/2023,0.5
Manama,28/01/2023,0.5
Manama,28/01/2023,0.51
Manama,28/01/2023,0.57
Manama,28/01/2023,0.82
Manama,28/01/2023,0.7
Manama,28/01/2023,0.67
Manama,28/01/2023,0.52
Manama,28/01/2023,0.54
Manama,28/01/2023,0.54
Manama,29/01/2023,0.51
Manama,29/01/2023,0.5
Manama,29/01/2023,0.53
Manama,29/01/2023,0.64
Manama,29/01/2023,0.66
Manama,29/01/2023,0.53
Manama,29/01/2023,0.45
Manama,29/01/2023,0.42
Manama,29/01/2023,0.41
Manama,29/01/2023,0.39
Manama,29/01/2023,0.42
Manama,29/01/2023,0.44
Manama,29/01/2023,0.43
Manama,29/01/2023,0.44
Manama,29/01/2023,0.48
Manama,29/01/2023,0.53
Manama,29/01/2023,0.54
Manama,29/01/2023,0.67
Manama,29/01/2023,0.91
Manama,29/01/2023,0.75
Manama,29/01/2023,0.59
Manama,29/01/2023,0.53
Manama,29/01/2023,0.54
Manama,29/01/2023,0.57
Manama,30/01/2023,0.55
Manama,30/01/2023,0.59
Manama,30/01/2023,0.68
Manama,30/01/2023,0.86
Manama,30/01/2023,0.71
Manama,30/01/2023,0.54
Manama,30/01/2023,0.5
Manama,30/01/2023,0.49
Manama,30/01/2023,0.5
Manama,30/01/2023,0.49
Manama,30/01/2023,0.51
Manama,30/01/2023,0.53
Manama,30/01/2023,0.52
Manama,30/01/2023,0.53
Manama,30/01/2023,0.57
Manama,30/01/2023,0.54
Manama,30/01/2023,0.65
Manama,30/01/2023,0.74
Manama,30/01/2023,1.13
Manama,30/01/2023,0.79
Manama,30/01/2023,0.73
Manama,30/01/2023,0.7
Manama,30/01/2023,0.62
Manama,30/01/2023,0.63
Manama,31/01/2023,0.56
Manama,31/01/2023,0.62
Manama,31/01/2023,0.81
Manama,31/01/2023,0.95
Manama,31/01/2023,0.75
Manama,31/01/2023,0.65
Manama,31/01/2023,0.56
Manama,31/01/2023,0.52
Manama,31/01/2023,0.5
Manama,31/01/2023,0.49
Manama,31/01/2023,0.5
Manama,31/01/2023,0.52
Manama,31/01/2023,0.58
Manama,31/01/2023,0.63
Manama,31/01/2023,0.63
Manama,31/01/2023,0.61
Manama,31/01/2023,0.57
Manama,31/01/2023,0.56
Manama,31/01/2023,0.53
Manama,31/01/2023,0.55
Manama,31/01/2023,0.55
Manama,31/01/2023,0.52
Manama,31/01/2023,0.54
Manama,31/01/2023,0.55
Jurf,01/01/2023,1.729252
Jurf,01/01/2023,2.221688
Jurf,01/01/2023,2.34766
Jurf,01/01/2023,2.23314
Jurf,01/01/2023,2.485084
Jurf,01/01/2023,2.015552
Jurf,01/01/2023,1.88958
Jurf,01/01/2023,1.935388
Jurf,01/01/2023,1.683444
Jurf,01/01/2023,1.122296
Jurf,01/01/2023,0.710024
Jurf,01/01/2023,0.4122719999999999
Jurf,01/01/2023,0.320656
Jurf,01/01/2023,0.251944
Jurf,01/01/2023,0.297752
Jurf,01/01/2023,0.22904
Jurf,01/01/2023,0.3321079999999999
Jurf,01/01/2023,0.435176
Jurf,01/01/2023,0.4122719999999999
Jurf,01/01/2023,0.423724
Jurf,01/01/2023,0.6184080000000001
Jurf,01/01/2023,1.156652
Jurf,01/01/2023,1.511664
Jurf,01/01/2023,0.984872
Jurf,02/01/2023,0.7672840000000001
Jurf,02/01/2023,0.6298600000000001
Jurf,02/01/2023,0.584052
Jurf,02/01/2023,0.51534
Jurf,02/01/2023,0.4695319999999999
Jurf,02/01/2023,0.4008199999999999
Jurf,02/01/2023,0.6298600000000001
Jurf,02/01/2023,0.6756679999999999
Jurf,02/01/2023,0.8130919999999999
Jurf,02/01/2023,0.561148
Jurf,02/01/2023,0.251944
Jurf,02/01/2023,0.183232
Jurf,02/01/2023,0.194684
Jurf,02/01/2023,0.183232
Jurf,02/01/2023,0.160328
Jurf,02/01/2023,0.17178
Jurf,02/01/2023,0.194684
Jurf,02/01/2023,0.263396
Jurf,02/01/2023,0.377916
Jurf,02/01/2023,0.34356
Jurf,02/01/2023,0.251944
Jurf,02/01/2023,0.4122719999999999
Jurf,02/01/2023,0.274848
Jurf,02/01/2023,0.309204
Jurf,03/01/2023,0.251944
Jurf,03/01/2023,0.217588
Jurf,03/01/2023,0.17178
Jurf,03/01/2023,0.148876
Jurf,03/01/2023,0.217588
Jurf,03/01/2023,0.320656
Jurf,03/01/2023,0.355012
Jurf,03/01/2023,0.4122719999999999
Jurf,03/01/2023,0.45808
Jurf,03/01/2023,0.4122719999999999
Jurf,03/01/2023,0.2863
Jurf,03/01/2023,0.194684
Jurf,03/01/2023,0.183232
Jurf,03/01/2023,0.17178
Jurf,03/01/2023,0.148876
Jurf,03/01/2023,0.17178
Jurf,03/01/2023,0.183232
Jurf,03/01/2023,0.22904
Jurf,03/01/2023,0.355012
Jurf,03/01/2023,0.377916
Jurf,03/01/2023,0.34356
Jurf,03/01/2023,0.435176
Jurf,03/01/2023,0.2404919999999999
Jurf,03/01/2023,0.194684
Jurf,04/01/2023,0.355012
Jurf,04/01/2023,0.274848
Jurf,04/01/2023,0.183232
Jurf,04/01/2023,0.183232
Jurf,04/01/2023,0.125972
Jurf,04/01/2023,0.2061359999999999
Jurf,04/01/2023,0.22904
Jurf,04/01/2023,0.309204
Jurf,04/01/2023,0.183232
Jurf,04/01/2023,0.17178
Jurf,04/01/2023,0.17178
Jurf,04/01/2023,0.137424
Jurf,04/01/2023,0.148876
Jurf,04/01/2023,0.148876
Jurf,04/01/2023,0.160328
Jurf,04/01/2023,0.160328
Jurf,04/01/2023,0.17178
Jurf,04/01/2023,0.183232
Jurf,04/01/2023,0.183232
Jurf,04/01/2023,0.251944
Jurf,04/01/2023,0.217588
Jurf,04/01/2023,0.17178
Jurf,04/01/2023,0.17178
Jurf,04/01/2023,0.148876
Jurf,05/01/2023,0.137424
Jurf,05/01/2023,0.11452
Jurf,05/01/2023,0.11452
Jurf,05/01/2023,0.1030679999999999
Jurf,05/01/2023,0.1030679999999999
Jurf,05/01/2023,0.125972
Jurf,05/01/2023,0.183232
Jurf,05/01/2023,0.4008199999999999
Jurf,05/01/2023,0.297752
Jurf,05/01/2023,0.2404919999999999
Jurf,05/01/2023,0.183232
Jurf,05/01/2023,0.183232
Jurf,05/01/2023,0.17178
Jurf,05/01/2023,0.17178
Jurf,05/01/2023,0.217588
Jurf,05/01/2023,0.263396
Jurf,05/01/2023,0.263396
Jurf,05/01/2023,0.309204
Jurf,05/01/2023,0.4008199999999999
Jurf,05/01/2023,0.297752
Jurf,05/01/2023,0.251944
Jurf,05/01/2023,0.251944
Jurf,05/01/2023,0.2404919999999999
Jurf,05/01/2023,0.160328
Jurf,06/01/2023,0.137424
Jurf,06/01/2023,0.160328
Jurf,06/01/2023,0.2061359999999999
Jurf,06/01/2023,0.17178
Jurf,06/01/2023,0.17178
Jurf,06/01/2023,0.22904
Jurf,06/01/2023,0.2061359999999999
Jurf,06/01/2023,0.3321079999999999
Jurf,06/01/2023,0.309204
Jurf,06/01/2023,0.17178
Jurf,06/01/2023,0.2061359999999999
Jurf,06/01/2023,0.2061359999999999
Jurf,06/01/2023,0.251944
Jurf,06/01/2023,0.22904
Jurf,06/01/2023,0.22904
Jurf,06/01/2023,0.194684
Jurf,06/01/2023,0.183232
Jurf,06/01/2023,0.217588
Jurf,06/01/2023,0.263396
Jurf,06/01/2023,0.2863
Jurf,06/01/2023,0.22904
Jurf,06/01/2023,0.217588
Jurf,06/01/2023,0.217588
Jurf,06/01/2023,0.274848
Jurf,07/01/2023,0.217588
Jurf,07/01/2023,0.183232
Jurf,07/01/2023,0.148876
Jurf,07/01/2023,0.183232
Jurf,07/01/2023,0.17178
Jurf,07/01/2023,0.160328
Jurf,07/01/2023,0.160328
Jurf,07/01/2023,0.22904
Jurf,07/01/2023,0.297752
Jurf,07/01/2023,0.263396
Jurf,07/01/2023,0.251944
Jurf,07/01/2023,0.160328
Jurf,07/01/2023,0.183232
Jurf,07/01/2023,0.183232
Jurf,07/01/2023,0.137424
Jurf,07/01/2023,0.2404919999999999
Jurf,07/01/2023,0.217588
Jurf,07/01/2023,0.2404919999999999
Jurf,07/01/2023,0.297752
Jurf,07/01/2023,0.4122719999999999
Jurf,07/01/2023,0.5726
Jurf,07/01/2023,0.6756679999999999
Jurf,07/01/2023,0.7558320000000001
Jurf,07/01/2023,0.847448
Jurf,08/01/2023,0.97342
Jurf,08/01/2023,1.019228
Jurf,08/01/2023,0.91616
Jurf,08/01/2023,1.065036
Jurf,08/01/2023,0.996324
Jurf,08/01/2023,1.110844
Jurf,08/01/2023,1.156652
Jurf,08/01/2023,1.065036
Jurf,08/01/2023,0.7672840000000001
Jurf,08/01/2023,0.526792
Jurf,08/01/2023,0.309204
Jurf,08/01/2023,0.263396
Jurf,08/01/2023,0.217588
Jurf,08/01/2023,0.297752
Jurf,08/01/2023,0.2404919999999999
Jurf,08/01/2023,0.2061359999999999
Jurf,08/01/2023,0.2863
Jurf,08/01/2023,0.389368
Jurf,08/01/2023,0.5726
Jurf,08/01/2023,0.7787360000000001
Jurf,08/01/2023,0.8589
Jurf,08/01/2023,0.939064
Jurf,08/01/2023,0.97342
Jurf,08/01/2023,0.320656
Jurf,09/01/2023,0.274848
Jurf,09/01/2023,0.22904
Jurf,09/01/2023,0.355012
Jurf,09/01/2023,0.446628
Jurf,09/01/2023,0.6527639999999999
Jurf,09/01/2023,0.6756679999999999
Jurf,09/01/2023,0.950516
Jurf,09/01/2023,1.076488
Jurf,09/01/2023,0.927612
Jurf,09/01/2023,0.526792
Jurf,09/01/2023,0.377916
Jurf,09/01/2023,0.251944
Jurf,09/01/2023,0.2404919999999999
Jurf,09/01/2023,0.22904
Jurf,09/01/2023,0.251944
Jurf,09/01/2023,0.217588
Jurf,09/01/2023,0.194684
Jurf,09/01/2023,0.2061359999999999
Jurf,09/01/2023,0.355012
Jurf,09/01/2023,0.366464
Jurf,09/01/2023,0.423724
Jurf,09/01/2023,0.45808
Jurf,09/01/2023,0.584052
Jurf,09/01/2023,0.446628
Jurf,10/01/2023,0.4122719999999999
Jurf,10/01/2023,0.366464
Jurf,10/01/2023,0.355012
Jurf,10/01/2023,0.297752
Jurf,10/01/2023,0.355012
Jurf,10/01/2023,0.34356
Jurf,10/01/2023,0.251944
Jurf,10/01/2023,0.584052
Jurf,10/01/2023,0.595504
Jurf,10/01/2023,0.389368
Jurf,10/01/2023,0.251944
Jurf,10/01/2023,0.22904
Jurf,10/01/2023,0.22904
Jurf,10/01/2023,0.2863
Jurf,10/01/2023,0.251944
Jurf,10/01/2023,0.2863
Jurf,10/01/2023,0.263396
Jurf,10/01/2023,0.320656
Jurf,10/01/2023,0.34356
Jurf,10/01/2023,0.4008199999999999
Jurf,10/01/2023,0.377916
Jurf,10/01/2023,0.4008199999999999
Jurf,10/01/2023,0.51534
Jurf,10/01/2023,0.17178
Jurf,11/01/2023,0.148876
Jurf,11/01/2023,0.125972
Jurf,11/01/2023,0.125972
Jurf,11/01/2023,0.11452
Jurf,11/01/2023,0.11452
Jurf,11/01/2023,0.137424
Jurf,11/01/2023,0.148876
Jurf,11/01/2023,0.217588
Jurf,11/01/2023,0.183232
Jurf,11/01/2023,0.160328
Jurf,11/01/2023,0.194684
Jurf,11/01/2023,0.183232
Jurf,11/01/2023,0.194684
Jurf,11/01/2023,0.217588
Jurf,11/01/2023,0.2061359999999999
Jurf,11/01/2023,0.217588
Jurf,11/01/2023,0.274848
Jurf,11/01/2023,0.320656
Jurf,11/01/2023,0.389368
Jurf,11/01/2023,0.4122719999999999
Jurf,11/01/2023,0.435176
Jurf,11/01/2023,0.389368
Jurf,11/01/2023,0.4122719999999999
Jurf,11/01/2023,0.435176
Jurf,12/01/2023,0.51534
Jurf,12/01/2023,0.6184080000000001
Jurf,12/01/2023,0.51534
Jurf,12/01/2023,0.389368
Jurf,12/01/2023,0.320656
Jurf,12/01/2023,0.34356
Jurf,12/01/2023,0.561148
Jurf,12/01/2023,0.538244
Jurf,12/01/2023,0.6184080000000001
Jurf,12/01/2023,0.34356
Jurf,12/01/2023,0.2404919999999999
Jurf,12/01/2023,0.194684
Jurf,12/01/2023,0.194684
Jurf,12/01/2023,0.17178
Jurf,12/01/2023,0.160328
Jurf,12/01/2023,0.183232
Jurf,12/01/2023,0.183232
Jurf,12/01/2023,0.2404919999999999
Jurf,12/01/2023,0.34356
Jurf,12/01/2023,0.297752
Jurf,12/01/2023,0.297752
Jurf,12/01/2023,0.263396
Jurf,12/01/2023,0.389368
Jurf,12/01/2023,0.297752
Jurf,13/01/2023,0.297752
Jurf,13/01/2023,0.4122719999999999
Jurf,13/01/2023,0.2404919999999999
Jurf,13/01/2023,0.194684
Jurf,13/01/2023,0.2061359999999999
Jurf,13/01/2023,0.2404919999999999
Jurf,13/01/2023,0.22904
Jurf,13/01/2023,0.2863
Jurf,13/01/2023,0.34356
Jurf,13/01/2023,0.17178
Jurf,13/01/2023,0.160328
Jurf,13/01/2023,0.125972
Jurf,13/01/2023,0.137424
Jurf,13/01/2023,0.125972
Jurf,13/01/2023,0.148876
Jurf,13/01/2023,0.160328
Jurf,13/01/2023,0.17178
Jurf,13/01/2023,0.2061359999999999
Jurf,13/01/2023,0.320656
Jurf,13/01/2023,0.377916
Jurf,13/01/2023,0.263396
Jurf,13/01/2023,0.22904
Jurf,13/01/2023,0.217588
Jurf,13/01/2023,0.2061359999999999
Jurf,14/01/2023,0.183232
Jurf,14/01/2023,0.148876
Jurf,14/01/2023,0.194684
Jurf,14/01/2023,0.17178
Jurf,14/01/2023,0.194684
Jurf,14/01/2023,0.160328
Jurf,14/01/2023,0.137424
Jurf,14/01/2023,0.160328
Jurf,14/01/2023,0.22904
Jurf,14/01/2023,0.183232
Jurf,14/01/2023,0.148876
Jurf,14/01/2023,0.148876
Jurf,14/01/2023,0.148876
Jurf,14/01/2023,0.148876
Jurf,14/01/2023,0.137424
Jurf,14/01/2023,0.17178
Jurf,14/01/2023,0.2061359999999999
Jurf,14/01/2023,0.22904
Jurf,14/01/2023,0.320656
Jurf,14/01/2023,0.366464
Jurf,14/01/2023,0.297752
Jurf,14/01/2023,0.355012
Jurf,14/01/2023,0.355012
Jurf,14/01/2023,0.423724
Jurf,15/01/2023,0.4122719999999999
Jurf,15/01/2023,0.263396
Jurf,15/01/2023,0.2061359999999999
Jurf,15/01/2023,0.274848
Jurf,15/01/2023,0.297752
Jurf,15/01/2023,0.148876
Jurf,15/01/2023,0.160328
Jurf,15/01/2023,0.4122719999999999
Jurf,15/01/2023,0.355012
Jurf,15/01/2023,0.217588
Jurf,15/01/2023,0.194684
Jurf,15/01/2023,0.148876
Jurf,15/01/2023,0.148876
Jurf,15/01/2023,0.148876
Jurf,15/01/2023,0.137424
Jurf,15/01/2023,0.160328
Jurf,15/01/2023,0.183232
Jurf,15/01/2023,0.22904
Jurf,15/01/2023,0.3321079999999999
Jurf,15/01/2023,0.389368
Jurf,15/01/2023,0.492436
Jurf,15/01/2023,0.6756679999999999
Jurf,15/01/2023,0.721476
Jurf,15/01/2023,1.168104
Jurf,16/01/2023,1.5345680000000002
Jurf,16/01/2023,1.042132
Jurf,16/01/2023,1.236816
Jurf,16/01/2023,0.996324
Jurf,16/01/2023,0.904708
Jurf,16/01/2023,0.939064
Jurf,16/01/2023,0.8245439999999999
Jurf,16/01/2023,1.03068
Jurf,16/01/2023,0.950516
Jurf,16/01/2023,0.6756679999999999
Jurf,16/01/2023,0.17178
Jurf,16/01/2023,0.183232
Jurf,16/01/2023,0.160328
Jurf,16/01/2023,0.17178
Jurf,16/01/2023,0.17178
Jurf,16/01/2023,0.17178
Jurf,16/01/2023,0.160328
Jurf,16/01/2023,0.2061359999999999
Jurf,16/01/2023,0.3321079999999999
Jurf,16/01/2023,0.4008199999999999
Jurf,16/01/2023,0.435176
Jurf,16/01/2023,0.6527639999999999
Jurf,16/01/2023,0.984872
Jurf,16/01/2023,1.156652
Jurf,17/01/2023,1.225364
Jurf,17/01/2023,0.881804
Jurf,17/01/2023,0.8016399999999999
Jurf,17/01/2023,0.6413120000000001
Jurf,17/01/2023,0.45808
Jurf,17/01/2023,0.309204
Jurf,17/01/2023,0.320656
Jurf,17/01/2023,0.4695319999999999
Jurf,17/01/2023,0.698572
Jurf,17/01/2023,0.4122719999999999
Jurf,17/01/2023,0.2404919999999999
Jurf,17/01/2023,0.2061359999999999
Jurf,17/01/2023,0.148876
Jurf,17/01/2023,0.160328
Jurf,17/01/2023,0.194684
Jurf,17/01/2023,0.217588
Jurf,17/01/2023,0.217588
Jurf,17/01/2023,0.22904
Jurf,17/01/2023,0.297752
Jurf,17/01/2023,0.320656
Jurf,17/01/2023,0.503888
Jurf,17/01/2023,0.6298600000000001
Jurf,17/01/2023,0.68712
Jurf,17/01/2023,0.881804
Jurf,18/01/2023,0.595504
Jurf,18/01/2023,0.584052
Jurf,18/01/2023,0.6642159999999999
Jurf,18/01/2023,0.74438
Jurf,18/01/2023,0.538244
Jurf,18/01/2023,0.17178
Jurf,18/01/2023,0.183232
Jurf,18/01/2023,0.183232
Jurf,18/01/2023,0.148876
Jurf,18/01/2023,0.137424
Jurf,18/01/2023,0.183232
Jurf,18/01/2023,0.17178
Jurf,18/01/2023,0.137424
Jurf,18/01/2023,0.263396
Jurf,18/01/2023,1.878128
Jurf,18/01/2023,0.2061359999999999
Jurf,18/01/2023,0.2061359999999999
Jurf,18/01/2023,0.274848
Jurf,18/01/2023,0.309204
Jurf,18/01/2023,0.309204
Jurf,18/01/2023,0.309204
Jurf,18/01/2023,0.3321079999999999
Jurf,18/01/2023,0.3321079999999999
Jurf,18/01/2023,0.183232
Jurf,19/01/2023,0.17178
Jurf,19/01/2023,0.148876
Jurf,19/01/2023,0.148876
Jurf,19/01/2023,0.148876
Jurf,19/01/2023,0.148876
Jurf,19/01/2023,0.160328
Jurf,19/01/2023,0.2061359999999999
Jurf,19/01/2023,0.4008199999999999
Jurf,19/01/2023,0.297752
Jurf,19/01/2023,0.263396
Jurf,19/01/2023,0.194684
Jurf,19/01/2023,0.160328
Jurf,19/01/2023,0.22904
Jurf,19/01/2023,0.194684
Jurf,19/01/2023,0.2061359999999999
Jurf,19/01/2023,0.17178
Jurf,19/01/2023,0.17178
Jurf,19/01/2023,0.2061359999999999
Jurf,19/01/2023,0.355012
Jurf,19/01/2023,0.45808
Jurf,19/01/2023,0.595504
Jurf,19/01/2023,0.710024
Jurf,19/01/2023,1.752156
Jurf,19/01/2023,1.5803759999999998
Jurf,20/01/2023,2.084264
Jurf,20/01/2023,1.740704
Jurf,20/01/2023,1.740704
Jurf,20/01/2023,1.500212
Jurf,20/01/2023,1.454404
Jurf,20/01/2023,1.37424
Jurf,20/01/2023,1.03068
Jurf,20/01/2023,0.7672840000000001
Jurf,20/01/2023,0.5726
Jurf,20/01/2023,0.3321079999999999
Jurf,20/01/2023,0.194684
Jurf,20/01/2023,0.137424
Jurf,20/01/2023,0.148876
Jurf,20/01/2023,0.160328
Jurf,20/01/2023,0.17178
Jurf,20/01/2023,0.183232
Jurf,20/01/2023,0.183232
Jurf,20/01/2023,0.217588
Jurf,20/01/2023,0.309204
Jurf,20/01/2023,0.320656
Jurf,20/01/2023,0.435176
Jurf,20/01/2023,0.297752
Jurf,20/01/2023,0.274848
Jurf,20/01/2023,0.22904
Jurf,21/01/2023,0.263396
Jurf,21/01/2023,0.2404919999999999
Jurf,21/01/2023,0.3321079999999999
Jurf,21/01/2023,0.22904
Jurf,21/01/2023,0.217588
Jurf,21/01/2023,0.160328
Jurf,21/01/2023,0.2404919999999999
Jurf,21/01/2023,0.297752
Jurf,21/01/2023,0.297752
Jurf,21/01/2023,0.217588
Jurf,21/01/2023,0.2061359999999999
Jurf,21/01/2023,0.194684
Jurf,21/01/2023,0.194684
Jurf,21/01/2023,0.2061359999999999
Jurf,21/01/2023,0.160328
Jurf,21/01/2023,0.194684
Jurf,21/01/2023,0.194684
Jurf,21/01/2023,0.217588
Jurf,21/01/2023,0.309204
Jurf,21/01/2023,0.320656
Jurf,21/01/2023,0.389368
Jurf,21/01/2023,0.309204
Jurf,21/01/2023,0.251944
Jurf,21/01/2023,0.251944
Jurf,22/01/2023,0.2863
Jurf,22/01/2023,0.2863
Jurf,22/01/2023,0.274848
Jurf,22/01/2023,0.263396
Jurf,22/01/2023,0.194684
Jurf,22/01/2023,0.22904
Jurf,22/01/2023,0.2061359999999999
Jurf,22/01/2023,0.3321079999999999
Jurf,22/01/2023,0.217588
Jurf,22/01/2023,0.194684
Jurf,22/01/2023,0.17178
Jurf,22/01/2023,0.148876
Jurf,22/01/2023,0.160328
Jurf,22/01/2023,0.17178
Jurf,22/01/2023,0.160328
Jurf,22/01/2023,0.17178
Jurf,22/01/2023,0.17178
Jurf,22/01/2023,0.194684
Jurf,22/01/2023,0.2863
Jurf,22/01/2023,0.297752
Jurf,22/01/2023,0.45808
Jurf,22/01/2023,0.263396
Jurf,22/01/2023,0.2404919999999999
Jurf,22/01/2023,0.22904
Jurf,23/01/2023,0.194684
Jurf,23/01/2023,0.160328
Jurf,23/01/2023,0.183232
Jurf,23/01/2023,0.183232
Jurf,23/01/2023,0.160328
Jurf,23/01/2023,0.263396
Jurf,23/01/2023,0.297752
Jurf,23/01/2023,0.274848
Jurf,23/01/2023,0.3321079999999999
Jurf,23/01/2023,0.2404919999999999
Jurf,23/01/2023,0.217588
Jurf,23/01/2023,0.183232
Jurf,23/01/2023,0.194684
Jurf,23/01/2023,0.194684
Jurf,23/01/2023,0.2061359999999999
Jurf,23/01/2023,0.217588
Jurf,23/01/2023,0.217588
Jurf,23/01/2023,0.217588
Jurf,23/01/2023,0.22904
Jurf,23/01/2023,0.217588
Jurf,23/01/2023,0.251944
Jurf,23/01/2023,0.2061359999999999
Jurf,23/01/2023,0.2061359999999999
Jurf,23/01/2023,0.217588
Jurf,24/01/2023,0.160328
Jurf,24/01/2023,0.148876
Jurf,24/01/2023,0.2404919999999999
Jurf,24/01/2023,0.309204
Jurf,24/01/2023,0.217588
Jurf,24/01/2023,0.17178
Jurf,24/01/2023,0.17178
Jurf,24/01/2023,0.2404919999999999
Jurf,24/01/2023,0.2863
Jurf,24/01/2023,0.2061359999999999
Jurf,24/01/2023,0.2061359999999999
Jurf,24/01/2023,0.2061359999999999
Jurf,24/01/2023,0.183232
Jurf,24/01/2023,0.17178
Jurf,24/01/2023,0.137424
Jurf,24/01/2023,0.17178
Jurf,24/01/2023,0.183232
Jurf,24/01/2023,0.217588
Jurf,24/01/2023,0.274848
Jurf,24/01/2023,0.34356
Jurf,24/01/2023,0.309204
Jurf,24/01/2023,0.22904
Jurf,24/01/2023,0.2404919999999999
Jurf,24/01/2023,0.183232
Jurf,25/01/2023,0.217588
Jurf,25/01/2023,0.4008199999999999
Jurf,25/01/2023,0.45808
Jurf,25/01/2023,0.355012
Jurf,25/01/2023,0.148876
Jurf,25/01/2023,0.160328
Jurf,25/01/2023,0.194684
Jurf,25/01/2023,0.274848
Jurf,25/01/2023,0.2863
Jurf,25/01/2023,0.2061359999999999
Jurf,25/01/2023,0.22904
Jurf,25/01/2023,0.183232
Jurf,25/01/2023,0.183232
Jurf,25/01/2023,0.2061359999999999
Jurf,25/01/2023,0.17178
Jurf,25/01/2023,0.194684
Jurf,25/01/2023,0.217588
Jurf,25/01/2023,0.2404919999999999
Jurf,25/01/2023,0.251944
Jurf,25/01/2023,0.2061359999999999
Jurf,25/01/2023,0.217588
Jurf,25/01/2023,0.22904
Jurf,25/01/2023,0.22904
Jurf,25/01/2023,0.160328
Jurf,26/01/2023,0.194684
Jurf,26/01/2023,0.183232
Jurf,26/01/2023,0.34356
Jurf,26/01/2023,0.183232
Jurf,26/01/2023,0.125972
Jurf,26/01/2023,0.160328
Jurf,26/01/2023,0.2061359999999999
Jurf,26/01/2023,0.22904
Jurf,26/01/2023,0.2061359999999999
Jurf,26/01/2023,0.2061359999999999
Jurf,26/01/2023,0.22904
Jurf,26/01/2023,0.22904
Jurf,26/01/2023,0.2404919999999999
Jurf,26/01/2023,0.17178
Jurf,26/01/2023,0.160328
Jurf,26/01/2023,0.183232
Jurf,26/01/2023,0.183232
Jurf,26/01/2023,0.217588
Jurf,26/01/2023,0.22904
Jurf,26/01/2023,0.274848
Jurf,26/01/2023,0.2863
Jurf,26/01/2023,0.22904
Jurf,26/01/2023,0.2061359999999999
Jurf,26/01/2023,0.183232
Jurf,27/01/2023,0.160328
Jurf,27/01/2023,0.148876
Jurf,27/01/2023,0.148876
Jurf,27/01/2023,0.148876
Jurf,27/01/2023,0.11452
Jurf,27/01/2023,0.148876
Jurf,27/01/2023,0.160328
Jurf,27/01/2023,0.160328
Jurf,27/01/2023,0.17178
Jurf,27/01/2023,0.183232
Jurf,27/01/2023,0.2061359999999999
Jurf,27/01/2023,0.183232
Jurf,27/01/2023,0.194684
Jurf,27/01/2023,0.183232
Jurf,27/01/2023,0.2061359999999999
Jurf,27/01/2023,0.2404919999999999
Jurf,27/01/2023,0.2061359999999999
Jurf,27/01/2023,0.217588
Jurf,27/01/2023,0.297752
Jurf,27/01/2023,0.263396
Jurf,27/01/2023,0.22904
Jurf,27/01/2023,0.22904
Jurf,27/01/2023,0.251944
Jurf,27/01/2023,0.2863
Jurf,28/01/2023,0.194684
Jurf,28/01/2023,0.17178
Jurf,28/01/2023,0.2863
Jurf,28/01/2023,0.22904
Jurf,28/01/2023,0.34356
Jurf,28/01/2023,0.2404919999999999
Jurf,28/01/2023,0.2863
Jurf,28/01/2023,0.389368
Jurf,28/01/2023,0.446628
Jurf,28/01/2023,0.217588
Jurf,28/01/2023,0.160328
Jurf,28/01/2023,0.160328
Jurf,28/01/2023,0.194684
Jurf,28/01/2023,0.160328
Jurf,28/01/2023,0.194684
Jurf,28/01/2023,0.2404919999999999
Jurf,28/01/2023,0.263396
Jurf,28/01/2023,0.3321079999999999
Jurf,28/01/2023,0.4695319999999999
Jurf,28/01/2023,0.45808
Jurf,28/01/2023,0.561148
Jurf,28/01/2023,0.4809839999999999
Jurf,28/01/2023,0.7558320000000001
Jurf,28/01/2023,0.8245439999999999
Jurf,29/01/2023,0.996324
Jurf,29/01/2023,0.881804
Jurf,29/01/2023,0.835996
Jurf,29/01/2023,0.7558320000000001
Jurf,29/01/2023,0.8130919999999999
Jurf,29/01/2023,0.721476
Jurf,29/01/2023,0.6756679999999999
Jurf,29/01/2023,0.74438
Jurf,29/01/2023,0.526792
Jurf,29/01/2023,0.4008199999999999
Jurf,29/01/2023,0.3321079999999999
Jurf,29/01/2023,0.194684
Jurf,29/01/2023,0.2404919999999999
Jurf,29/01/2023,0.22904
Jurf,29/01/2023,0.217588
Jurf,29/01/2023,0.2863
Jurf,29/01/2023,0.355012
Jurf,29/01/2023,0.503888
Jurf,29/01/2023,0.939064
Jurf,29/01/2023,1.213912
Jurf,29/01/2023,1.3284319999999998
Jurf,29/01/2023,1.935388
Jurf,29/01/2023,2.359112
Jurf,29/01/2023,2.336208
Jurf,30/01/2023,1.797964
Jurf,30/01/2023,1.763608
Jurf,30/01/2023,1.454404
Jurf,30/01/2023,0.8130919999999999
Jurf,30/01/2023,0.549696
Jurf,30/01/2023,0.4008199999999999
Jurf,30/01/2023,0.526792
Jurf,30/01/2023,0.6642159999999999
Jurf,30/01/2023,0.6642159999999999
Jurf,30/01/2023,0.5726
Jurf,30/01/2023,0.435176
Jurf,30/01/2023,0.3321079999999999
Jurf,30/01/2023,0.22904
Jurf,30/01/2023,0.217588
Jurf,30/01/2023,0.2404919999999999
Jurf,30/01/2023,0.263396
Jurf,30/01/2023,0.274848
Jurf,30/01/2023,0.34356
Jurf,30/01/2023,0.45808
Jurf,30/01/2023,0.538244
Jurf,30/01/2023,1.03068
Jurf,30/01/2023,1.2826240000000002
Jurf,30/01/2023,1.2482680000000002
Jurf,30/01/2023,0.984872
Jurf,31/01/2023,1.213912
Jurf,31/01/2023,0.97342
Jurf,31/01/2023,0.7672840000000001
Jurf,31/01/2023,0.503888
Jurf,31/01/2023,0.6184080000000001
Jurf,31/01/2023,0.549696
Jurf,31/01/2023,0.538244
Jurf,31/01/2023,0.549696
Jurf,31/01/2023,0.503888
Jurf,31/01/2023,0.4008199999999999
Jurf,31/01/2023,0.309204
Jurf,31/01/2023,0.297752
Jurf,31/01/2023,0.2863
Jurf,31/01/2023,0.251944
Jurf,31/01/2023,0.217588
Jurf,31/01/2023,0.2061359999999999
Jurf,31/01/2023,0.251944
Jurf,31/01/2023,0.274848
Jurf,31/01/2023,0.377916
Jurf,31/01/2023,0.435176
Jurf,31/01/2023,0.389368
Jurf,31/01/2023,0.2863
Jurf,31/01/2023,0.251944
Jurf,31/01/2023,0.17178
