Station Name,Date,O3
Masfout,01/01/2023,76.5648
Masfout,01/01/2023,72.63839999999999
Masfout,01/01/2023,66.74880000000002
Masfout,01/01/2023,54.9696
Masfout,01/01/2023,72.63839999999999
Masfout,01/01/2023,90.3072
Masfout,01/01/2023,74.6016
Masfout,01/01/2023,70.67519999999999
Masfout,01/01/2023,78.528
Masfout,01/01/2023,109.9392
Masfout,01/01/2023,107.976
Masfout,01/01/2023,111.9024
Masfout,01/01/2023,119.7552
Masfout,01/01/2023,125.6448
Masfout,01/01/2023,127.608
Masfout,01/01/2023,129.5712
Masfout,01/01/2023,133.49760000000003
Masfout,01/01/2023,139.38719999999998
Masfout,01/01/2023,153.1296
Masfout,01/01/2023,147.24
Masfout,01/01/2023,113.8656
Masfout,01/01/2023,107.976
Masfout,01/01/2023,113.8656
Masfout,01/01/2023,109.9392
Masfout,02/01/2023,104.0496
Masfout,02/01/2023,88.34400000000001
Masfout,02/01/2023,82.4544
Masfout,02/01/2023,68.712
Masfout,02/01/2023,64.7856
Masfout,02/01/2023,45.1536
Masfout,02/01/2023,35.337599999999995
Masfout,02/01/2023,58.896
Masfout,02/01/2023,68.712
Masfout,02/01/2023,102.0864
Masfout,02/01/2023,117.792
Masfout,02/01/2023,121.7184
Masfout,02/01/2023,127.608
Masfout,02/01/2023,133.49760000000003
Masfout,02/01/2023,135.4608
Masfout,02/01/2023,133.49760000000003
Masfout,02/01/2023,135.4608
Masfout,02/01/2023,131.53440000000003
Masfout,02/01/2023,125.6448
Masfout,02/01/2023,121.7184
Masfout,02/01/2023,115.8288
Masfout,02/01/2023,109.9392
Masfout,02/01/2023,106.0128
Masfout,02/01/2023,96.1968
Masfout,03/01/2023,88.34400000000001
Masfout,03/01/2023,98.16
Masfout,03/01/2023,100.1232
Masfout,03/01/2023,100.1232
Masfout,03/01/2023,106.0128
Masfout,03/01/2023,106.0128
Masfout,03/01/2023,96.1968
Masfout,03/01/2023,80.49119999999999
Masfout,03/01/2023,94.2336
Masfout,03/01/2023,102.0864
Masfout,03/01/2023,117.792
Masfout,03/01/2023,121.7184
Masfout,03/01/2023,125.6448
Masfout,03/01/2023,139.38719999999998
Masfout,03/01/2023,155.0928
Masfout,03/01/2023,145.27679999999998
Masfout,03/01/2023,129.5712
Masfout,03/01/2023,123.6816
Masfout,03/01/2023,123.6816
Masfout,03/01/2023,121.7184
Masfout,03/01/2023,115.8288
Masfout,03/01/2023,111.9024
Masfout,03/01/2023,111.9024
Masfout,03/01/2023,104.0496
Masfout,04/01/2023,106.0128
Masfout,04/01/2023,100.1232
Masfout,04/01/2023,96.1968
Masfout,04/01/2023,102.0864
Masfout,04/01/2023,98.16
Masfout,04/01/2023,100.1232
Masfout,04/01/2023,100.1232
Masfout,04/01/2023,98.16
Masfout,04/01/2023,106.0128
Masfout,04/01/2023,111.9024
Masfout,04/01/2023,115.8288
Masfout,04/01/2023,119.7552
Masfout,04/01/2023,129.5712
Masfout,04/01/2023,133.49760000000003
Masfout,04/01/2023,137.424
Masfout,04/01/2023,137.424
Masfout,04/01/2023,131.53440000000003
Masfout,04/01/2023,125.6448
Masfout,04/01/2023,121.7184
Masfout,04/01/2023,119.7552
Masfout,04/01/2023,107.976
Masfout,04/01/2023,111.9024
Masfout,04/01/2023,115.8288
Masfout,04/01/2023,109.9392
Masfout,05/01/2023,106.0128
Masfout,05/01/2023,102.0864
Masfout,05/01/2023,100.1232
Masfout,05/01/2023,98.16
Masfout,05/01/2023,102.0864
Masfout,05/01/2023,100.1232
Masfout,05/01/2023,96.1968
Masfout,05/01/2023,72.63839999999999
Masfout,05/01/2023,86.3808
Masfout,05/01/2023,98.16
Masfout,05/01/2023,107.976
Masfout,05/01/2023,104.0496
Masfout,05/01/2023,109.9392
Masfout,05/01/2023,113.8656
Masfout,05/01/2023,123.6816
Masfout,05/01/2023,131.53440000000003
Masfout,05/01/2023,137.424
Masfout,05/01/2023,139.38719999999998
Masfout,05/01/2023,117.792
Masfout,05/01/2023,107.976
Masfout,05/01/2023,98.16
Masfout,05/01/2023,92.2704
Masfout,05/01/2023,92.2704
Masfout,05/01/2023,86.3808
Masfout,06/01/2023,82.4544
Masfout,06/01/2023,90.3072
Masfout,06/01/2023,88.34400000000001
Masfout,06/01/2023,84.4176
Masfout,06/01/2023,86.3808
Masfout,06/01/2023,86.3808
Masfout,06/01/2023,72.63839999999999
Masfout,06/01/2023,66.74880000000002
Masfout,06/01/2023,58.896
Masfout,06/01/2023,88.34400000000001
Masfout,06/01/2023,109.9392
Masfout,06/01/2023,113.8656
Masfout,06/01/2023,113.8656
Masfout,06/01/2023,109.9392
Masfout,06/01/2023,107.976
Masfout,06/01/2023,113.8656
Masfout,06/01/2023,90.3072
Masfout,06/01/2023,90.3072
Masfout,06/01/2023,82.4544
Masfout,06/01/2023,76.5648
Masfout,06/01/2023,70.67519999999999
Masfout,06/01/2023,82.4544
Masfout,06/01/2023,90.3072
Masfout,06/01/2023,92.2704
Masfout,07/01/2023,90.3072
Masfout,07/01/2023,92.2704
Masfout,07/01/2023,90.3072
Masfout,07/01/2023,88.34400000000001
Masfout,07/01/2023,84.4176
Masfout,07/01/2023,84.4176
Masfout,07/01/2023,86.3808
Masfout,07/01/2023,78.528
Masfout,07/01/2023,80.49119999999999
Masfout,07/01/2023,88.34400000000001
Masfout,07/01/2023,92.2704
Masfout,07/01/2023,100.1232
Masfout,07/01/2023,107.976
Masfout,07/01/2023,109.9392
Masfout,07/01/2023,90.3072
Masfout,07/01/2023,70.67519999999999
Masfout,07/01/2023,88.34400000000001
Masfout,07/01/2023,88.34400000000001
Masfout,07/01/2023,88.34400000000001
Masfout,07/01/2023,72.63839999999999
Masfout,07/01/2023,72.63839999999999
Masfout,07/01/2023,60.8592
Masfout,07/01/2023,70.67519999999999
Masfout,07/01/2023,64.7856
Masfout,08/01/2023,62.8224
Masfout,08/01/2023,72.63839999999999
Masfout,08/01/2023,66.74880000000002
Masfout,08/01/2023,54.9696
Masfout,08/01/2023,45.1536
Masfout,08/01/2023,49.080000000000005
Masfout,08/01/2023,43.1904
Masfout,08/01/2023,27.4848
Masfout,08/01/2023,51.0432
Masfout,08/01/2023,76.5648
Masfout,08/01/2023,92.2704
Masfout,08/01/2023,96.1968
Masfout,08/01/2023,94.2336
Masfout,08/01/2023,94.2336
Masfout,08/01/2023,102.0864
Masfout,08/01/2023,104.0496
Masfout,08/01/2023,107.976
Masfout,08/01/2023,104.0496
Masfout,08/01/2023,90.3072
Masfout,08/01/2023,96.1968
Masfout,08/01/2023,88.34400000000001
Masfout,08/01/2023,84.4176
Masfout,08/01/2023,88.34400000000001
Masfout,08/01/2023,80.49119999999999
Masfout,09/01/2023,74.6016
Masfout,09/01/2023,82.4544
Masfout,09/01/2023,86.3808
Masfout,09/01/2023,84.4176
Masfout,09/01/2023,76.5648
Masfout,09/01/2023,62.8224
Masfout,09/01/2023,62.8224
Masfout,09/01/2023,39.264
Masfout,09/01/2023,78.528
Masfout,09/01/2023,106.0128
Masfout,09/01/2023,106.0128
Masfout,09/01/2023,104.0496
Masfout,09/01/2023,98.16
Masfout,09/01/2023,96.1968
Masfout,09/01/2023,96.1968
Masfout,09/01/2023,100.1232
Masfout,09/01/2023,106.0128
Masfout,09/01/2023,121.7184
Masfout,09/01/2023,131.53440000000003
Masfout,09/01/2023,133.49760000000003
Masfout,09/01/2023,131.53440000000003
Masfout,09/01/2023,135.4608
Masfout,09/01/2023,133.49760000000003
Masfout,09/01/2023,127.608
Masfout,10/01/2023,119.7552
Masfout,10/01/2023,115.8288
Masfout,10/01/2023,107.976
Masfout,10/01/2023,102.0864
Masfout,10/01/2023,111.9024
Masfout,10/01/2023,104.0496
Masfout,10/01/2023,100.1232
Masfout,10/01/2023,70.67519999999999
Masfout,10/01/2023,90.3072
Masfout,10/01/2023,102.0864
Masfout,10/01/2023,104.0496
Masfout,10/01/2023,106.0128
Masfout,10/01/2023,107.976
Masfout,10/01/2023,98.16
Masfout,10/01/2023,96.1968
Masfout,10/01/2023,94.2336
Masfout,10/01/2023,96.1968
Masfout,10/01/2023,94.2336
Masfout,10/01/2023,90.3072
Masfout,10/01/2023,98.16
Masfout,10/01/2023,88.34400000000001
Masfout,10/01/2023,88.34400000000001
Masfout,10/01/2023,80.49119999999999
Masfout,10/01/2023,76.5648
Masfout,11/01/2023,72.63839999999999
Masfout,11/01/2023,74.6016
Masfout,11/01/2023,80.49119999999999
Masfout,11/01/2023,76.5648
Masfout,11/01/2023,78.528
Masfout,11/01/2023,88.34400000000001
Masfout,11/01/2023,88.34400000000001
Masfout,11/01/2023,86.3808
Masfout,11/01/2023,94.2336
Masfout,11/01/2023,100.1232
Masfout,11/01/2023,100.1232
Masfout,11/01/2023,100.1232
Masfout,11/01/2023,96.1968
Masfout,11/01/2023,111.9024
Masfout,11/01/2023,125.6448
Masfout,11/01/2023,125.6448
Masfout,11/01/2023,121.7184
Masfout,11/01/2023,111.9024
Masfout,11/01/2023,106.0128
Masfout,11/01/2023,104.0496
Masfout,11/01/2023,94.2336
Masfout,11/01/2023,90.3072
Masfout,11/01/2023,88.34400000000001
Masfout,11/01/2023,90.3072
Masfout,12/01/2023,80.49119999999999
Masfout,12/01/2023,66.74880000000002
Masfout,12/01/2023,72.63839999999999
Masfout,12/01/2023,72.63839999999999
Masfout,12/01/2023,70.67519999999999
Masfout,12/01/2023,54.9696
Masfout,12/01/2023,35.337599999999995
Masfout,12/01/2023,33.37440000000001
Masfout,12/01/2023,47.1168
Masfout,12/01/2023,88.34400000000001
Masfout,12/01/2023,98.16
Masfout,12/01/2023,96.1968
Masfout,12/01/2023,100.1232
Masfout,12/01/2023,100.1232
Masfout,12/01/2023,100.1232
Masfout,12/01/2023,100.1232
Masfout,12/01/2023,100.1232
Masfout,12/01/2023,100.1232
Masfout,12/01/2023,98.16
Masfout,12/01/2023,98.16
Masfout,12/01/2023,92.2704
Masfout,12/01/2023,86.3808
Masfout,12/01/2023,86.3808
Masfout,12/01/2023,92.2704
Masfout,13/01/2023,88.34400000000001
Masfout,13/01/2023,86.3808
Masfout,13/01/2023,84.4176
Masfout,13/01/2023,86.3808
Masfout,13/01/2023,88.34400000000001
Masfout,13/01/2023,90.3072
Masfout,13/01/2023,88.34400000000001
Masfout,13/01/2023,80.49119999999999
Masfout,13/01/2023,82.4544
Masfout,13/01/2023,88.34400000000001
Masfout,13/01/2023,94.2336
Masfout,13/01/2023,96.1968
Masfout,13/01/2023,100.1232
Masfout,13/01/2023,104.0496
Masfout,13/01/2023,109.9392
Masfout,13/01/2023,111.9024
Masfout,13/01/2023,107.976
Masfout,13/01/2023,104.0496
Masfout,13/01/2023,102.0864
Masfout,13/01/2023,100.1232
Masfout,13/01/2023,96.1968
Masfout,13/01/2023,92.2704
Masfout,13/01/2023,88.34400000000001
Masfout,13/01/2023,84.4176
Masfout,14/01/2023,86.3808
Masfout,14/01/2023,90.3072
Masfout,14/01/2023,88.34400000000001
Masfout,14/01/2023,84.4176
Masfout,14/01/2023,86.3808
Masfout,14/01/2023,90.3072
Masfout,14/01/2023,84.4176
Masfout,14/01/2023,82.4544
Masfout,14/01/2023,88.34400000000001
Masfout,14/01/2023,98.16
Masfout,14/01/2023,106.0128
Masfout,14/01/2023,106.0128
Masfout,14/01/2023,104.0496
Masfout,14/01/2023,106.0128
Masfout,14/01/2023,127.608
Masfout,14/01/2023,141.35039999999998
Masfout,14/01/2023,143.31359999999998
Masfout,14/01/2023,135.4608
Masfout,14/01/2023,127.608
Masfout,14/01/2023,125.6448
Masfout,14/01/2023,113.8656
Masfout,14/01/2023,107.976
Masfout,14/01/2023,102.0864
Masfout,14/01/2023,102.0864
Masfout,15/01/2023,94.2336
Masfout,15/01/2023,88.34400000000001
Masfout,15/01/2023,82.4544
Masfout,15/01/2023,82.4544
Masfout,15/01/2023,88.34400000000001
Masfout,15/01/2023,84.4176
Masfout,15/01/2023,82.4544
Masfout,15/01/2023,82.4544
Masfout,15/01/2023,94.2336
Masfout,15/01/2023,107.976
Masfout,15/01/2023,106.0128
Masfout,15/01/2023,106.0128
Masfout,15/01/2023,107.976
Masfout,15/01/2023,109.9392
Masfout,15/01/2023,117.792
Masfout,15/01/2023,129.5712
Masfout,15/01/2023,127.608
Masfout,15/01/2023,121.7184
Masfout,15/01/2023,119.7552
Masfout,15/01/2023,117.792
Masfout,15/01/2023,111.9024
Masfout,15/01/2023,109.9392
Masfout,15/01/2023,106.0128
Masfout,15/01/2023,98.16
Masfout,16/01/2023,68.712
Masfout,16/01/2023,60.8592
Masfout,16/01/2023,58.896
Masfout,16/01/2023,58.896
Masfout,16/01/2023,58.896
Masfout,16/01/2023,53.0064
Masfout,16/01/2023,37.3008
Masfout,16/01/2023,43.1904
Masfout,16/01/2023,49.080000000000005
Masfout,16/01/2023,72.63839999999999
Masfout,16/01/2023,88.34400000000001
Masfout,16/01/2023,90.3072
Masfout,16/01/2023,90.3072
Masfout,16/01/2023,90.3072
Masfout,16/01/2023,94.2336
Masfout,16/01/2023,100.1232
Masfout,16/01/2023,104.0496
Masfout,16/01/2023,119.7552
Masfout,16/01/2023,147.24
Masfout,16/01/2023,106.0128
Masfout,16/01/2023,92.2704
Masfout,16/01/2023,90.3072
Masfout,16/01/2023,84.4176
Masfout,16/01/2023,76.5648
Masfout,17/01/2023,82.4544
Masfout,17/01/2023,86.3808
Masfout,17/01/2023,66.74880000000002
Masfout,17/01/2023,43.1904
Masfout,17/01/2023,49.080000000000005
Masfout,17/01/2023,51.0432
Masfout,17/01/2023,56.93280000000001
Masfout,17/01/2023,60.8592
Masfout,17/01/2023,92.2704
Masfout,17/01/2023,113.8656
Masfout,17/01/2023,121.7184
Masfout,17/01/2023,135.4608
Masfout,17/01/2023,153.1296
Masfout,17/01/2023,160.98239999999998
Masfout,17/01/2023,162.9456
Masfout,17/01/2023,182.5776
Masfout,17/01/2023,147.24
Masfout,17/01/2023,131.53440000000003
Masfout,17/01/2023,117.792
Masfout,17/01/2023,111.9024
Masfout,17/01/2023,107.976
Masfout,17/01/2023,104.0496
Masfout,17/01/2023,106.0128
Masfout,17/01/2023,98.16
Masfout,18/01/2023,96.1968
Masfout,18/01/2023,86.3808
Masfout,18/01/2023,96.1968
Masfout,18/01/2023,80.49119999999999
Masfout,18/01/2023,76.5648
Masfout,18/01/2023,64.7856
Masfout,18/01/2023,72.63839999999999
Masfout,18/01/2023,78.528
Masfout,18/01/2023,80.49119999999999
Masfout,18/01/2023,78.528
Masfout,18/01/2023,70.67519999999999
Masfout,18/01/2023,78.528
Masfout,18/01/2023,94.2336
Masfout,18/01/2023,104.0496
Masfout,18/01/2023,107.976
Masfout,18/01/2023,104.0496
Masfout,18/01/2023,106.0128
Masfout,18/01/2023,102.0864
Masfout,18/01/2023,98.16
Masfout,18/01/2023,94.2336
Masfout,18/01/2023,94.2336
Masfout,18/01/2023,98.16
Masfout,18/01/2023,98.16
Masfout,18/01/2023,98.16
Masfout,19/01/2023,96.1968
Masfout,19/01/2023,98.16
Masfout,19/01/2023,100.1232
Masfout,19/01/2023,100.1232
Masfout,19/01/2023,100.1232
Masfout,19/01/2023,100.1232
Masfout,19/01/2023,98.16
Masfout,19/01/2023,98.16
Masfout,19/01/2023,98.16
Masfout,19/01/2023,102.0864
Masfout,19/01/2023,104.0496
Masfout,19/01/2023,104.0496
Masfout,19/01/2023,109.9392
Masfout,19/01/2023,117.792
Masfout,19/01/2023,117.792
Masfout,19/01/2023,115.8288
Masfout,19/01/2023,125.6448
Masfout,19/01/2023,131.53440000000003
Masfout,19/01/2023,127.608
Masfout,19/01/2023,121.7184
Masfout,19/01/2023,113.8656
Masfout,19/01/2023,106.0128
Masfout,19/01/2023,84.4176
Masfout,19/01/2023,68.712
Masfout,20/01/2023,68.712
Masfout,20/01/2023,56.93280000000001
Masfout,20/01/2023,54.9696
Masfout,20/01/2023,53.0064
Masfout,20/01/2023,53.0064
Masfout,20/01/2023,54.9696
Masfout,20/01/2023,47.1168
Masfout,20/01/2023,33.37440000000001
Masfout,20/01/2023,41.2272
Masfout,20/01/2023,74.6016
Masfout,20/01/2023,98.16
Masfout,20/01/2023,104.0496
Masfout,20/01/2023,106.0128
Masfout,20/01/2023,
Masfout,20/01/2023,115.8288
Masfout,20/01/2023,135.4608
Masfout,20/01/2023,98.16
Masfout,20/01/2023,98.16
Masfout,20/01/2023,96.1968
Masfout,20/01/2023,94.2336
Masfout,20/01/2023,90.3072
Masfout,20/01/2023,88.34400000000001
Masfout,20/01/2023,86.3808
Masfout,20/01/2023,80.49119999999999
Masfout,21/01/2023,74.6016
Masfout,21/01/2023,74.6016
Masfout,21/01/2023,74.6016
Masfout,21/01/2023,76.5648
Masfout,21/01/2023,74.6016
Masfout,21/01/2023,80.49119999999999
Masfout,21/01/2023,78.528
Masfout,21/01/2023,74.6016
Masfout,21/01/2023,84.4176
Masfout,21/01/2023,100.1232
Masfout,21/01/2023,104.0496
Masfout,21/01/2023,106.0128
Masfout,21/01/2023,107.976
Masfout,21/01/2023,111.9024
Masfout,21/01/2023,113.8656
Masfout,21/01/2023,113.8656
Masfout,21/01/2023,113.8656
Masfout,21/01/2023,111.9024
Masfout,21/01/2023,107.976
Masfout,21/01/2023,104.0496
Masfout,21/01/2023,102.0864
Masfout,21/01/2023,94.2336
Masfout,21/01/2023,88.34400000000001
Masfout,21/01/2023,88.34400000000001
Masfout,22/01/2023,82.4544
Masfout,22/01/2023,86.3808
Masfout,22/01/2023,92.2704
Masfout,22/01/2023,96.1968
Masfout,22/01/2023,92.2704
Masfout,22/01/2023,92.2704
Masfout,22/01/2023,88.34400000000001
Masfout,22/01/2023,78.528
Masfout,22/01/2023,84.4176
Masfout,22/01/2023,96.1968
Masfout,22/01/2023,100.1232
Masfout,22/01/2023,107.976
Masfout,22/01/2023,111.9024
Masfout,22/01/2023,115.8288
Masfout,22/01/2023,117.792
Masfout,22/01/2023,115.8288
Masfout,22/01/2023,117.792
Masfout,22/01/2023,117.792
Masfout,22/01/2023,113.8656
Masfout,22/01/2023,111.9024
Masfout,22/01/2023,106.0128
Masfout,22/01/2023,102.0864
Masfout,22/01/2023,100.1232
Masfout,22/01/2023,102.0864
Masfout,23/01/2023,104.0496
Masfout,23/01/2023,100.1232
Masfout,23/01/2023,98.16
Masfout,23/01/2023,96.1968
Masfout,23/01/2023,96.1968
Masfout,23/01/2023,96.1968
Masfout,23/01/2023,100.1232
Masfout,23/01/2023,98.16
Masfout,23/01/2023,102.0864
Masfout,23/01/2023,106.0128
Masfout,23/01/2023,106.0128
Masfout,23/01/2023,106.0128
Masfout,23/01/2023,104.0496
Masfout,23/01/2023,109.9392
Masfout,23/01/2023,111.9024
Masfout,23/01/2023,113.8656
Masfout,23/01/2023,111.9024
Masfout,23/01/2023,109.9392
Masfout,23/01/2023,111.9024
Masfout,23/01/2023,109.9392
Masfout,23/01/2023,106.0128
Masfout,23/01/2023,104.0496
Masfout,23/01/2023,102.0864
Masfout,23/01/2023,98.16
Masfout,24/01/2023,98.16
Masfout,24/01/2023,94.2336
Masfout,24/01/2023,78.528
Masfout,24/01/2023,80.49119999999999
Masfout,24/01/2023,84.4176
Masfout,24/01/2023,88.34400000000001
Masfout,24/01/2023,88.34400000000001
Masfout,24/01/2023,86.3808
Masfout,24/01/2023,92.2704
Masfout,24/01/2023,100.1232
Masfout,24/01/2023,104.0496
Masfout,24/01/2023,106.0128
Masfout,24/01/2023,107.976
Masfout,24/01/2023,109.9392
Masfout,24/01/2023,111.9024
Masfout,24/01/2023,113.8656
Masfout,24/01/2023,111.9024
Masfout,24/01/2023,109.9392
Masfout,24/01/2023,109.9392
Masfout,24/01/2023,107.976
Masfout,24/01/2023,104.0496
Masfout,24/01/2023,100.1232
Masfout,24/01/2023,94.2336
Masfout,24/01/2023,96.1968
Masfout,25/01/2023,90.3072
Masfout,25/01/2023,90.3072
Masfout,25/01/2023,100.1232
Masfout,25/01/2023,102.0864
Masfout,25/01/2023,104.0496
Masfout,25/01/2023,104.0496
Masfout,25/01/2023,94.2336
Masfout,25/01/2023,94.2336
Masfout,25/01/2023,92.2704
Masfout,25/01/2023,96.1968
Masfout,25/01/2023,100.1232
Masfout,25/01/2023,96.1968
Masfout,25/01/2023,94.2336
Masfout,25/01/2023,98.16
Masfout,25/01/2023,100.1232
Masfout,25/01/2023,100.1232
Masfout,25/01/2023,94.2336
Masfout,25/01/2023,88.34400000000001
Masfout,25/01/2023,94.2336
Masfout,25/01/2023,96.1968
Masfout,25/01/2023,84.4176
Masfout,25/01/2023,84.4176
Masfout,25/01/2023,98.16
Masfout,25/01/2023,90.3072
Masfout,26/01/2023,92.2704
Masfout,26/01/2023,94.2336
Masfout,26/01/2023,90.3072
Masfout,26/01/2023,90.3072
Masfout,26/01/2023,88.34400000000001
Masfout,26/01/2023,84.4176
Masfout,26/01/2023,78.528
Masfout,26/01/2023,86.3808
Masfout,26/01/2023,94.2336
Masfout,26/01/2023,94.2336
Masfout,26/01/2023,96.1968
Masfout,26/01/2023,96.1968
Masfout,26/01/2023,98.16
Masfout,26/01/2023,98.16
Masfout,26/01/2023,100.1232
Masfout,26/01/2023,100.1232
Masfout,26/01/2023,96.1968
Masfout,26/01/2023,92.2704
Masfout,26/01/2023,90.3072
Masfout,26/01/2023,90.3072
Masfout,26/01/2023,88.34400000000001
Masfout,26/01/2023,86.3808
Masfout,26/01/2023,92.2704
Masfout,26/01/2023,94.2336
Masfout,27/01/2023,90.3072
Masfout,27/01/2023,84.4176
Masfout,27/01/2023,92.2704
Masfout,27/01/2023,94.2336
Masfout,27/01/2023,96.1968
Masfout,27/01/2023,96.1968
Masfout,27/01/2023,98.16
Masfout,27/01/2023,98.16
Masfout,27/01/2023,94.2336
Masfout,27/01/2023,98.16
Masfout,27/01/2023,94.2336
Masfout,27/01/2023,92.2704
Masfout,27/01/2023,94.2336
Masfout,27/01/2023,96.1968
Masfout,27/01/2023,96.1968
Masfout,27/01/2023,92.2704
Masfout,27/01/2023,88.34400000000001
Masfout,27/01/2023,88.34400000000001
Masfout,27/01/2023,90.3072
Masfout,27/01/2023,90.3072
Masfout,27/01/2023,88.34400000000001
Masfout,27/01/2023,90.3072
Masfout,27/01/2023,88.34400000000001
Masfout,27/01/2023,88.34400000000001
Masfout,28/01/2023,84.4176
Masfout,28/01/2023,82.4544
Masfout,28/01/2023,80.49119999999999
Masfout,28/01/2023,78.528
Masfout,28/01/2023,74.6016
Masfout,28/01/2023,68.712
Masfout,28/01/2023,68.712
Masfout,28/01/2023,70.67519999999999
Masfout,28/01/2023,62.8224
Masfout,28/01/2023,70.67519999999999
Masfout,28/01/2023,84.4176
Masfout,28/01/2023,90.3072
Masfout,28/01/2023,96.1968
Masfout,28/01/2023,104.0496
Masfout,28/01/2023,111.9024
Masfout,28/01/2023,113.8656
Masfout,28/01/2023,111.9024
Masfout,28/01/2023,104.0496
Masfout,28/01/2023,96.1968
Masfout,28/01/2023,92.2704
Masfout,28/01/2023,88.34400000000001
Masfout,28/01/2023,76.5648
Masfout,28/01/2023,74.6016
Masfout,28/01/2023,70.67519999999999
Masfout,29/01/2023,66.74880000000002
Masfout,29/01/2023,70.67519999999999
Masfout,29/01/2023,56.93280000000001
Masfout,29/01/2023,54.9696
Masfout,29/01/2023,54.9696
Masfout,29/01/2023,51.0432
Masfout,29/01/2023,27.4848
Masfout,29/01/2023,21.5952
Masfout,29/01/2023,41.2272
Masfout,29/01/2023,78.528
Masfout,29/01/2023,96.1968
Masfout,29/01/2023,102.0864
Masfout,29/01/2023,104.0496
Masfout,29/01/2023,104.0496
Masfout,29/01/2023,107.976
Masfout,29/01/2023,113.8656
Masfout,29/01/2023,111.9024
Masfout,29/01/2023,109.9392
Masfout,29/01/2023,104.0496
Masfout,29/01/2023,100.1232
Masfout,29/01/2023,94.2336
Masfout,29/01/2023,102.0864
Masfout,29/01/2023,92.2704
Masfout,29/01/2023,80.49119999999999
Masfout,30/01/2023,60.8592
Masfout,30/01/2023,45.1536
Masfout,30/01/2023,51.0432
Masfout,30/01/2023,56.93280000000001
Masfout,30/01/2023,60.8592
Masfout,30/01/2023,62.8224
Masfout,30/01/2023,47.1168
Masfout,30/01/2023,45.1536
Masfout,30/01/2023,60.8592
Masfout,30/01/2023,100.1232
Masfout,30/01/2023,102.0864
Masfout,30/01/2023,106.0128
Masfout,30/01/2023,111.9024
Masfout,30/01/2023,113.8656
Masfout,30/01/2023,113.8656
Masfout,30/01/2023,115.8288
Masfout,30/01/2023,113.8656
Masfout,30/01/2023,109.9392
Masfout,30/01/2023,121.7184
Masfout,30/01/2023,139.38719999999998
Masfout,30/01/2023,135.4608
Masfout,30/01/2023,131.53440000000003
Masfout,30/01/2023,125.6448
Masfout,30/01/2023,119.7552
Masfout,31/01/2023,123.6816
Masfout,31/01/2023,121.7184
Masfout,31/01/2023,115.8288
Masfout,31/01/2023,109.9392
Masfout,31/01/2023,104.0496
Masfout,31/01/2023,88.34400000000001
Masfout,31/01/2023,88.34400000000001
Masfout,31/01/2023,90.3072
Masfout,31/01/2023,94.2336
Masfout,31/01/2023,109.9392
Masfout,31/01/2023,113.8656
Masfout,31/01/2023,115.8288
Masfout,31/01/2023,115.8288
Masfout,31/01/2023,121.7184
Masfout,31/01/2023,139.38719999999998
Masfout,31/01/2023,131.53440000000003
Masfout,31/01/2023,127.608
Masfout,31/01/2023,121.7184
Masfout,31/01/2023,119.7552
Masfout,31/01/2023,119.7552
Masfout,31/01/2023,113.8656
Masfout,31/01/2023,109.9392
Masfout,31/01/2023,106.0128
Masfout,31/01/2023,100.1232
Envi,01/01/2023,1.9632
Envi,01/01/2023,1.9632
Envi,01/01/2023,1.9632
Envi,01/01/2023,1.9632
Envi,01/01/2023,1.9632
Envi,01/01/2023,1.9632
Envi,01/01/2023,1.9632
Envi,01/01/2023,1.9632
Envi,01/01/2023,1.9632
Envi,01/01/2023,11.7792
Envi,01/01/2023,31.4112
Envi,01/01/2023,62.8224
Envi,01/01/2023,82.4544
Envi,01/01/2023,88.34400000000001
Envi,01/01/2023,88.34400000000001
Envi,01/01/2023,82.4544
Envi,01/01/2023,70.67519999999999
Envi,01/01/2023,47.1168
Envi,01/01/2023,37.3008
Envi,01/01/2023,23.5584
Envi,01/01/2023,27.4848
Envi,01/01/2023,13.7424
Envi,01/01/2023,1.9632
Envi,01/01/2023,1.9632
Envi,02/01/2023,1.9632
Envi,02/01/2023,1.9632
Envi,02/01/2023,1.9632
Envi,02/01/2023,1.9632
Envi,02/01/2023,1.9632
Envi,02/01/2023,3.9264
Envi,02/01/2023,1.9632
Envi,02/01/2023,3.9264
Envi,02/01/2023,5.8896
Envi,02/01/2023,15.7056
Envi,02/01/2023,31.4112
Envi,02/01/2023,58.896
Envi,02/01/2023,66.74880000000002
Envi,02/01/2023,74.6016
Envi,02/01/2023,74.6016
Envi,02/01/2023,72.63839999999999
Envi,02/01/2023,70.67519999999999
Envi,02/01/2023,51.0432
Envi,02/01/2023,39.264
Envi,02/01/2023,15.7056
Envi,02/01/2023,15.7056
Envi,02/01/2023,7.8528
Envi,02/01/2023,9.816
Envi,02/01/2023,15.7056
Envi,03/01/2023,27.4848
Envi,03/01/2023,25.5216
Envi,03/01/2023,43.1904
Envi,03/01/2023,31.4112
Envi,03/01/2023,13.7424
Envi,03/01/2023,3.9264
Envi,03/01/2023,
Envi,03/01/2023,1.9632
Envi,03/01/2023,1.9632
Envi,03/01/2023,13.7424
Envi,03/01/2023,17.668799999999997
Envi,03/01/2023,35.337599999999995
Envi,03/01/2023,39.264
Envi,03/01/2023,60.8592
Envi,03/01/2023,54.9696
Envi,03/01/2023,76.5648
Envi,03/01/2023,68.712
Envi,03/01/2023,58.896
Envi,03/01/2023,39.264
Envi,03/01/2023,27.4848
Envi,03/01/2023,11.7792
Envi,03/01/2023,7.8528
Envi,03/01/2023,11.7792
Envi,03/01/2023,11.7792
Envi,04/01/2023,17.668799999999997
Envi,04/01/2023,17.668799999999997
Envi,04/01/2023,39.264
Envi,04/01/2023,62.8224
Envi,04/01/2023,74.6016
Envi,04/01/2023,37.3008
Envi,04/01/2023,29.448
Envi,04/01/2023,9.816
Envi,04/01/2023,35.337599999999995
Envi,04/01/2023,49.080000000000005
Envi,04/01/2023,60.8592
Envi,04/01/2023,70.67519999999999
Envi,04/01/2023,78.528
Envi,04/01/2023,80.49119999999999
Envi,04/01/2023,78.528
Envi,04/01/2023,76.5648
Envi,04/01/2023,66.74880000000002
Envi,04/01/2023,45.1536
Envi,04/01/2023,62.8224
Envi,04/01/2023,60.8592
Envi,04/01/2023,56.93280000000001
Envi,04/01/2023,56.93280000000001
Envi,04/01/2023,62.8224
Envi,04/01/2023,58.896
Envi,05/01/2023,62.8224
Envi,05/01/2023,62.8224
Envi,05/01/2023,60.8592
Envi,05/01/2023,62.8224
Envi,05/01/2023,47.1168
Envi,05/01/2023,25.5216
Envi,05/01/2023,13.7424
Envi,05/01/2023,15.7056
Envi,05/01/2023,31.4112
Envi,05/01/2023,53.0064
Envi,05/01/2023,68.712
Envi,05/01/2023,70.67519999999999
Envi,05/01/2023,78.528
Envi,05/01/2023,80.49119999999999
Envi,05/01/2023,82.4544
Envi,05/01/2023,37.3008
Envi,05/01/2023,25.5216
Envi,05/01/2023,25.5216
Envi,05/01/2023,27.4848
Envi,05/01/2023,15.7056
Envi,05/01/2023,13.7424
Envi,05/01/2023,13.7424
Envi,05/01/2023,33.37440000000001
Envi,05/01/2023,49.080000000000005
Envi,06/01/2023,51.0432
Envi,06/01/2023,29.448
Envi,06/01/2023,27.4848
Envi,06/01/2023,33.37440000000001
Envi,06/01/2023,45.1536
Envi,06/01/2023,31.4112
Envi,06/01/2023,11.7792
Envi,06/01/2023,7.8528
Envi,06/01/2023,13.7424
Envi,06/01/2023,56.93280000000001
Envi,06/01/2023,60.8592
Envi,06/01/2023,66.74880000000002
Envi,06/01/2023,41.2272
Envi,06/01/2023,66.74880000000002
Envi,06/01/2023,80.49119999999999
Envi,06/01/2023,72.63839999999999
Envi,06/01/2023,66.74880000000002
Envi,06/01/2023,54.9696
Envi,06/01/2023,39.264
Envi,06/01/2023,41.2272
Envi,06/01/2023,45.1536
Envi,06/01/2023,37.3008
Envi,06/01/2023,27.4848
Envi,06/01/2023,25.5216
Envi,07/01/2023,23.5584
Envi,07/01/2023,33.37440000000001
Envi,07/01/2023,39.264
Envi,07/01/2023,35.337599999999995
Envi,07/01/2023,31.4112
Envi,07/01/2023,56.93280000000001
Envi,07/01/2023,41.2272
Envi,07/01/2023,31.4112
Envi,07/01/2023,19.632
Envi,07/01/2023,15.7056
Envi,07/01/2023,23.5584
Envi,07/01/2023,39.264
Envi,07/01/2023,45.1536
Envi,07/01/2023,51.0432
Envi,07/01/2023,51.0432
Envi,07/01/2023,23.5584
Envi,07/01/2023,23.5584
Envi,07/01/2023,19.632
Envi,07/01/2023,31.4112
Envi,07/01/2023,23.5584
Envi,07/01/2023,7.8528
Envi,07/01/2023,1.9632
Envi,07/01/2023,1.9632
Envi,07/01/2023,1.9632
Envi,08/01/2023,
Envi,08/01/2023,
Envi,08/01/2023,
Envi,08/01/2023,1.9632
Envi,08/01/2023,1.9632
Envi,08/01/2023,1.9632
Envi,08/01/2023,
Envi,08/01/2023,
Envi,08/01/2023,1.9632
Envi,08/01/2023,9.816
Envi,08/01/2023,25.5216
Envi,08/01/2023,35.337599999999995
Envi,08/01/2023,53.0064
Envi,08/01/2023,56.93280000000001
Envi,08/01/2023,64.7856
Envi,08/01/2023,62.8224
Envi,08/01/2023,53.0064
Envi,08/01/2023,35.337599999999995
Envi,08/01/2023,29.448
Envi,08/01/2023,13.7424
Envi,08/01/2023,15.7056
Envi,08/01/2023,21.5952
Envi,08/01/2023,19.632
Envi,08/01/2023,23.5584
Envi,09/01/2023,37.3008
Envi,09/01/2023,41.2272
Envi,09/01/2023,27.4848
Envi,09/01/2023,
Envi,09/01/2023,
Envi,09/01/2023,
Envi,09/01/2023,
Envi,09/01/2023,
Envi,09/01/2023,1.9632
Envi,09/01/2023,7.8528
Envi,09/01/2023,31.4112
Envi,09/01/2023,37.3008
Envi,09/01/2023,54.9696
Envi,09/01/2023,68.712
Envi,09/01/2023,70.67519999999999
Envi,09/01/2023,76.5648
Envi,09/01/2023,58.896
Envi,09/01/2023,45.1536
Envi,09/01/2023,39.264
Envi,09/01/2023,17.668799999999997
Envi,09/01/2023,13.7424
Envi,09/01/2023,9.816
Envi,09/01/2023,9.816
Envi,09/01/2023,3.9264
Envi,10/01/2023,1.9632
Envi,10/01/2023,1.9632
Envi,10/01/2023,5.8896
Envi,10/01/2023,5.8896
Envi,10/01/2023,1.9632
Envi,10/01/2023,3.9264
Envi,10/01/2023,1.9632
Envi,10/01/2023,
Envi,10/01/2023,11.7792
Envi,10/01/2023,17.668799999999997
Envi,10/01/2023,56.93280000000001
Envi,10/01/2023,70.67519999999999
Envi,10/01/2023,76.5648
Envi,10/01/2023,78.528
Envi,10/01/2023,82.4544
Envi,10/01/2023,58.896
Envi,10/01/2023,47.1168
Envi,10/01/2023,45.1536
Envi,10/01/2023,39.264
Envi,10/01/2023,39.264
Envi,10/01/2023,35.337599999999995
Envi,10/01/2023,31.4112
Envi,10/01/2023,29.448
Envi,10/01/2023,39.264
Envi,11/01/2023,54.9696
Envi,11/01/2023,62.8224
Envi,11/01/2023,72.63839999999999
Envi,11/01/2023,74.6016
Envi,11/01/2023,76.5648
Envi,11/01/2023,54.9696
Envi,11/01/2023,33.37440000000001
Envi,11/01/2023,19.632
Envi,11/01/2023,37.3008
Envi,11/01/2023,45.1536
Envi,11/01/2023,54.9696
Envi,11/01/2023,60.8592
Envi,11/01/2023,58.896
Envi,11/01/2023,58.896
Envi,11/01/2023,54.9696
Envi,11/01/2023,58.896
Envi,11/01/2023,54.9696
Envi,11/01/2023,51.0432
Envi,11/01/2023,43.1904
Envi,11/01/2023,37.3008
Envi,11/01/2023,35.337599999999995
Envi,11/01/2023,37.3008
Envi,11/01/2023,49.080000000000005
Envi,11/01/2023,31.4112
Envi,12/01/2023,11.7792
Envi,12/01/2023,
Envi,12/01/2023,
Envi,12/01/2023,
Envi,12/01/2023,
Envi,12/01/2023,
Envi,12/01/2023,
Envi,12/01/2023,
Envi,12/01/2023,1.9632
Envi,12/01/2023,7.8528
Envi,12/01/2023,33.37440000000001
Envi,12/01/2023,33.37440000000001
Envi,12/01/2023,49.080000000000005
Envi,12/01/2023,62.8224
Envi,12/01/2023,64.7856
Envi,12/01/2023,64.7856
Envi,12/01/2023,66.74880000000002
Envi,12/01/2023,54.9696
Envi,12/01/2023,33.37440000000001
Envi,12/01/2023,13.7424
Envi,12/01/2023,25.5216
Envi,12/01/2023,17.668799999999997
Envi,12/01/2023,5.8896
Envi,12/01/2023,3.9264
Envi,13/01/2023,3.9264
Envi,13/01/2023,13.7424
Envi,13/01/2023,29.448
Envi,13/01/2023,35.337599999999995
Envi,13/01/2023,29.448
Envi,13/01/2023,21.5952
Envi,13/01/2023,9.816
Envi,13/01/2023,1.9632
Envi,13/01/2023,15.7056
Envi,13/01/2023,25.5216
Envi,13/01/2023,37.3008
Envi,13/01/2023,39.264
Envi,13/01/2023,53.0064
Envi,13/01/2023,68.712
Envi,13/01/2023,72.63839999999999
Envi,13/01/2023,72.63839999999999
Envi,13/01/2023,70.67519999999999
Envi,13/01/2023,60.8592
Envi,13/01/2023,43.1904
Envi,13/01/2023,37.3008
Envi,13/01/2023,19.632
Envi,13/01/2023,19.632
Envi,13/01/2023,35.337599999999995
Envi,13/01/2023,37.3008
Envi,14/01/2023,37.3008
Envi,14/01/2023,39.264
Envi,14/01/2023,45.1536
Envi,14/01/2023,54.9696
Envi,14/01/2023,60.8592
Envi,14/01/2023,56.93280000000001
Envi,14/01/2023,41.2272
Envi,14/01/2023,37.3008
Envi,14/01/2023,31.4112
Envi,14/01/2023,41.2272
Envi,14/01/2023,47.1168
Envi,14/01/2023,49.080000000000005
Envi,14/01/2023,51.0432
Envi,14/01/2023,62.8224
Envi,14/01/2023,68.712
Envi,14/01/2023,70.67519999999999
Envi,14/01/2023,58.896
Envi,14/01/2023,43.1904
Envi,14/01/2023,37.3008
Envi,14/01/2023,25.5216
Envi,14/01/2023,15.7056
Envi,14/01/2023,19.632
Envi,14/01/2023,13.7424
Envi,14/01/2023,9.816
Envi,15/01/2023,5.8896
Envi,15/01/2023,3.9264
Envi,15/01/2023,3.9264
Envi,15/01/2023,35.337599999999995
Envi,15/01/2023,43.1904
Envi,15/01/2023,51.0432
Envi,15/01/2023,27.4848
Envi,15/01/2023,7.8528
Envi,15/01/2023,17.668799999999997
Envi,15/01/2023,23.5584
Envi,15/01/2023,45.1536
Envi,15/01/2023,51.0432
Envi,15/01/2023,58.896
Envi,15/01/2023,54.9696
Envi,15/01/2023,78.528
Envi,15/01/2023,66.74880000000002
Envi,15/01/2023,56.93280000000001
Envi,15/01/2023,39.264
Envi,15/01/2023,27.4848
Envi,15/01/2023,23.5584
Envi,15/01/2023,13.7424
Envi,15/01/2023,5.8896
Envi,15/01/2023,1.9632
Envi,15/01/2023,
Envi,16/01/2023,1.9632
Envi,16/01/2023,
Envi,16/01/2023,1.9632
Envi,16/01/2023,
Envi,16/01/2023,
Envi,16/01/2023,
Envi,16/01/2023,
Envi,16/01/2023,
Envi,16/01/2023,
Envi,16/01/2023,3.9264
Envi,16/01/2023,25.5216
Envi,16/01/2023,49.080000000000005
Envi,16/01/2023,60.8592
Envi,16/01/2023,68.712
Envi,16/01/2023,72.63839999999999
Envi,16/01/2023,74.6016
Envi,16/01/2023,68.712
Envi,16/01/2023,51.0432
Envi,16/01/2023,43.1904
Envi,16/01/2023,25.5216
Envi,16/01/2023,11.7792
Envi,16/01/2023,7.8528
Envi,16/01/2023,1.9632
Envi,16/01/2023,1.9632
Envi,17/01/2023,1.9632
Envi,17/01/2023,
Envi,17/01/2023,
Envi,17/01/2023,
Envi,17/01/2023,
Envi,17/01/2023,
Envi,17/01/2023,
Envi,17/01/2023,
Envi,17/01/2023,3.9264
Envi,17/01/2023,11.7792
Envi,17/01/2023,17.668799999999997
Envi,17/01/2023,27.4848
Envi,17/01/2023,76.5648
Envi,17/01/2023,43.1904
Envi,17/01/2023,51.0432
Envi,17/01/2023,53.0064
Envi,17/01/2023,72.63839999999999
Envi,17/01/2023,60.8592
Envi,17/01/2023,45.1536
Envi,17/01/2023,23.5584
Envi,17/01/2023,13.7424
Envi,17/01/2023,7.8528
Envi,17/01/2023,3.9264
Envi,17/01/2023,3.9264
Envi,18/01/2023,3.9264
Envi,18/01/2023,3.9264
Envi,18/01/2023,3.9264
Envi,18/01/2023,3.9264
Envi,18/01/2023,37.3008
Envi,18/01/2023,51.0432
Envi,18/01/2023,33.37440000000001
Envi,18/01/2023,27.4848
Envi,18/01/2023,21.5952
Envi,18/01/2023,7.8528
Envi,18/01/2023,3.9264
Envi,18/01/2023,3.9264
Envi,18/01/2023,1.9632
Envi,18/01/2023,1.9632
Envi,18/01/2023,1.9632
Envi,18/01/2023,
Envi,18/01/2023,
Envi,18/01/2023,
Envi,18/01/2023,
Envi,18/01/2023,
Envi,18/01/2023,
Envi,18/01/2023,
Envi,18/01/2023,
Envi,18/01/2023,
Envi,19/01/2023,3.9264
Envi,19/01/2023,1.9632
Envi,19/01/2023,7.8528
Envi,19/01/2023,7.8528
Envi,19/01/2023,5.8896
Envi,19/01/2023,1.9632
Envi,19/01/2023,
Envi,19/01/2023,
Envi,19/01/2023,
Envi,19/01/2023,
Envi,19/01/2023,
Envi,19/01/2023,
Envi,19/01/2023,
Envi,19/01/2023,3.9264
Envi,19/01/2023,3.9264
Envi,19/01/2023,3.9264
Envi,19/01/2023,1.9632
Envi,19/01/2023,
Envi,19/01/2023,
Envi,19/01/2023,
Envi,19/01/2023,
Envi,19/01/2023,
Envi,19/01/2023,
Envi,19/01/2023,
Envi,20/01/2023,
Envi,20/01/2023,
Envi,20/01/2023,
Envi,20/01/2023,
Envi,20/01/2023,
Envi,20/01/2023,
Envi,20/01/2023,
Envi,20/01/2023,
Envi,20/01/2023,
Envi,20/01/2023,
Envi,20/01/2023,
Envi,20/01/2023,
Envi,20/01/2023,
Envi,20/01/2023,5.8896
Envi,20/01/2023,9.816
Envi,20/01/2023,9.816
Envi,20/01/2023,5.8896
Envi,20/01/2023,5.8896
Envi,20/01/2023,
Envi,20/01/2023,
Envi,20/01/2023,
Envi,20/01/2023,
Envi,20/01/2023,
Envi,20/01/2023,
Envi,21/01/2023,
Envi,21/01/2023,
Envi,21/01/2023,
Envi,21/01/2023,
Envi,21/01/2023,
Envi,21/01/2023,
Envi,21/01/2023,
Envi,21/01/2023,
Envi,21/01/2023,
Envi,21/01/2023,
Envi,21/01/2023,3.9264
Envi,21/01/2023,9.816
Envi,21/01/2023,11.7792
Envi,21/01/2023,11.7792
Envi,21/01/2023,11.7792
Envi,21/01/2023,9.816
Envi,21/01/2023,13.7424
Envi,21/01/2023,9.816
Envi,21/01/2023,3.9264
Envi,21/01/2023,
Envi,21/01/2023,
Envi,21/01/2023,
Envi,21/01/2023,
Envi,21/01/2023,1.9632
Envi,22/01/2023,
Envi,22/01/2023,
Envi,22/01/2023,
Envi,22/01/2023,
Envi,22/01/2023,
Envi,22/01/2023,
Envi,22/01/2023,
Envi,22/01/2023,
Envi,22/01/2023,
Envi,22/01/2023,1.9632
Envi,22/01/2023,5.8896
Envi,22/01/2023,9.816
Envi,22/01/2023,9.816
Envi,22/01/2023,9.816
Envi,22/01/2023,19.632
Envi,22/01/2023,19.632
Envi,22/01/2023,15.7056
Envi,22/01/2023,13.7424
Envi,22/01/2023,5.8896
Envi,22/01/2023,1.9632
Envi,22/01/2023,
Envi,22/01/2023,1.9632
Envi,22/01/2023,7.8528
Envi,22/01/2023,7.8528
Envi,23/01/2023,5.8896
Envi,23/01/2023,9.816
Envi,23/01/2023,11.7792
Envi,23/01/2023,11.7792
Envi,23/01/2023,5.8896
Envi,23/01/2023,
Envi,23/01/2023,
Envi,23/01/2023,
Envi,23/01/2023,
Envi,23/01/2023,1.9632
Envi,23/01/2023,7.8528
Envi,23/01/2023,13.7424
Envi,23/01/2023,17.668799999999997
Envi,23/01/2023,7.8528
Envi,23/01/2023,1.9632
Envi,23/01/2023,1.9632
Envi,23/01/2023,5.8896
Envi,23/01/2023,5.8896
Envi,23/01/2023,3.9264
Envi,23/01/2023,5.8896
Envi,23/01/2023,3.9264
Envi,23/01/2023,3.9264
Envi,23/01/2023,5.8896
Envi,23/01/2023,1.9632
Envi,24/01/2023,3.9264
Envi,24/01/2023,5.8896
Envi,24/01/2023,
Envi,24/01/2023,1.9632
Envi,24/01/2023,
Envi,24/01/2023,1.9632
Envi,24/01/2023,
Envi,24/01/2023,
Envi,24/01/2023,
Envi,24/01/2023,3.9264
Envi,24/01/2023,9.816
Envi,24/01/2023,11.7792
Envi,24/01/2023,15.7056
Envi,24/01/2023,15.7056
Envi,24/01/2023,1.9632
Envi,24/01/2023,13.7424
Envi,24/01/2023,15.7056
Envi,24/01/2023,9.816
Envi,24/01/2023,1.9632
Envi,24/01/2023,7.8528
Envi,24/01/2023,7.8528
Envi,24/01/2023,3.9264
Envi,24/01/2023,5.8896
Envi,24/01/2023,5.8896
Envi,25/01/2023,9.816
Envi,25/01/2023,7.8528
Envi,25/01/2023,1.9632
Envi,25/01/2023,3.9264
Envi,25/01/2023,5.8896
Envi,25/01/2023,3.9264
Envi,25/01/2023,1.9632
Envi,25/01/2023,
Envi,25/01/2023,
Envi,25/01/2023,1.9632
Envi,25/01/2023,13.7424
Envi,25/01/2023,11.7792
Envi,25/01/2023,13.7424
Envi,25/01/2023,7.8528
Envi,25/01/2023,9.816
Envi,25/01/2023,9.816
Envi,25/01/2023,3.9264
Envi,25/01/2023,1.9632
Envi,25/01/2023,
Envi,25/01/2023,3.9264
Envi,25/01/2023,
Envi,25/01/2023,
Envi,25/01/2023,
Envi,25/01/2023,1.9632
Envi,26/01/2023,7.8528
Envi,26/01/2023,1.9632
Envi,26/01/2023,
Envi,26/01/2023,
Envi,26/01/2023,
Envi,26/01/2023,1.9632
Envi,26/01/2023,
Envi,26/01/2023,
Envi,26/01/2023,
Envi,26/01/2023,
Envi,26/01/2023,
Envi,26/01/2023,
Envi,26/01/2023,3.9264
Envi,26/01/2023,9.816
Envi,26/01/2023,9.816
Envi,26/01/2023,9.816
Envi,26/01/2023,5.8896
Envi,26/01/2023,5.8896
Envi,26/01/2023,
Envi,26/01/2023,
Envi,26/01/2023,
Envi,26/01/2023,1.9632
Envi,26/01/2023,3.9264
Envi,26/01/2023,1.9632
Envi,27/01/2023,1.9632
Envi,27/01/2023,
Envi,27/01/2023,5.8896
Envi,27/01/2023,11.7792
Envi,27/01/2023,11.7792
Envi,27/01/2023,7.8528
Envi,27/01/2023,1.9632
Envi,27/01/2023,1.9632
Envi,27/01/2023,1.9632
Envi,27/01/2023,
Envi,27/01/2023,
Envi,27/01/2023,1.9632
Envi,27/01/2023,5.8896
Envi,27/01/2023,9.816
Envi,27/01/2023,
Envi,27/01/2023,
Envi,27/01/2023,1.9632
Envi,27/01/2023,
Envi,27/01/2023,
Envi,27/01/2023,
Envi,27/01/2023,
Envi,27/01/2023,
Envi,27/01/2023,
Envi,27/01/2023,
Envi,28/01/2023,
Envi,28/01/2023,
Envi,28/01/2023,
Envi,28/01/2023,
Envi,28/01/2023,
Envi,28/01/2023,
Envi,28/01/2023,
Envi,28/01/2023,
Envi,28/01/2023,
Envi,28/01/2023,
Envi,28/01/2023,1.9632
Envi,28/01/2023,3.9264
Envi,28/01/2023,5.8896
Envi,28/01/2023,7.8528
Envi,28/01/2023,7.8528
Envi,28/01/2023,9.816
Envi,28/01/2023,7.8528
Envi,28/01/2023,3.9264
Envi,28/01/2023,
Envi,28/01/2023,
Envi,28/01/2023,
Envi,28/01/2023,
Envi,28/01/2023,
Envi,28/01/2023,
Envi,29/01/2023,
Envi,29/01/2023,
Envi,29/01/2023,
Envi,29/01/2023,
Envi,29/01/2023,
Envi,29/01/2023,
Envi,29/01/2023,
Envi,29/01/2023,
Envi,29/01/2023,
Envi,29/01/2023,
Envi,29/01/2023,
Envi,29/01/2023,1.9632
Envi,29/01/2023,3.9264
Envi,29/01/2023,9.816
Envi,29/01/2023,9.816
Envi,29/01/2023,9.816
Envi,29/01/2023,9.816
Envi,29/01/2023,1.9632
Envi,29/01/2023,
Envi,29/01/2023,
Envi,29/01/2023,
Envi,29/01/2023,
Envi,29/01/2023,
Envi,29/01/2023,
Envi,30/01/2023,
Envi,30/01/2023,
Envi,30/01/2023,
Envi,30/01/2023,
Envi,30/01/2023,
Envi,30/01/2023,
Envi,30/01/2023,
Envi,30/01/2023,
Envi,30/01/2023,
Envi,30/01/2023,
Envi,30/01/2023,
Envi,30/01/2023,1.9632
Envi,30/01/2023,5.8896
Envi,30/01/2023,9.816
Envi,30/01/2023,3.9264
Envi,30/01/2023,
Envi,30/01/2023,5.8896
Envi,30/01/2023,1.9632
Envi,30/01/2023,
Envi,30/01/2023,
Envi,30/01/2023,
Envi,30/01/2023,
Envi,30/01/2023,
Envi,30/01/2023,
Envi,31/01/2023,
Envi,31/01/2023,
Envi,31/01/2023,
Envi,31/01/2023,
Envi,31/01/2023,
Envi,31/01/2023,
Envi,31/01/2023,
Envi,31/01/2023,
Envi,31/01/2023,
Envi,31/01/2023,
Envi,31/01/2023,3.9264
Envi,31/01/2023,11.7792
Envi,31/01/2023,19.632
Envi,31/01/2023,23.5584
Envi,31/01/2023,13.7424
Envi,31/01/2023,11.7792
Envi,31/01/2023,11.7792
Envi,31/01/2023,7.8528
Envi,31/01/2023,1.9632
Envi,31/01/2023,3.9264
Envi,31/01/2023,
Envi,31/01/2023,5.8896
Envi,31/01/2023,1.9632
Envi,31/01/2023,
AjmanX,01/01/2023,23.89
AjmanX,01/01/2023,1.57
AjmanX,01/01/2023,1.33
AjmanX,01/01/2023,1.34
AjmanX,01/01/2023,1.6
AjmanX,01/01/2023,4.06
AjmanX,01/01/2023,30.76
AjmanX,01/01/2023,46.1
AjmanX,01/01/2023,55.9
AjmanX,01/01/2023,62.51
AjmanX,01/01/2023,58.37
AjmanX,01/01/2023,60.72
AjmanX,01/01/2023,57.98
AjmanX,01/01/2023,49.1
AjmanX,01/01/2023,43.62
AjmanX,01/01/2023,40.49
AjmanX,01/01/2023,33.78
AjmanX,01/01/2023,28.44
AjmanX,01/01/2023,24.77
AjmanX,01/01/2023,1.61
AjmanX,01/01/2023,1.05
AjmanX,01/01/2023,0.89
AjmanX,01/01/2023,0.93
AjmanX,01/01/2023,0.92
AjmanX,02/01/2023,1.76
AjmanX,02/01/2023,1.83
AjmanX,02/01/2023,1.04
AjmanX,02/01/2023,1.58
AjmanX,02/01/2023,4.13
AjmanX,02/01/2023,8.97
AjmanX,02/01/2023,21.9
AjmanX,02/01/2023,36.79
AjmanX,02/01/2023,43.78
AjmanX,02/01/2023,49.75
AjmanX,02/01/2023,47.5
AjmanX,02/01/2023,45.1
AjmanX,02/01/2023,46.07
AjmanX,02/01/2023,38.06
AjmanX,02/01/2023,19.28
AjmanX,02/01/2023,13.47
AjmanX,02/01/2023,9.06
AjmanX,02/01/2023,4.71
AjmanX,02/01/2023,7.29
AjmanX,02/01/2023,22.4
AjmanX,02/01/2023,20.54
AjmanX,02/01/2023,24.95
AjmanX,02/01/2023,26.27
AjmanX,02/01/2023,31.41
AjmanX,03/01/2023,22.72
AjmanX,03/01/2023,10.9
AjmanX,03/01/2023,4.24
AjmanX,03/01/2023,2.31
AjmanX,03/01/2023,2.08
AjmanX,03/01/2023,3.78
AjmanX,03/01/2023,12.7
AjmanX,03/01/2023,30.34
AjmanX,03/01/2023,31.57
AjmanX,03/01/2023,39.48
AjmanX,03/01/2023,46.91
AjmanX,03/01/2023,48.57
AjmanX,03/01/2023,45.61
AjmanX,03/01/2023,38.95
AjmanX,03/01/2023,24.54
AjmanX,03/01/2023,20.95
AjmanX,03/01/2023,12.24
AjmanX,03/01/2023,7.23
AjmanX,03/01/2023,6.52
AjmanX,03/01/2023,14.5
AjmanX,03/01/2023,10.78
AjmanX,03/01/2023,3.17
AjmanX,03/01/2023,16.72
AjmanX,03/01/2023,34.01
AjmanX,04/01/2023,46.11
AjmanX,04/01/2023,29.04
AjmanX,04/01/2023,22.01
AjmanX,04/01/2023,14.13
AjmanX,04/01/2023,22.18
AjmanX,04/01/2023,26.86
AjmanX,04/01/2023,34.4
AjmanX,04/01/2023,41.63
AjmanX,04/01/2023,44.74
AjmanX,04/01/2023,45.9
AjmanX,04/01/2023,45.12
AjmanX,04/01/2023,43.66
AjmanX,04/01/2023,40.26
AjmanX,04/01/2023,35.52
AjmanX,04/01/2023,35.97
AjmanX,04/01/2023,31.24
AjmanX,04/01/2023,24.31
AjmanX,04/01/2023,29.63
AjmanX,04/01/2023,32.5
AjmanX,04/01/2023,32.29
AjmanX,04/01/2023,34.35
AjmanX,04/01/2023,37.09
AjmanX,04/01/2023,36.7
AjmanX,04/01/2023,34.64
AjmanX,05/01/2023,34.55
AjmanX,05/01/2023,25.68
AjmanX,05/01/2023,18.97
AjmanX,05/01/2023,18.95
AjmanX,05/01/2023,19.34
AjmanX,05/01/2023,30.54
AjmanX,05/01/2023,35.45
AjmanX,05/01/2023,35.23
AjmanX,05/01/2023,38.48
AjmanX,05/01/2023,42.71
AjmanX,05/01/2023,50.88
AjmanX,05/01/2023,51.03
AjmanX,05/01/2023,51.07
AjmanX,05/01/2023,41.95
AjmanX,05/01/2023,22.15
AjmanX,05/01/2023,15.57
AjmanX,05/01/2023,6.97
AjmanX,05/01/2023,9.2
AjmanX,05/01/2023,20.34
AjmanX,05/01/2023,26.34
AjmanX,05/01/2023,27.11
AjmanX,05/01/2023,19.99
AjmanX,05/01/2023,20.7
AjmanX,05/01/2023,28.39
AjmanX,06/01/2023,22.5
AjmanX,06/01/2023,12.85
AjmanX,06/01/2023,5.69
AjmanX,06/01/2023,4.98
AjmanX,06/01/2023,13.26
AjmanX,06/01/2023,27.12
AjmanX,06/01/2023,34.05
AjmanX,06/01/2023,31.27
AjmanX,06/01/2023,30.41
AjmanX,06/01/2023,41.25
AjmanX,06/01/2023,43.29
AjmanX,06/01/2023,41.73
AjmanX,06/01/2023,36.82
AjmanX,06/01/2023,30.18
AjmanX,06/01/2023,24.8
AjmanX,06/01/2023,23.33
AjmanX,06/01/2023,29.86
AjmanX,06/01/2023,24.97
AjmanX,06/01/2023,21.15
AjmanX,06/01/2023,17.38
AjmanX,06/01/2023,11.89
AjmanX,06/01/2023,13.58
AjmanX,06/01/2023,12.39
AjmanX,06/01/2023,17.68
AjmanX,07/01/2023,24.28
AjmanX,07/01/2023,23.25
AjmanX,07/01/2023,17.84
AjmanX,07/01/2023,13.62
AjmanX,07/01/2023,15.99
AjmanX,07/01/2023,12.41
AjmanX,07/01/2023,14.43
AjmanX,07/01/2023,25.01
AjmanX,07/01/2023,31.74
AjmanX,07/01/2023,29.61
AjmanX,07/01/2023,37.56
AjmanX,07/01/2023,28.85
AjmanX,07/01/2023,22.82
AjmanX,07/01/2023,19.53
AjmanX,07/01/2023,13.42
AjmanX,07/01/2023,7.3
AjmanX,07/01/2023,2.21
AjmanX,07/01/2023,1.18
AjmanX,07/01/2023,1.06
AjmanX,07/01/2023,1.1
AjmanX,07/01/2023,0.76
AjmanX,07/01/2023,0.67
AjmanX,07/01/2023,0.83
AjmanX,07/01/2023,0.95
AjmanX,08/01/2023,1.02
AjmanX,08/01/2023,1.05
AjmanX,08/01/2023,0.94
AjmanX,08/01/2023,1.03
AjmanX,08/01/2023,1.67
AjmanX,08/01/2023,4.31
AjmanX,08/01/2023,16.26
AjmanX,08/01/2023,29.22
AjmanX,08/01/2023,37.87
AjmanX,08/01/2023,45.77
AjmanX,08/01/2023,50.41
AjmanX,08/01/2023,50.73
AjmanX,08/01/2023,49.95
AjmanX,08/01/2023,47.12
AjmanX,08/01/2023,47.36
AjmanX,08/01/2023,38.29
AjmanX,08/01/2023,39.24
AjmanX,08/01/2023,38.78
AjmanX,08/01/2023,43.78
AjmanX,08/01/2023,41.87
AjmanX,08/01/2023,43.74
AjmanX,08/01/2023,47.0
AjmanX,08/01/2023,48.76
AjmanX,08/01/2023,45.65
AjmanX,09/01/2023,40.08
AjmanX,09/01/2023,1.28
AjmanX,09/01/2023,1.1
AjmanX,09/01/2023,1.18
AjmanX,09/01/2023,1.79
AjmanX,09/01/2023,5.87
AjmanX,09/01/2023,16.66
AjmanX,09/01/2023,37.43
AjmanX,09/01/2023,43.15
AjmanX,09/01/2023,50.16
AjmanX,09/01/2023,49.04
AjmanX,09/01/2023,50.58
AjmanX,09/01/2023,48.7
AjmanX,09/01/2023,43.47
AjmanX,09/01/2023,31.4
AjmanX,09/01/2023,17.57
AjmanX,09/01/2023,7.41
AjmanX,09/01/2023,7.35
AjmanX,09/01/2023,7.52
AjmanX,09/01/2023,7.0
AjmanX,09/01/2023,4.04
AjmanX,09/01/2023,1.79
AjmanX,09/01/2023,4.28
AjmanX,09/01/2023,10.03
AjmanX,10/01/2023,6.5
AjmanX,10/01/2023,5.39
AjmanX,10/01/2023,2.39
AjmanX,10/01/2023,5.01
AjmanX,10/01/2023,7.03
AjmanX,10/01/2023,26.35
AjmanX,10/01/2023,33.33
AjmanX,10/01/2023,38.2
AjmanX,10/01/2023,43.79
AjmanX,10/01/2023,44.14
AjmanX,10/01/2023,47.89
AjmanX,10/01/2023,54.35
AjmanX,10/01/2023,50.35
AjmanX,10/01/2023,46.92
AjmanX,10/01/2023,40.78
AjmanX,10/01/2023,36.9
AjmanX,10/01/2023,34.81
AjmanX,10/01/2023,34.74
AjmanX,10/01/2023,34.95
AjmanX,10/01/2023,36.59
AjmanX,10/01/2023,41.61
AjmanX,10/01/2023,44.19
AjmanX,10/01/2023,47.95
AjmanX,10/01/2023,48.76
AjmanX,11/01/2023,47.78
AjmanX,11/01/2023,45.67
AjmanX,11/01/2023,41.95
AjmanX,11/01/2023,41.27
AjmanX,11/01/2023,41.77
AjmanX,11/01/2023,43.66
AjmanX,11/01/2023,46.15
AjmanX,11/01/2023,47.54
AjmanX,11/01/2023,48.86
AjmanX,11/01/2023,50.49
AjmanX,11/01/2023,49.54
AjmanX,11/01/2023,51.5
AjmanX,11/01/2023,52.56
AjmanX,11/01/2023,49.31
AjmanX,11/01/2023,48.47
AjmanX,11/01/2023,48.47
AjmanX,11/01/2023,42.66
AjmanX,11/01/2023,42.35
AjmanX,11/01/2023,43.62
AjmanX,11/01/2023,44.05
AjmanX,11/01/2023,32.53
AjmanX,11/01/2023,11.34
AjmanX,11/01/2023,0.99
AjmanX,11/01/2023,0.67
AjmanX,12/01/2023,0.89
AjmanX,12/01/2023,0.81
AjmanX,12/01/2023,0.77
AjmanX,12/01/2023,1.01
AjmanX,12/01/2023,1.69
AjmanX,12/01/2023,11.14
AjmanX,12/01/2023,26.77
AjmanX,12/01/2023,32.35
AjmanX,12/01/2023,37.29
AjmanX,12/01/2023,38.35
AjmanX,12/01/2023,39.77
AjmanX,12/01/2023,41.19
AjmanX,12/01/2023,40.1
AjmanX,12/01/2023,35.79
AjmanX,12/01/2023,27.02
AjmanX,12/01/2023,13.99
AjmanX,12/01/2023,14.29
AjmanX,12/01/2023,9.05
AjmanX,12/01/2023,8.1
AjmanX,12/01/2023,2.86
AjmanX,12/01/2023,1.05
AjmanX,12/01/2023,1.65
AjmanX,12/01/2023,1.99
AjmanX,12/01/2023,9.81
AjmanX,13/01/2023,9.98
AjmanX,13/01/2023,8.57
AjmanX,13/01/2023,5.63
AjmanX,13/01/2023,1.51
AjmanX,13/01/2023,7.61
AjmanX,13/01/2023,23.42
AjmanX,13/01/2023,30.36
AjmanX,13/01/2023,34.14
AjmanX,13/01/2023,36.35
AjmanX,13/01/2023,41.77
AjmanX,13/01/2023,44.23
AjmanX,13/01/2023,45.49
AjmanX,13/01/2023,40.93
AjmanX,13/01/2023,35.82
AjmanX,13/01/2023,33.02
AjmanX,13/01/2023,22.17
AjmanX,13/01/2023,12.43
AjmanX,13/01/2023,15.7
AjmanX,13/01/2023,20.16
AjmanX,13/01/2023,18.75
AjmanX,13/01/2023,19.23
AjmanX,13/01/2023,19.9
AjmanX,13/01/2023,27.26
AjmanX,13/01/2023,31.07
AjmanX,14/01/2023,35.09
AjmanX,14/01/2023,31.56
AjmanX,14/01/2023,27.87
AjmanX,14/01/2023,23.47
AjmanX,14/01/2023,26.62
AjmanX,14/01/2023,27.7
AjmanX,14/01/2023,32.17
AjmanX,14/01/2023,35.1
AjmanX,14/01/2023,38.62
AjmanX,14/01/2023,45.01
AjmanX,14/01/2023,46.98
AjmanX,14/01/2023,48.44
AjmanX,14/01/2023,39.91
AjmanX,14/01/2023,27.39
AjmanX,14/01/2023,18.44
AjmanX,14/01/2023,13.26
AjmanX,14/01/2023,11.54
AjmanX,14/01/2023,13.98
AjmanX,14/01/2023,10.75
AjmanX,14/01/2023,3.37
AjmanX,14/01/2023,8.63
AjmanX,14/01/2023,7.67
AjmanX,14/01/2023,8.64
AjmanX,14/01/2023,20.41
AjmanX,15/01/2023,14.1
AjmanX,15/01/2023,26.66
AjmanX,15/01/2023,26.37
AjmanX,15/01/2023,10.35
AjmanX,15/01/2023,11.92
AjmanX,15/01/2023,12.01
AjmanX,15/01/2023,21.54
AjmanX,15/01/2023,31.12
AjmanX,15/01/2023,39.51
AjmanX,15/01/2023,40.13
AjmanX,15/01/2023,48.12
AjmanX,15/01/2023,41.0
AjmanX,15/01/2023,35.97
AjmanX,15/01/2023,34.44
AjmanX,15/01/2023,21.5
AjmanX,15/01/2023,5.45
AjmanX,15/01/2023,1.92
AjmanX,15/01/2023,1.92
AjmanX,15/01/2023,1.8
AjmanX,15/01/2023,1.12
AjmanX,15/01/2023,1.06
AjmanX,15/01/2023,0.99
AjmanX,15/01/2023,0.99
AjmanX,15/01/2023,1.04
AjmanX,16/01/2023,1.13
AjmanX,16/01/2023,1.29
AjmanX,16/01/2023,0.83
AjmanX,16/01/2023,1.0
AjmanX,16/01/2023,1.53
AjmanX,16/01/2023,5.57
AjmanX,16/01/2023,32.27
AjmanX,16/01/2023,44.21
AjmanX,16/01/2023,49.97
AjmanX,16/01/2023,53.96
AjmanX,16/01/2023,55.63
AjmanX,16/01/2023,48.72
AjmanX,16/01/2023,47.45
AjmanX,16/01/2023,44.3
AjmanX,16/01/2023,28.22
AjmanX,16/01/2023,23.61
AjmanX,16/01/2023,17.43
AjmanX,16/01/2023,14.85
AjmanX,16/01/2023,2.97
AjmanX,16/01/2023,2.71
AjmanX,16/01/2023,1.37
AjmanX,16/01/2023,2.38
AjmanX,16/01/2023,1.14
AjmanX,16/01/2023,0.86
AjmanX,17/01/2023,0.95
AjmanX,17/01/2023,1.2
AjmanX,17/01/2023,0.88
AjmanX,17/01/2023,1.1
AjmanX,17/01/2023,3.66
AjmanX,17/01/2023,11.63
AjmanX,17/01/2023,11.69
AjmanX,17/01/2023,20.47
AjmanX,17/01/2023,25.09
AjmanX,17/01/2023,32.1
AjmanX,17/01/2023,44.96
AjmanX,17/01/2023,45.08
AjmanX,17/01/2023,52.13
AjmanX,17/01/2023,43.53
AjmanX,17/01/2023,25.37
AjmanX,17/01/2023,13.44
AjmanX,17/01/2023,7.72
AjmanX,17/01/2023,2.46
AjmanX,17/01/2023,2.8
AjmanX,17/01/2023,6.85
AjmanX,17/01/2023,11.54
AjmanX,17/01/2023,1.45
AjmanX,17/01/2023,1.29
AjmanX,17/01/2023,24.24
AjmanX,18/01/2023,44.95
AjmanX,18/01/2023,33.2
AjmanX,18/01/2023,30.96
AjmanX,18/01/2023,37.56
AjmanX,18/01/2023,39.58
AjmanX,18/01/2023,39.9
AjmanX,18/01/2023,40.46
AjmanX,18/01/2023,43.39
AjmanX,18/01/2023,45.03
AjmanX,18/01/2023,47.24
AjmanX,18/01/2023,45.53
AjmanX,18/01/2023,44.29
AjmanX,18/01/2023,44.26
AjmanX,18/01/2023,43.38
AjmanX,18/01/2023,42.98
AjmanX,18/01/2023,44.19
AjmanX,18/01/2023,44.75
AjmanX,18/01/2023,45.99
AjmanX,18/01/2023,47.75
AjmanX,18/01/2023,47.62
AjmanX,18/01/2023,47.04
AjmanX,18/01/2023,47.84
AjmanX,18/01/2023,48.16
AjmanX,18/01/2023,47.96
AjmanX,19/01/2023,46.77
AjmanX,19/01/2023,44.03
AjmanX,19/01/2023,25.58
AjmanX,19/01/2023,18.64
AjmanX,19/01/2023,17.97
AjmanX,19/01/2023,32.78
AjmanX,19/01/2023,
AjmanX,19/01/2023,59.32
AjmanX,19/01/2023,42.83
AjmanX,19/01/2023,44.38
AjmanX,19/01/2023,44.14
AjmanX,19/01/2023,42.04
AjmanX,19/01/2023,39.07
AjmanX,19/01/2023,39.22
AjmanX,19/01/2023,29.48
AjmanX,19/01/2023,15.92
AjmanX,19/01/2023,22.83
AjmanX,19/01/2023,19.59
AjmanX,19/01/2023,7.6
AjmanX,19/01/2023,4.62
AjmanX,19/01/2023,0.77
AjmanX,19/01/2023,0.5
AjmanX,19/01/2023,0.46
AjmanX,19/01/2023,0.46
AjmanX,20/01/2023,0.28
AjmanX,20/01/2023,0.38
AjmanX,20/01/2023,0.29
AjmanX,20/01/2023,0.39
AjmanX,20/01/2023,2.18
AjmanX,20/01/2023,17.13
AjmanX,20/01/2023,25.22
AjmanX,20/01/2023,35.18
AjmanX,20/01/2023,39.31
AjmanX,20/01/2023,46.21
AjmanX,20/01/2023,46.82
AjmanX,20/01/2023,46.33
AjmanX,20/01/2023,40.93
AjmanX,20/01/2023,34.49
AjmanX,20/01/2023,23.66
AjmanX,20/01/2023,17.3
AjmanX,20/01/2023,8.7
AjmanX,20/01/2023,10.36
AjmanX,20/01/2023,5.69
AjmanX,20/01/2023,9.04
AjmanX,20/01/2023,16.42
AjmanX,20/01/2023,12.77
AjmanX,20/01/2023,18.24
AjmanX,20/01/2023,19.24
AjmanX,21/01/2023,14.19
AjmanX,21/01/2023,11.3
AjmanX,21/01/2023,3.74
AjmanX,21/01/2023,4.0
AjmanX,21/01/2023,7.61
AjmanX,21/01/2023,19.08
AjmanX,21/01/2023,36.93
AjmanX,21/01/2023,41.3
AjmanX,21/01/2023,44.15
AjmanX,21/01/2023,45.56
AjmanX,21/01/2023,48.47
AjmanX,21/01/2023,49.42
AjmanX,21/01/2023,46.76
AjmanX,21/01/2023,44.17
AjmanX,21/01/2023,35.81
AjmanX,21/01/2023,19.33
AjmanX,21/01/2023,6.06
AjmanX,21/01/2023,23.71
AjmanX,21/01/2023,20.24
AjmanX,21/01/2023,15.41
AjmanX,21/01/2023,23.9
AjmanX,21/01/2023,28.12
AjmanX,21/01/2023,26.46
AjmanX,21/01/2023,29.77
AjmanX,22/01/2023,19.39
AjmanX,22/01/2023,11.61
AjmanX,22/01/2023,8.4
AjmanX,22/01/2023,11.46
AjmanX,22/01/2023,12.94
AjmanX,22/01/2023,27.36
AjmanX,22/01/2023,38.58
AjmanX,22/01/2023,44.67
AjmanX,22/01/2023,46.3
AjmanX,22/01/2023,52.42
AjmanX,22/01/2023,53.21
AjmanX,22/01/2023,50.16
AjmanX,22/01/2023,50.73
AjmanX,22/01/2023,45.4
AjmanX,22/01/2023,37.57
AjmanX,22/01/2023,22.02
AjmanX,22/01/2023,13.8
AjmanX,22/01/2023,10.75
AjmanX,22/01/2023,33.51
AjmanX,22/01/2023,35.14
AjmanX,22/01/2023,37.92
AjmanX,22/01/2023,40.27
AjmanX,22/01/2023,41.32
AjmanX,22/01/2023,40.97
AjmanX,23/01/2023,38.08
AjmanX,23/01/2023,30.34
AjmanX,23/01/2023,16.34
AjmanX,23/01/2023,12.94
AjmanX,23/01/2023,16.11
AjmanX,23/01/2023,26.22
AjmanX,23/01/2023,38.31
AjmanX,23/01/2023,44.77
AjmanX,23/01/2023,47.3
AjmanX,23/01/2023,42.42
AjmanX,23/01/2023,35.37
AjmanX,23/01/2023,23.2
AjmanX,23/01/2023,34.85
AjmanX,23/01/2023,35.87
AjmanX,23/01/2023,34.51
AjmanX,23/01/2023,31.11
AjmanX,23/01/2023,27.56
AjmanX,23/01/2023,27.35
AjmanX,23/01/2023,30.83
AjmanX,23/01/2023,22.72
AjmanX,23/01/2023,18.08
AjmanX,23/01/2023,23.67
AjmanX,23/01/2023,26.63
AjmanX,23/01/2023,25.42
AjmanX,24/01/2023,23.5
AjmanX,24/01/2023,19.43
AjmanX,24/01/2023,9.76
AjmanX,24/01/2023,11.35
AjmanX,24/01/2023,24.7
AjmanX,24/01/2023,30.75
AjmanX,24/01/2023,38.79
AjmanX,24/01/2023,39.0
AjmanX,24/01/2023,42.55
AjmanX,24/01/2023,43.43
AjmanX,24/01/2023,41.96
AjmanX,24/01/2023,47.07
AjmanX,24/01/2023,45.82
AjmanX,24/01/2023,36.39
AjmanX,24/01/2023,28.44
AjmanX,24/01/2023,24.91
AjmanX,24/01/2023,30.26
AjmanX,24/01/2023,28.93
AjmanX,24/01/2023,31.28
AjmanX,24/01/2023,27.79
AjmanX,24/01/2023,30.51
AjmanX,24/01/2023,37.04
AjmanX,24/01/2023,32.5
AjmanX,24/01/2023,32.44
AjmanX,25/01/2023,22.77
AjmanX,25/01/2023,26.91
AjmanX,25/01/2023,26.83
AjmanX,25/01/2023,11.43
AjmanX,25/01/2023,11.91
AjmanX,25/01/2023,22.38
AjmanX,25/01/2023,37.55
AjmanX,25/01/2023,41.45
AjmanX,25/01/2023,41.29
AjmanX,25/01/2023,34.23
AjmanX,25/01/2023,37.91
AjmanX,25/01/2023,35.6
AjmanX,25/01/2023,31.68
AjmanX,25/01/2023,24.78
AjmanX,25/01/2023,24.3
AjmanX,25/01/2023,27.66
AjmanX,25/01/2023,24.85
AjmanX,25/01/2023,22.41
AjmanX,25/01/2023,21.0
AjmanX,25/01/2023,27.56
AjmanX,25/01/2023,32.45
AjmanX,25/01/2023,22.4
AjmanX,25/01/2023,17.95
AjmanX,25/01/2023,30.41
AjmanX,26/01/2023,25.75
AjmanX,26/01/2023,18.09
AjmanX,26/01/2023,17.89
AjmanX,26/01/2023,10.56
AjmanX,26/01/2023,20.6
AjmanX,26/01/2023,21.57
AjmanX,26/01/2023,25.94
AjmanX,26/01/2023,23.54
AjmanX,26/01/2023,29.34
AjmanX,26/01/2023,34.02
AjmanX,26/01/2023,36.03
AjmanX,26/01/2023,35.0
AjmanX,26/01/2023,30.95
AjmanX,26/01/2023,26.8
AjmanX,26/01/2023,20.6
AjmanX,26/01/2023,18.76
AjmanX,26/01/2023,18.12
AjmanX,26/01/2023,25.26
AjmanX,26/01/2023,32.2
AjmanX,26/01/2023,32.18
AjmanX,26/01/2023,32.09
AjmanX,26/01/2023,29.26
AjmanX,26/01/2023,31.76
AjmanX,26/01/2023,39.41
AjmanX,27/01/2023,
AjmanX,27/01/2023,
AjmanX,27/01/2023,
AjmanX,27/01/2023,
AjmanX,27/01/2023,
AjmanX,27/01/2023,
AjmanX,27/01/2023,
AjmanX,27/01/2023,
AjmanX,27/01/2023,
AjmanX,27/01/2023,
AjmanX,27/01/2023,
AjmanX,27/01/2023,
AjmanX,27/01/2023,
AjmanX,27/01/2023,
AjmanX,27/01/2023,
AjmanX,27/01/2023,
AjmanX,27/01/2023,
AjmanX,27/01/2023,
AjmanX,27/01/2023,
AjmanX,27/01/2023,
AjmanX,27/01/2023,
AjmanX,27/01/2023,
AjmanX,27/01/2023,
AjmanX,27/01/2023,
AjmanX,28/01/2023,5.91
AjmanX,28/01/2023,29.44
AjmanX,28/01/2023,28.3
AjmanX,28/01/2023,6.47
AjmanX,28/01/2023,7.13
AjmanX,28/01/2023,17.63
AjmanX,28/01/2023,32.34
AjmanX,28/01/2023,33.87
AjmanX,28/01/2023,35.54
AjmanX,28/01/2023,38.37
AjmanX,28/01/2023,41.98
AjmanX,28/01/2023,43.4
AjmanX,28/01/2023,38.45
AjmanX,28/01/2023,40.13
AjmanX,28/01/2023,39.32
AjmanX,28/01/2023,32.11
AjmanX,28/01/2023,10.56
AjmanX,28/01/2023,7.63
AjmanX,28/01/2023,6.81
AjmanX,28/01/2023,1.46
AjmanX,28/01/2023,0.35
AjmanX,28/01/2023,0.32
AjmanX,28/01/2023,0.26
AjmanX,28/01/2023,3.77
AjmanX,29/01/2023,1.96
AjmanX,29/01/2023,2.62
AjmanX,29/01/2023,2.22
AjmanX,29/01/2023,1.95
AjmanX,29/01/2023,4.2
AjmanX,29/01/2023,10.83
AjmanX,29/01/2023,18.09
AjmanX,29/01/2023,32.28
AjmanX,29/01/2023,45.11
AjmanX,29/01/2023,49.43
AjmanX,29/01/2023,55.36
AjmanX,29/01/2023,56.27
AjmanX,29/01/2023,58.31
AjmanX,29/01/2023,48.73
AjmanX,29/01/2023,42.25
AjmanX,29/01/2023,41.34
AjmanX,29/01/2023,38.16
AjmanX,29/01/2023,33.58
AjmanX,29/01/2023,10.59
AjmanX,29/01/2023,0.61
AjmanX,29/01/2023,0.75
AjmanX,29/01/2023,0.37
AjmanX,29/01/2023,0.22
AjmanX,29/01/2023,0.12
AjmanX,30/01/2023,0.11
AjmanX,30/01/2023,0.28
AjmanX,30/01/2023,0.21
AjmanX,30/01/2023,0.72
AjmanX,30/01/2023,2.08
AjmanX,30/01/2023,5.7
AjmanX,30/01/2023,14.86
AjmanX,30/01/2023,39.77
AjmanX,30/01/2023,49.69
AjmanX,30/01/2023,54.36
AjmanX,30/01/2023,54.95
AjmanX,30/01/2023,56.89
AjmanX,30/01/2023,58.06
AjmanX,30/01/2023,58.58
AjmanX,30/01/2023,42.42
AjmanX,30/01/2023,45.32
AjmanX,30/01/2023,24.53
AjmanX,30/01/2023,6.17
AjmanX,30/01/2023,2.32
AjmanX,30/01/2023,0.62
AjmanX,30/01/2023,0.5
AjmanX,30/01/2023,0.46
AjmanX,30/01/2023,0.49
AjmanX,30/01/2023,6.24
AjmanX,31/01/2023,5.11
AjmanX,31/01/2023,1.0
AjmanX,31/01/2023,0.41
AjmanX,31/01/2023,0.62
AjmanX,31/01/2023,2.15
AjmanX,31/01/2023,7.39
AjmanX,31/01/2023,25.88
AjmanX,31/01/2023,32.23
AjmanX,31/01/2023,42.47
AjmanX,31/01/2023,51.98
AjmanX,31/01/2023,46.64
AjmanX,31/01/2023,48.3
AjmanX,31/01/2023,59.23
AjmanX,31/01/2023,58.04
AjmanX,31/01/2023,49.94
AjmanX,31/01/2023,21.15
AjmanX,31/01/2023,10.56
AjmanX,31/01/2023,17.21
AjmanX,31/01/2023,28.88
AjmanX,31/01/2023,31.98
AjmanX,31/01/2023,31.05
AjmanX,31/01/2023,
AjmanX,31/01/2023,
AjmanX,31/01/2023,32.41
Manama,01/01/2023,5.4
Manama,01/01/2023,3.56
Manama,01/01/2023,2.3
Manama,01/01/2023,3.25
Manama,01/01/2023,5.31
Manama,01/01/2023,13.1
Manama,01/01/2023,15.9
Manama,01/01/2023,24.69
Manama,01/01/2023,28.83
Manama,01/01/2023,33.39
Manama,01/01/2023,40.01
Manama,01/01/2023,42.75
Manama,01/01/2023,45.5
Manama,01/01/2023,41.85
Manama,01/01/2023,40.03
Manama,01/01/2023,32.46
Manama,01/01/2023,13.6
Manama,01/01/2023,2.96
Manama,01/01/2023,3.52
Manama,01/01/2023,0.8
Manama,01/01/2023,1.37
Manama,01/01/2023,2.79
Manama,01/01/2023,5.14
Manama,01/01/2023,4.23
Manama,02/01/2023,4.79
Manama,02/01/2023,4.48
Manama,02/01/2023,1.66
Manama,02/01/2023,1.61
Manama,02/01/2023,3.71
Manama,02/01/2023,13.93
Manama,02/01/2023,19.87
Manama,02/01/2023,23.37
Manama,02/01/2023,26.85
Manama,02/01/2023,28.16
Manama,02/01/2023,32.64
Manama,02/01/2023,31.11
Manama,02/01/2023,26.95
Manama,02/01/2023,19.26
Manama,02/01/2023,12.67
Manama,02/01/2023,9.11
Manama,02/01/2023,16.63
Manama,02/01/2023,10.35
Manama,02/01/2023,3.89
Manama,02/01/2023,5.76
Manama,02/01/2023,15.78
Manama,02/01/2023,20.41
Manama,02/01/2023,8.12
Manama,02/01/2023,8.33
Manama,03/01/2023,4.92
Manama,03/01/2023,8.4
Manama,03/01/2023,2.05
Manama,03/01/2023,1.66
Manama,03/01/2023,7.78
Manama,03/01/2023,12.23
Manama,03/01/2023,19.68
Manama,03/01/2023,23.73
Manama,03/01/2023,26.87
Manama,03/01/2023,29.78
Manama,03/01/2023,37.54
Manama,03/01/2023,37.56
Manama,03/01/2023,31.72
Manama,03/01/2023,28.63
Manama,03/01/2023,28.02
Manama,03/01/2023,23.76
Manama,03/01/2023,22.07
Manama,03/01/2023,20.21
Manama,03/01/2023,12.09
Manama,03/01/2023,11.92
Manama,03/01/2023,12.25
Manama,03/01/2023,9.03
Manama,03/01/2023,10.53
Manama,03/01/2023,20.09
Manama,04/01/2023,19.24
Manama,04/01/2023,17.59
Manama,04/01/2023,13.52
Manama,04/01/2023,8.37
Manama,04/01/2023,17.72
Manama,04/01/2023,25.28
Manama,04/01/2023,25.61
Manama,04/01/2023,26.83
Manama,04/01/2023,27.58
Manama,04/01/2023,27.07
Manama,04/01/2023,32.61
Manama,04/01/2023,33.35
Manama,04/01/2023,30.01
Manama,04/01/2023,26.48
Manama,04/01/2023,28.39
Manama,04/01/2023,27.23
Manama,04/01/2023,27.17
Manama,04/01/2023,28.64
Manama,04/01/2023,28.71
Manama,04/01/2023,26.52
Manama,04/01/2023,26.46
Manama,04/01/2023,28.83
Manama,04/01/2023,29.2
Manama,04/01/2023,29.74
Manama,05/01/2023,30.12
Manama,05/01/2023,28.99
Manama,05/01/2023,25.15
Manama,05/01/2023,20.39
Manama,05/01/2023,20.88
Manama,05/01/2023,21.52
Manama,05/01/2023,23.39
Manama,05/01/2023,25.54
Manama,05/01/2023,26.71
Manama,05/01/2023,29.03
Manama,05/01/2023,32.79
Manama,05/01/2023,37.08
Manama,05/01/2023,35.2
Manama,05/01/2023,27.99
Manama,05/01/2023,27.43
Manama,05/01/2023,21.89
Manama,05/01/2023,23.8
Manama,05/01/2023,20.36
Manama,05/01/2023,14.56
Manama,05/01/2023,20.79
Manama,05/01/2023,25.98
Manama,05/01/2023,27.17
Manama,05/01/2023,28.15
Manama,05/01/2023,25.69
Manama,06/01/2023,21.82
Manama,06/01/2023,28.51
Manama,06/01/2023,25.32
Manama,06/01/2023,22.97
Manama,06/01/2023,20.6
Manama,06/01/2023,21.71
Manama,06/01/2023,23.8
Manama,06/01/2023,27.72
Manama,06/01/2023,29.96
Manama,06/01/2023,30.63
Manama,06/01/2023,29.15
Manama,06/01/2023,28.04
Manama,06/01/2023,27.08
Manama,06/01/2023,20.66
Manama,06/01/2023,10.98
Manama,06/01/2023,3.18
Manama,06/01/2023,2.03
Manama,06/01/2023,1.96
Manama,06/01/2023,1.84
Manama,06/01/2023,1.5
Manama,06/01/2023,0.61
Manama,06/01/2023,0.99
Manama,06/01/2023,4.89
Manama,06/01/2023,13.07
Manama,07/01/2023,17.82
Manama,07/01/2023,15.34
Manama,07/01/2023,16.68
Manama,07/01/2023,10.67
Manama,07/01/2023,3.42
Manama,07/01/2023,7.3
Manama,07/01/2023,12.23
Manama,07/01/2023,16.66
Manama,07/01/2023,15.71
Manama,07/01/2023,13.9
Manama,07/01/2023,17.28
Manama,07/01/2023,24.67
Manama,07/01/2023,25.68
Manama,07/01/2023,14.1
Manama,07/01/2023,15.29
Manama,07/01/2023,9.23
Manama,07/01/2023,10.29
Manama,07/01/2023,9.72
Manama,07/01/2023,2.07
Manama,07/01/2023,3.0
Manama,07/01/2023,9.02
Manama,07/01/2023,2.23
Manama,07/01/2023,2.27
Manama,07/01/2023,2.04
Manama,08/01/2023,2.73
Manama,08/01/2023,2.88
Manama,08/01/2023,2.46
Manama,08/01/2023,2.14
Manama,08/01/2023,2.06
Manama,08/01/2023,7.88
Manama,08/01/2023,13.78
Manama,08/01/2023,19.24
Manama,08/01/2023,22.77
Manama,08/01/2023,26.77
Manama,08/01/2023,32.91
Manama,08/01/2023,36.91
Manama,08/01/2023,38.6
Manama,08/01/2023,34.08
Manama,08/01/2023,29.73
Manama,08/01/2023,24.82
Manama,08/01/2023,16.43
Manama,08/01/2023,2.1
Manama,08/01/2023,0.88
Manama,08/01/2023,0.66
Manama,08/01/2023,1.03
Manama,08/01/2023,0.79
Manama,08/01/2023,2.35
Manama,08/01/2023,2.77
Manama,09/01/2023,1.45
Manama,09/01/2023,1.01
Manama,09/01/2023,0.72
Manama,09/01/2023,1.24
Manama,09/01/2023,2.82
Manama,09/01/2023,15.76
Manama,09/01/2023,24.69
Manama,09/01/2023,26.73
Manama,09/01/2023,28.51
Manama,09/01/2023,30.44
Manama,09/01/2023,35.96
Manama,09/01/2023,33.44
Manama,09/01/2023,34.8
Manama,09/01/2023,35.11
Manama,09/01/2023,30.37
Manama,09/01/2023,23.67
Manama,09/01/2023,10.12
Manama,09/01/2023,9.47
Manama,09/01/2023,15.09
Manama,09/01/2023,13.18
Manama,09/01/2023,10.82
Manama,09/01/2023,13.7
Manama,09/01/2023,19.64
Manama,09/01/2023,22.69
Manama,10/01/2023,22.63
Manama,10/01/2023,20.13
Manama,10/01/2023,19.53
Manama,10/01/2023,11.38
Manama,10/01/2023,13.68
Manama,10/01/2023,19.02
Manama,10/01/2023,23.9
Manama,10/01/2023,25.42
Manama,10/01/2023,25.97
Manama,10/01/2023,26.32
Manama,10/01/2023,27.68
Manama,10/01/2023,26.42
Manama,10/01/2023,26.13
Manama,10/01/2023,24.13
Manama,10/01/2023,26.94
Manama,10/01/2023,24.51
Manama,10/01/2023,22.31
Manama,10/01/2023,19.0
Manama,10/01/2023,16.99
Manama,10/01/2023,18.57
Manama,10/01/2023,18.07
Manama,10/01/2023,17.2
Manama,10/01/2023,17.66
Manama,10/01/2023,21.24
Manama,11/01/2023,23.9
Manama,11/01/2023,22.66
Manama,11/01/2023,20.1
Manama,11/01/2023,15.8
Manama,11/01/2023,13.56
Manama,11/01/2023,18.08
Manama,11/01/2023,21.47
Manama,11/01/2023,24.65
Manama,11/01/2023,26.65
Manama,11/01/2023,28.41
Manama,11/01/2023,33.66
Manama,11/01/2023,33.65
Manama,11/01/2023,33.48
Manama,11/01/2023,32.62
Manama,11/01/2023,32.88
Manama,11/01/2023,25.97
Manama,11/01/2023,22.24
Manama,11/01/2023,15.78
Manama,11/01/2023,9.08
Manama,11/01/2023,3.83
Manama,11/01/2023,4.19
Manama,11/01/2023,2.88
Manama,11/01/2023,2.18
Manama,11/01/2023,1.5
Manama,12/01/2023,3.58
Manama,12/01/2023,1.82
Manama,12/01/2023,1.26
Manama,12/01/2023,1.04
Manama,12/01/2023,4.48
Manama,12/01/2023,14.45
Manama,12/01/2023,19.92
Manama,12/01/2023,19.99
Manama,12/01/2023,22.73
Manama,12/01/2023,23.53
Manama,12/01/2023,26.36
Manama,12/01/2023,26.38
Manama,12/01/2023,26.18
Manama,12/01/2023,23.52
Manama,12/01/2023,22.23
Manama,12/01/2023,17.79
Manama,12/01/2023,15.4
Manama,12/01/2023,17.38
Manama,12/01/2023,17.51
Manama,12/01/2023,18.76
Manama,12/01/2023,19.95
Manama,12/01/2023,24.73
Manama,12/01/2023,25.12
Manama,12/01/2023,24.31
Manama,13/01/2023,21.11
Manama,13/01/2023,10.87
Manama,13/01/2023,7.96
Manama,13/01/2023,11.51
Manama,13/01/2023,19.95
Manama,13/01/2023,21.88
Manama,13/01/2023,22.31
Manama,13/01/2023,24.47
Manama,13/01/2023,24.82
Manama,13/01/2023,27.2
Manama,13/01/2023,30.8
Manama,13/01/2023,30.15
Manama,13/01/2023,27.74
Manama,13/01/2023,22.23
Manama,13/01/2023,21.87
Manama,13/01/2023,21.03
Manama,13/01/2023,19.44
Manama,13/01/2023,21.45
Manama,13/01/2023,21.86
Manama,13/01/2023,19.31
Manama,13/01/2023,16.5
Manama,13/01/2023,16.28
Manama,13/01/2023,14.73
Manama,13/01/2023,9.4
Manama,14/01/2023,14.72
Manama,14/01/2023,15.16
Manama,14/01/2023,8.1
Manama,14/01/2023,3.64
Manama,14/01/2023,11.11
Manama,14/01/2023,17.62
Manama,14/01/2023,19.47
Manama,14/01/2023,21.1
Manama,14/01/2023,22.55
Manama,14/01/2023,24.85
Manama,14/01/2023,31.15
Manama,14/01/2023,31.31
Manama,14/01/2023,30.26
Manama,14/01/2023,25.66
Manama,14/01/2023,24.31
Manama,14/01/2023,15.07
Manama,14/01/2023,2.7
Manama,14/01/2023,13.7
Manama,14/01/2023,18.19
Manama,14/01/2023,8.44
Manama,14/01/2023,8.18
Manama,14/01/2023,26.25
Manama,14/01/2023,17.23
Manama,14/01/2023,9.29
Manama,15/01/2023,11.69
Manama,15/01/2023,10.0
Manama,15/01/2023,13.69
Manama,15/01/2023,22.82
Manama,15/01/2023,21.96
Manama,15/01/2023,20.94
Manama,15/01/2023,24.25
Manama,15/01/2023,23.63
Manama,15/01/2023,25.5
Manama,15/01/2023,28.77
Manama,15/01/2023,34.15
Manama,15/01/2023,34.61
Manama,15/01/2023,27.1
Manama,15/01/2023,25.69
Manama,15/01/2023,26.17
Manama,15/01/2023,17.98
Manama,15/01/2023,10.72
Manama,15/01/2023,1.31
Manama,15/01/2023,0.93
Manama,15/01/2023,0.81
Manama,15/01/2023,0.65
Manama,15/01/2023,0.46
Manama,15/01/2023,0.55
Manama,15/01/2023,0.68
Manama,16/01/2023,0.75
Manama,16/01/2023,0.8
Manama,16/01/2023,0.75
Manama,16/01/2023,0.94
Manama,16/01/2023,1.96
Manama,16/01/2023,4.98
Manama,16/01/2023,10.48
Manama,16/01/2023,12.14
Manama,16/01/2023,20.42
Manama,16/01/2023,20.65
Manama,16/01/2023,28.37
Manama,16/01/2023,27.57
Manama,16/01/2023,28.23
Manama,16/01/2023,25.79
Manama,16/01/2023,26.6
Manama,16/01/2023,23.68
Manama,16/01/2023,19.64
Manama,16/01/2023,12.67
Manama,16/01/2023,3.65
Manama,16/01/2023,0.93
Manama,16/01/2023,0.85
Manama,16/01/2023,1.04
Manama,16/01/2023,2.36
Manama,16/01/2023,1.89
Manama,17/01/2023,2.24
Manama,17/01/2023,0.97
Manama,17/01/2023,0.62
Manama,17/01/2023,0.88
Manama,17/01/2023,2.72
Manama,17/01/2023,14.28
Manama,17/01/2023,22.86
Manama,17/01/2023,23.09
Manama,17/01/2023,24.37
Manama,17/01/2023,26.09
Manama,17/01/2023,28.38
Manama,17/01/2023,29.05
Manama,17/01/2023,28.75
Manama,17/01/2023,28.34
Manama,17/01/2023,27.81
Manama,17/01/2023,28.16
Manama,17/01/2023,26.72
Manama,17/01/2023,23.04
Manama,17/01/2023,21.43
Manama,17/01/2023,16.48
Manama,17/01/2023,20.74
Manama,17/01/2023,22.45
Manama,17/01/2023,23.57
Manama,17/01/2023,18.1
Manama,18/01/2023,13.41
Manama,18/01/2023,8.94
Manama,18/01/2023,6.19
Manama,18/01/2023,5.39
Manama,18/01/2023,9.35
Manama,18/01/2023,18.14
Manama,18/01/2023,19.2
Manama,18/01/2023,20.56
Manama,18/01/2023,22.49
Manama,18/01/2023,23.92
Manama,18/01/2023,29.35
Manama,18/01/2023,29.22
Manama,18/01/2023,28.46
Manama,18/01/2023,27.11
Manama,18/01/2023,25.11
Manama,18/01/2023,22.66
Manama,18/01/2023,20.01
Manama,18/01/2023,15.92
Manama,18/01/2023,16.12
Manama,18/01/2023,17.51
Manama,18/01/2023,17.34
Manama,18/01/2023,18.99
Manama,18/01/2023,17.53
Manama,18/01/2023,16.46
Manama,19/01/2023,19.66
Manama,19/01/2023,19.71
Manama,19/01/2023,14.69
Manama,19/01/2023,14.81
Manama,19/01/2023,15.63
Manama,19/01/2023,19.42
Manama,19/01/2023,22.0
Manama,19/01/2023,24.02
Manama,19/01/2023,27.68
Manama,19/01/2023,28.18
Manama,19/01/2023,
Manama,19/01/2023,81.73
Manama,19/01/2023,34.19
Manama,19/01/2023,31.45
Manama,19/01/2023,29.3
Manama,19/01/2023,22.97
Manama,19/01/2023,11.9
Manama,19/01/2023,0.22
Manama,19/01/2023,0.61
Manama,19/01/2023,1.0
Manama,19/01/2023,0.33
Manama,19/01/2023,0.57
Manama,19/01/2023,0.59
Manama,19/01/2023,0.63
Manama,20/01/2023,0.78
Manama,20/01/2023,0.54
Manama,20/01/2023,0.49
Manama,20/01/2023,1.53
Manama,20/01/2023,2.69
Manama,20/01/2023,11.77
Manama,20/01/2023,20.6
Manama,20/01/2023,22.66
Manama,20/01/2023,23.1
Manama,20/01/2023,27.86
Manama,20/01/2023,32.1
Manama,20/01/2023,32.06
Manama,20/01/2023,30.17
Manama,20/01/2023,25.84
Manama,20/01/2023,22.46
Manama,20/01/2023,22.27
Manama,20/01/2023,22.1
Manama,20/01/2023,21.28
Manama,20/01/2023,18.62
Manama,20/01/2023,15.47
Manama,20/01/2023,11.01
Manama,20/01/2023,13.82
Manama,20/01/2023,16.15
Manama,20/01/2023,14.87
Manama,21/01/2023,8.19
Manama,21/01/2023,10.66
Manama,21/01/2023,9.78
Manama,21/01/2023,4.54
Manama,21/01/2023,14.75
Manama,21/01/2023,26.65
Manama,21/01/2023,27.98
Manama,21/01/2023,29.43
Manama,21/01/2023,29.62
Manama,21/01/2023,31.28
Manama,21/01/2023,34.94
Manama,21/01/2023,34.13
Manama,21/01/2023,31.92
Manama,21/01/2023,29.89
Manama,21/01/2023,26.53
Manama,21/01/2023,23.07
Manama,21/01/2023,20.61
Manama,21/01/2023,19.41
Manama,21/01/2023,21.48
Manama,21/01/2023,21.69
Manama,21/01/2023,23.21
Manama,21/01/2023,18.62
Manama,21/01/2023,9.69
Manama,21/01/2023,9.96
Manama,22/01/2023,11.0
Manama,22/01/2023,12.99
Manama,22/01/2023,15.08
Manama,22/01/2023,6.86
Manama,22/01/2023,15.72
Manama,22/01/2023,26.28
Manama,22/01/2023,29.06
Manama,22/01/2023,31.87
Manama,22/01/2023,32.48
Manama,22/01/2023,33.46
Manama,22/01/2023,36.8
Manama,22/01/2023,37.3
Manama,22/01/2023,35.5
Manama,22/01/2023,33.71
Manama,22/01/2023,31.53
Manama,22/01/2023,27.94
Manama,22/01/2023,28.52
Manama,22/01/2023,29.45
Manama,22/01/2023,28.7
Manama,22/01/2023,29.26
Manama,22/01/2023,28.69
Manama,22/01/2023,31.38
Manama,22/01/2023,33.38
Manama,22/01/2023,33.51
Manama,23/01/2023,34.33
Manama,23/01/2023,34.04
Manama,23/01/2023,30.34
Manama,23/01/2023,24.68
Manama,23/01/2023,26.03
Manama,23/01/2023,26.63
Manama,23/01/2023,27.69
Manama,23/01/2023,28.7
Manama,23/01/2023,29.91
Manama,23/01/2023,30.04
Manama,23/01/2023,34.0
Manama,23/01/2023,35.23
Manama,23/01/2023,31.05
Manama,23/01/2023,28.19
Manama,23/01/2023,31.35
Manama,23/01/2023,25.99
Manama,23/01/2023,26.73
Manama,23/01/2023,25.81
Manama,23/01/2023,27.58
Manama,23/01/2023,24.58
Manama,23/01/2023,25.97
Manama,23/01/2023,28.09
Manama,23/01/2023,29.82
Manama,23/01/2023,22.12
Manama,24/01/2023,20.01
Manama,24/01/2023,9.36
Manama,24/01/2023,15.4
Manama,24/01/2023,3.91
Manama,24/01/2023,15.83
Manama,24/01/2023,26.35
Manama,24/01/2023,28.06
Manama,24/01/2023,28.08
Manama,24/01/2023,29.75
Manama,24/01/2023,30.94
Manama,24/01/2023,34.4
Manama,24/01/2023,34.8
Manama,24/01/2023,32.64
Manama,24/01/2023,31.21
Manama,24/01/2023,30.12
Manama,24/01/2023,29.22
Manama,24/01/2023,27.65
Manama,24/01/2023,27.91
Manama,24/01/2023,26.86
Manama,24/01/2023,27.57
Manama,24/01/2023,29.57
Manama,24/01/2023,32.58
Manama,24/01/2023,34.42
Manama,24/01/2023,32.23
Manama,25/01/2023,31.21
Manama,25/01/2023,29.99
Manama,25/01/2023,28.89
Manama,25/01/2023,22.88
Manama,25/01/2023,23.96
Manama,25/01/2023,26.15
Manama,25/01/2023,27.55
Manama,25/01/2023,27.58
Manama,25/01/2023,27.62
Manama,25/01/2023,27.93
Manama,25/01/2023,30.55
Manama,25/01/2023,30.52
Manama,25/01/2023,29.79
Manama,25/01/2023,27.09
Manama,25/01/2023,25.94
Manama,25/01/2023,22.66
Manama,25/01/2023,22.54
Manama,25/01/2023,24.51
Manama,25/01/2023,23.34
Manama,25/01/2023,24.71
Manama,25/01/2023,27.85
Manama,25/01/2023,30.87
Manama,25/01/2023,31.95
Manama,25/01/2023,29.67
Manama,26/01/2023,26.11
Manama,26/01/2023,25.68
Manama,26/01/2023,25.98
Manama,26/01/2023,23.61
Manama,26/01/2023,21.52
Manama,26/01/2023,17.64
Manama,26/01/2023,19.26
Manama,26/01/2023,23.83
Manama,26/01/2023,24.75
Manama,26/01/2023,27.12
Manama,26/01/2023,29.66
Manama,26/01/2023,29.37
Manama,26/01/2023,29.34
Manama,26/01/2023,25.99
Manama,26/01/2023,27.96
Manama,26/01/2023,25.01
Manama,26/01/2023,23.28
Manama,26/01/2023,23.72
Manama,26/01/2023,17.91
Manama,26/01/2023,23.77
Manama,26/01/2023,25.5
Manama,26/01/2023,23.96
Manama,26/01/2023,30.78
Manama,26/01/2023,
Manama,27/01/2023,26.47
Manama,27/01/2023,31.39
Manama,27/01/2023,25.04
Manama,27/01/2023,22.06
Manama,27/01/2023,22.26
Manama,27/01/2023,15.64
Manama,27/01/2023,22.4
Manama,27/01/2023,24.82
Manama,27/01/2023,25.34
Manama,27/01/2023,26.06
Manama,27/01/2023,29.37
Manama,27/01/2023,28.63
Manama,27/01/2023,24.61
Manama,27/01/2023,22.71
Manama,27/01/2023,22.34
Manama,27/01/2023,21.36
Manama,27/01/2023,16.67
Manama,27/01/2023,22.58
Manama,27/01/2023,13.52
Manama,27/01/2023,18.27
Manama,27/01/2023,19.1
Manama,27/01/2023,17.54
Manama,27/01/2023,20.57
Manama,27/01/2023,27.27
Manama,28/01/2023,18.19
Manama,28/01/2023,16.8
Manama,28/01/2023,16.04
Manama,28/01/2023,6.8
Manama,28/01/2023,6.23
Manama,28/01/2023,9.44
Manama,28/01/2023,18.54
Manama,28/01/2023,20.42
Manama,28/01/2023,27.53
Manama,28/01/2023,30.81
Manama,28/01/2023,35.17
Manama,28/01/2023,36.58
Manama,28/01/2023,35.9
Manama,28/01/2023,32.53
Manama,28/01/2023,27.64
Manama,28/01/2023,20.69
Manama,28/01/2023,15.3
Manama,28/01/2023,9.37
Manama,28/01/2023,2.52
Manama,28/01/2023,3.11
Manama,28/01/2023,2.28
Manama,28/01/2023,1.41
Manama,28/01/2023,0.57
Manama,28/01/2023,0.34
Manama,29/01/2023,0.22
Manama,29/01/2023,0.48
Manama,29/01/2023,0.53
Manama,29/01/2023,2.62
Manama,29/01/2023,3.68
Manama,29/01/2023,11.46
Manama,29/01/2023,19.31
Manama,29/01/2023,21.47
Manama,29/01/2023,24.12
Manama,29/01/2023,29.19
Manama,29/01/2023,36.12
Manama,29/01/2023,36.32
Manama,29/01/2023,38.93
Manama,29/01/2023,41.69
Manama,29/01/2023,35.55
Manama,29/01/2023,26.49
Manama,29/01/2023,23.19
Manama,29/01/2023,10.9
Manama,29/01/2023,3.88
Manama,29/01/2023,6.43
Manama,29/01/2023,7.43
Manama,29/01/2023,13.25
Manama,29/01/2023,10.92
Manama,29/01/2023,4.07
Manama,30/01/2023,2.58
Manama,30/01/2023,2.44
Manama,30/01/2023,0.61
Manama,30/01/2023,1.2
Manama,30/01/2023,6.76
Manama,30/01/2023,17.31
Manama,30/01/2023,24.86
Manama,30/01/2023,30.12
Manama,30/01/2023,33.92
Manama,30/01/2023,35.86
Manama,30/01/2023,39.72
Manama,30/01/2023,40.33
Manama,30/01/2023,41.08
Manama,30/01/2023,38.25
Manama,30/01/2023,35.52
Manama,30/01/2023,28.75
Manama,30/01/2023,15.82
Manama,30/01/2023,5.82
Manama,30/01/2023,0.57
Manama,30/01/2023,4.47
Manama,30/01/2023,1.19
Manama,30/01/2023,4.83
Manama,30/01/2023,10.19
Manama,30/01/2023,6.87
Manama,31/01/2023,11.74
Manama,31/01/2023,6.06
Manama,31/01/2023,3.35
Manama,31/01/2023,3.46
Manama,31/01/2023,12.78
Manama,31/01/2023,21.04
Manama,31/01/2023,26.04
Manama,31/01/2023,29.34
Manama,31/01/2023,30.95
Manama,31/01/2023,34.51
Manama,31/01/2023,36.71
Manama,31/01/2023,36.72
Manama,31/01/2023,36.73
Manama,31/01/2023,34.96
Manama,31/01/2023,33.68
Manama,31/01/2023,31.16
Manama,31/01/2023,29.48
Manama,31/01/2023,28.63
Manama,31/01/2023,30.91
Manama,31/01/2023,32.02
Manama,31/01/2023,31.04
Manama,31/01/2023,34.42
Manama,31/01/2023,34.74
Manama,31/01/2023,33.46
Jurf,01/01/2023,1.9632
Jurf,01/01/2023,3.9264
Jurf,01/01/2023,3.9264
Jurf,01/01/2023,3.9264
Jurf,01/01/2023,3.9264
Jurf,01/01/2023,3.9264
Jurf,01/01/2023,1.9632
Jurf,01/01/2023,1.9632
Jurf,01/01/2023,3.9264
Jurf,01/01/2023,13.7424
Jurf,01/01/2023,47.1168
Jurf,01/01/2023,84.4176
Jurf,01/01/2023,113.8656
Jurf,01/01/2023,115.8288
Jurf,01/01/2023,137.424
Jurf,01/01/2023,109.9392
Jurf,01/01/2023,107.976
Jurf,01/01/2023,66.74880000000002
Jurf,01/01/2023,53.0064
Jurf,01/01/2023,41.2272
Jurf,01/01/2023,19.632
Jurf,01/01/2023,3.9264
Jurf,01/01/2023,1.9632
Jurf,01/01/2023,1.9632
Jurf,02/01/2023,1.9632
Jurf,02/01/2023,3.9264
Jurf,02/01/2023,1.9632
Jurf,02/01/2023,3.9264
Jurf,02/01/2023,3.9264
Jurf,02/01/2023,3.9264
Jurf,02/01/2023,1.9632
Jurf,02/01/2023,1.9632
Jurf,02/01/2023,5.8896
Jurf,02/01/2023,19.632
Jurf,02/01/2023,60.8592
Jurf,02/01/2023,84.4176
Jurf,02/01/2023,96.1968
Jurf,02/01/2023,107.976
Jurf,02/01/2023,109.9392
Jurf,02/01/2023,111.9024
Jurf,02/01/2023,92.2704
Jurf,02/01/2023,66.74880000000002
Jurf,02/01/2023,27.4848
Jurf,02/01/2023,29.448
Jurf,02/01/2023,45.1536
Jurf,02/01/2023,19.632
Jurf,02/01/2023,41.2272
Jurf,02/01/2023,53.0064
Jurf,03/01/2023,51.0432
Jurf,03/01/2023,51.0432
Jurf,03/01/2023,68.712
Jurf,03/01/2023,68.712
Jurf,03/01/2023,49.080000000000005
Jurf,03/01/2023,7.8528
Jurf,03/01/2023,13.7424
Jurf,03/01/2023,7.8528
Jurf,03/01/2023,5.8896
Jurf,03/01/2023,17.668799999999997
Jurf,03/01/2023,37.3008
Jurf,03/01/2023,58.896
Jurf,03/01/2023,84.4176
Jurf,03/01/2023,98.16
Jurf,03/01/2023,102.0864
Jurf,03/01/2023,92.2704
Jurf,03/01/2023,88.34400000000001
Jurf,03/01/2023,74.6016
Jurf,03/01/2023,31.4112
Jurf,03/01/2023,31.4112
Jurf,03/01/2023,25.5216
Jurf,03/01/2023,23.5584
Jurf,03/01/2023,56.93280000000001
Jurf,03/01/2023,62.8224
Jurf,04/01/2023,21.5952
Jurf,04/01/2023,15.7056
Jurf,04/01/2023,66.74880000000002
Jurf,04/01/2023,72.63839999999999
Jurf,04/01/2023,68.712
Jurf,04/01/2023,53.0064
Jurf,04/01/2023,68.712
Jurf,04/01/2023,43.1904
Jurf,04/01/2023,58.896
Jurf,04/01/2023,70.67519999999999
Jurf,04/01/2023,82.4544
Jurf,04/01/2023,84.4176
Jurf,04/01/2023,94.2336
Jurf,04/01/2023,100.1232
Jurf,04/01/2023,100.1232
Jurf,04/01/2023,106.0128
Jurf,04/01/2023,98.16
Jurf,04/01/2023,70.67519999999999
Jurf,04/01/2023,84.4176
Jurf,04/01/2023,60.8592
Jurf,04/01/2023,62.8224
Jurf,04/01/2023,80.49119999999999
Jurf,04/01/2023,80.49119999999999
Jurf,04/01/2023,76.5648
Jurf,05/01/2023,76.5648
Jurf,05/01/2023,80.49119999999999
Jurf,05/01/2023,82.4544
Jurf,05/01/2023,76.5648
Jurf,05/01/2023,70.67519999999999
Jurf,05/01/2023,68.712
Jurf,05/01/2023,47.1168
Jurf,05/01/2023,17.668799999999997
Jurf,05/01/2023,33.37440000000001
Jurf,05/01/2023,49.080000000000005
Jurf,05/01/2023,66.74880000000002
Jurf,05/01/2023,74.6016
Jurf,05/01/2023,84.4176
Jurf,05/01/2023,94.2336
Jurf,05/01/2023,94.2336
Jurf,05/01/2023,117.792
Jurf,05/01/2023,82.4544
Jurf,05/01/2023,60.8592
Jurf,05/01/2023,13.7424
Jurf,05/01/2023,33.37440000000001
Jurf,05/01/2023,41.2272
Jurf,05/01/2023,29.448
Jurf,05/01/2023,51.0432
Jurf,05/01/2023,64.7856
Jurf,06/01/2023,72.63839999999999
Jurf,06/01/2023,37.3008
Jurf,06/01/2023,39.264
Jurf,06/01/2023,64.7856
Jurf,06/01/2023,51.0432
Jurf,06/01/2023,35.337599999999995
Jurf,06/01/2023,35.337599999999995
Jurf,06/01/2023,11.7792
Jurf,06/01/2023,23.5584
Jurf,06/01/2023,88.34400000000001
Jurf,06/01/2023,80.49119999999999
Jurf,06/01/2023,82.4544
Jurf,06/01/2023,96.1968
Jurf,06/01/2023,159.0192
Jurf,06/01/2023,106.0128
Jurf,06/01/2023,94.2336
Jurf,06/01/2023,86.3808
Jurf,06/01/2023,72.63839999999999
Jurf,06/01/2023,53.0064
Jurf,06/01/2023,45.1536
Jurf,06/01/2023,54.9696
Jurf,06/01/2023,56.93280000000001
Jurf,06/01/2023,49.080000000000005
Jurf,06/01/2023,33.37440000000001
Jurf,07/01/2023,35.337599999999995
Jurf,07/01/2023,45.1536
Jurf,07/01/2023,60.8592
Jurf,07/01/2023,43.1904
Jurf,07/01/2023,27.4848
Jurf,07/01/2023,51.0432
Jurf,07/01/2023,45.1536
Jurf,07/01/2023,41.2272
Jurf,07/01/2023,17.668799999999997
Jurf,07/01/2023,25.5216
Jurf,07/01/2023,35.337599999999995
Jurf,07/01/2023,64.7856
Jurf,07/01/2023,66.74880000000002
Jurf,07/01/2023,88.34400000000001
Jurf,07/01/2023,106.0128
Jurf,07/01/2023,54.9696
Jurf,07/01/2023,45.1536
Jurf,07/01/2023,47.1168
Jurf,07/01/2023,43.1904
Jurf,07/01/2023,25.5216
Jurf,07/01/2023,5.8896
Jurf,07/01/2023,1.9632
Jurf,07/01/2023,1.9632
Jurf,07/01/2023,1.9632
Jurf,08/01/2023,1.9632
Jurf,08/01/2023,1.9632
Jurf,08/01/2023,1.9632
Jurf,08/01/2023,1.9632
Jurf,08/01/2023,1.9632
Jurf,08/01/2023,1.9632
Jurf,08/01/2023,1.9632
Jurf,08/01/2023,1.9632
Jurf,08/01/2023,3.9264
Jurf,08/01/2023,9.816
Jurf,08/01/2023,35.337599999999995
Jurf,08/01/2023,58.896
Jurf,08/01/2023,86.3808
Jurf,08/01/2023,113.8656
Jurf,08/01/2023,194.3568
Jurf,08/01/2023,135.4608
Jurf,08/01/2023,92.2704
Jurf,08/01/2023,66.74880000000002
Jurf,08/01/2023,43.1904
Jurf,08/01/2023,17.668799999999997
Jurf,08/01/2023,9.816
Jurf,08/01/2023,5.8896
Jurf,08/01/2023,9.816
Jurf,08/01/2023,25.5216
Jurf,09/01/2023,41.2272
Jurf,09/01/2023,60.8592
Jurf,09/01/2023,37.3008
Jurf,09/01/2023,9.816
Jurf,09/01/2023,1.9632
Jurf,09/01/2023,1.9632
Jurf,09/01/2023,1.9632
Jurf,09/01/2023,1.9632
Jurf,09/01/2023,3.9264
Jurf,09/01/2023,19.632
Jurf,09/01/2023,47.1168
Jurf,09/01/2023,74.6016
Jurf,09/01/2023,92.2704
Jurf,09/01/2023,106.0128
Jurf,09/01/2023,117.792
Jurf,09/01/2023,131.53440000000003
Jurf,09/01/2023,121.7184
Jurf,09/01/2023,96.1968
Jurf,09/01/2023,58.896
Jurf,09/01/2023,51.0432
Jurf,09/01/2023,29.448
Jurf,09/01/2023,11.7792
Jurf,09/01/2023,15.7056
Jurf,09/01/2023,7.8528
Jurf,10/01/2023,7.8528
Jurf,10/01/2023,3.9264
Jurf,10/01/2023,3.9264
Jurf,10/01/2023,3.9264
Jurf,10/01/2023,7.8528
Jurf,10/01/2023,9.816
Jurf,10/01/2023,15.7056
Jurf,10/01/2023,5.8896
Jurf,10/01/2023,11.7792
Jurf,10/01/2023,31.4112
Jurf,10/01/2023,78.528
Jurf,10/01/2023,96.1968
Jurf,10/01/2023,109.9392
Jurf,10/01/2023,121.7184
Jurf,10/01/2023,121.7184
Jurf,10/01/2023,170.7984
Jurf,10/01/2023,170.7984
Jurf,10/01/2023,355.3392
Jurf,10/01/2023,298.4064
Jurf,10/01/2023,149.2032
Jurf,10/01/2023,51.0432
Jurf,10/01/2023,56.93280000000001
Jurf,10/01/2023,35.337599999999995
Jurf,10/01/2023,62.8224
Jurf,11/01/2023,153.1296
Jurf,11/01/2023,174.7248
Jurf,11/01/2023,151.1664
Jurf,11/01/2023,247.3632
Jurf,11/01/2023,168.8352
Jurf,11/01/2023,160.98239999999998
Jurf,11/01/2023,170.7984
Jurf,11/01/2023,62.8224
Jurf,11/01/2023,225.76800000000003
Jurf,11/01/2023,300.3696
Jurf,11/01/2023,255.216
Jurf,11/01/2023,217.9152
Jurf,11/01/2023,255.216
Jurf,11/01/2023,298.4064
Jurf,11/01/2023,300.3696
Jurf,11/01/2023,310.1856
Jurf,11/01/2023,321.9648
Jurf,11/01/2023,294.48
Jurf,11/01/2023,100.1232
Jurf,11/01/2023,68.712
Jurf,11/01/2023,64.7856
Jurf,11/01/2023,53.0064
Jurf,11/01/2023,58.896
Jurf,11/01/2023,33.37440000000001
Jurf,12/01/2023,3.9264
Jurf,12/01/2023,1.9632
Jurf,12/01/2023,1.9632
Jurf,12/01/2023,3.9264
Jurf,12/01/2023,3.9264
Jurf,12/01/2023,1.9632
Jurf,12/01/2023,1.9632
Jurf,12/01/2023,3.9264
Jurf,12/01/2023,7.8528
Jurf,12/01/2023,25.5216
Jurf,12/01/2023,56.93280000000001
Jurf,12/01/2023,58.896
Jurf,12/01/2023,76.5648
Jurf,12/01/2023,90.3072
Jurf,12/01/2023,94.2336
Jurf,12/01/2023,88.34400000000001
Jurf,12/01/2023,80.49119999999999
Jurf,12/01/2023,60.8592
Jurf,12/01/2023,27.4848
Jurf,12/01/2023,21.5952
Jurf,12/01/2023,37.3008
Jurf,12/01/2023,37.3008
Jurf,12/01/2023,17.668799999999997
Jurf,12/01/2023,7.8528
Jurf,13/01/2023,3.9264
Jurf,13/01/2023,11.7792
Jurf,13/01/2023,9.816
Jurf,13/01/2023,11.7792
Jurf,13/01/2023,9.816
Jurf,13/01/2023,3.9264
Jurf,13/01/2023,5.8896
Jurf,13/01/2023,11.7792
Jurf,13/01/2023,13.7424
Jurf,13/01/2023,47.1168
Jurf,13/01/2023,66.74880000000002
Jurf,13/01/2023,76.5648
Jurf,13/01/2023,84.4176
Jurf,13/01/2023,90.3072
Jurf,13/01/2023,92.2704
Jurf,13/01/2023,88.34400000000001
Jurf,13/01/2023,86.3808
Jurf,13/01/2023,72.63839999999999
Jurf,13/01/2023,47.1168
Jurf,13/01/2023,27.4848
Jurf,13/01/2023,35.337599999999995
Jurf,13/01/2023,49.080000000000005
Jurf,13/01/2023,62.8224
Jurf,13/01/2023,58.896
Jurf,14/01/2023,49.080000000000005
Jurf,14/01/2023,54.9696
Jurf,14/01/2023,62.8224
Jurf,14/01/2023,68.712
Jurf,14/01/2023,70.67519999999999
Jurf,14/01/2023,68.712
Jurf,14/01/2023,66.74880000000002
Jurf,14/01/2023,62.8224
Jurf,14/01/2023,58.896
Jurf,14/01/2023,66.74880000000002
Jurf,14/01/2023,76.5648
Jurf,14/01/2023,82.4544
Jurf,14/01/2023,88.34400000000001
Jurf,14/01/2023,90.3072
Jurf,14/01/2023,90.3072
Jurf,14/01/2023,92.2704
Jurf,14/01/2023,72.63839999999999
Jurf,14/01/2023,53.0064
Jurf,14/01/2023,33.37440000000001
Jurf,14/01/2023,21.5952
Jurf,14/01/2023,27.4848
Jurf,14/01/2023,31.4112
Jurf,14/01/2023,23.5584
Jurf,14/01/2023,39.264
Jurf,15/01/2023,31.4112
Jurf,15/01/2023,33.37440000000001
Jurf,15/01/2023,64.7856
Jurf,15/01/2023,49.080000000000005
Jurf,15/01/2023,49.080000000000005
Jurf,15/01/2023,68.712
Jurf,15/01/2023,64.7856
Jurf,15/01/2023,21.5952
Jurf,15/01/2023,39.264
Jurf,15/01/2023,54.9696
Jurf,15/01/2023,72.63839999999999
Jurf,15/01/2023,78.528
Jurf,15/01/2023,90.3072
Jurf,15/01/2023,92.2704
Jurf,15/01/2023,98.16
Jurf,15/01/2023,90.3072
Jurf,15/01/2023,84.4176
Jurf,15/01/2023,78.528
Jurf,15/01/2023,58.896
Jurf,15/01/2023,37.3008
Jurf,15/01/2023,21.5952
Jurf,15/01/2023,3.9264
Jurf,15/01/2023,1.9632
Jurf,15/01/2023,1.9632
Jurf,16/01/2023,1.9632
Jurf,16/01/2023,1.9632
Jurf,16/01/2023,3.9264
Jurf,16/01/2023,3.9264
Jurf,16/01/2023,3.9264
Jurf,16/01/2023,1.9632
Jurf,16/01/2023,1.9632
Jurf,16/01/2023,1.9632
Jurf,16/01/2023,3.9264
Jurf,16/01/2023,11.7792
Jurf,16/01/2023,68.712
Jurf,16/01/2023,74.6016
Jurf,16/01/2023,98.16
Jurf,16/01/2023,102.0864
Jurf,16/01/2023,94.2336
Jurf,16/01/2023,94.2336
Jurf,16/01/2023,98.16
Jurf,16/01/2023,96.1968
Jurf,16/01/2023,56.93280000000001
Jurf,16/01/2023,11.7792
Jurf,16/01/2023,5.8896
Jurf,16/01/2023,1.9632
Jurf,16/01/2023,5.8896
Jurf,16/01/2023,3.9264
Jurf,17/01/2023,5.8896
Jurf,17/01/2023,3.9264
Jurf,17/01/2023,1.9632
Jurf,17/01/2023,1.9632
Jurf,17/01/2023,1.9632
Jurf,17/01/2023,3.9264
Jurf,17/01/2023,9.816
Jurf,17/01/2023,3.9264
Jurf,17/01/2023,5.8896
Jurf,17/01/2023,21.5952
Jurf,17/01/2023,43.1904
Jurf,17/01/2023,53.0064
Jurf,17/01/2023,84.4176
Jurf,17/01/2023,96.1968
Jurf,17/01/2023,94.2336
Jurf,17/01/2023,98.16
Jurf,17/01/2023,96.1968
Jurf,17/01/2023,88.34400000000001
Jurf,17/01/2023,54.9696
Jurf,17/01/2023,29.448
Jurf,17/01/2023,7.8528
Jurf,17/01/2023,3.9264
Jurf,17/01/2023,9.816
Jurf,17/01/2023,1.9632
Jurf,18/01/2023,1.9632
Jurf,18/01/2023,1.9632
Jurf,18/01/2023,1.9632
Jurf,18/01/2023,1.9632
Jurf,18/01/2023,17.668799999999997
Jurf,18/01/2023,371.0448
Jurf,18/01/2023,453.4992
Jurf,18/01/2023,447.60960000000006
Jurf,18/01/2023,376.9344
Jurf,18/01/2023,321.9648
Jurf,18/01/2023,300.3696
Jurf,18/01/2023,153.1296
Jurf,18/01/2023,104.0496
Jurf,18/01/2023,143.31359999999998
Jurf,18/01/2023,164.9088
Jurf,18/01/2023,176.68800000000002
Jurf,18/01/2023,176.68800000000002
Jurf,18/01/2023,210.0624
Jurf,18/01/2023,200.2464
Jurf,18/01/2023,162.9456
Jurf,18/01/2023,184.5408
Jurf,18/01/2023,147.24
Jurf,18/01/2023,210.0624
Jurf,18/01/2023,292.51680000000005
Jurf,19/01/2023,261.10560000000004
Jurf,19/01/2023,141.35039999999998
Jurf,19/01/2023,147.24
Jurf,19/01/2023,367.1184
Jurf,19/01/2023,104.0496
Jurf,19/01/2023,68.712
Jurf,19/01/2023,31.4112
Jurf,19/01/2023,13.7424
Jurf,19/01/2023,27.4848
Jurf,19/01/2023,45.1536
Jurf,19/01/2023,64.7856
Jurf,19/01/2023,78.528
Jurf,19/01/2023,104.0496
Jurf,19/01/2023,151.1664
Jurf,19/01/2023,137.424
Jurf,19/01/2023,92.2704
Jurf,19/01/2023,88.34400000000001
Jurf,19/01/2023,74.6016
Jurf,19/01/2023,37.3008
Jurf,19/01/2023,11.7792
Jurf,19/01/2023,3.9264
Jurf,19/01/2023,3.9264
Jurf,19/01/2023,3.9264
Jurf,19/01/2023,3.9264
Jurf,20/01/2023,3.9264
Jurf,20/01/2023,3.9264
Jurf,20/01/2023,3.9264
Jurf,20/01/2023,3.9264
Jurf,20/01/2023,3.9264
Jurf,20/01/2023,3.9264
Jurf,20/01/2023,3.9264
Jurf,20/01/2023,1.9632
Jurf,20/01/2023,5.8896
Jurf,20/01/2023,25.5216
Jurf,20/01/2023,58.896
Jurf,20/01/2023,78.528
Jurf,20/01/2023,80.49119999999999
Jurf,20/01/2023,84.4176
Jurf,20/01/2023,96.1968
Jurf,20/01/2023,94.2336
Jurf,20/01/2023,90.3072
Jurf,20/01/2023,76.5648
Jurf,20/01/2023,41.2272
Jurf,20/01/2023,31.4112
Jurf,20/01/2023,21.5952
Jurf,20/01/2023,39.264
Jurf,20/01/2023,37.3008
Jurf,20/01/2023,53.0064
Jurf,21/01/2023,37.3008
Jurf,21/01/2023,43.1904
Jurf,21/01/2023,39.264
Jurf,21/01/2023,37.3008
Jurf,21/01/2023,39.264
Jurf,21/01/2023,41.2272
Jurf,21/01/2023,39.264
Jurf,21/01/2023,19.632
Jurf,21/01/2023,25.5216
Jurf,21/01/2023,49.080000000000005
Jurf,21/01/2023,82.4544
Jurf,21/01/2023,86.3808
Jurf,21/01/2023,98.16
Jurf,21/01/2023,100.1232
Jurf,21/01/2023,102.0864
Jurf,21/01/2023,100.1232
Jurf,21/01/2023,104.0496
Jurf,21/01/2023,92.2704
Jurf,21/01/2023,62.8224
Jurf,21/01/2023,47.1168
Jurf,21/01/2023,43.1904
Jurf,21/01/2023,51.0432
Jurf,21/01/2023,64.7856
Jurf,21/01/2023,64.7856
Jurf,22/01/2023,45.1536
Jurf,22/01/2023,39.264
Jurf,22/01/2023,47.1168
Jurf,22/01/2023,37.3008
Jurf,22/01/2023,53.0064
Jurf,22/01/2023,39.264
Jurf,22/01/2023,49.080000000000005
Jurf,22/01/2023,33.37440000000001
Jurf,22/01/2023,51.0432
Jurf,22/01/2023,68.712
Jurf,22/01/2023,90.3072
Jurf,22/01/2023,98.16
Jurf,22/01/2023,106.0128
Jurf,22/01/2023,107.976
Jurf,22/01/2023,111.9024
Jurf,22/01/2023,111.9024
Jurf,22/01/2023,109.9392
Jurf,22/01/2023,104.0496
Jurf,22/01/2023,86.3808
Jurf,22/01/2023,72.63839999999999
Jurf,22/01/2023,45.1536
Jurf,22/01/2023,76.5648
Jurf,22/01/2023,84.4176
Jurf,22/01/2023,76.5648
Jurf,23/01/2023,76.5648
Jurf,23/01/2023,80.49119999999999
Jurf,23/01/2023,80.49119999999999
Jurf,23/01/2023,72.63839999999999
Jurf,23/01/2023,78.528
Jurf,23/01/2023,70.67519999999999
Jurf,23/01/2023,66.74880000000002
Jurf,23/01/2023,60.8592
Jurf,23/01/2023,39.264
Jurf,23/01/2023,62.8224
Jurf,23/01/2023,80.49119999999999
Jurf,23/01/2023,86.3808
Jurf,23/01/2023,90.3072
Jurf,23/01/2023,92.2704
Jurf,23/01/2023,76.5648
Jurf,23/01/2023,76.5648
Jurf,23/01/2023,82.4544
Jurf,23/01/2023,78.528
Jurf,23/01/2023,80.49119999999999
Jurf,23/01/2023,80.49119999999999
Jurf,23/01/2023,78.528
Jurf,23/01/2023,80.49119999999999
Jurf,23/01/2023,74.6016
Jurf,23/01/2023,66.74880000000002
Jurf,24/01/2023,74.6016
Jurf,24/01/2023,54.9696
Jurf,24/01/2023,58.896
Jurf,24/01/2023,66.74880000000002
Jurf,24/01/2023,68.712
Jurf,24/01/2023,64.7856
Jurf,24/01/2023,56.93280000000001
Jurf,24/01/2023,49.080000000000005
Jurf,24/01/2023,41.2272
Jurf,24/01/2023,70.67519999999999
Jurf,24/01/2023,80.49119999999999
Jurf,24/01/2023,84.4176
Jurf,24/01/2023,96.1968
Jurf,24/01/2023,98.16
Jurf,24/01/2023,100.1232
Jurf,24/01/2023,109.9392
Jurf,24/01/2023,106.0128
Jurf,24/01/2023,84.4176
Jurf,24/01/2023,68.712
Jurf,24/01/2023,56.93280000000001
Jurf,24/01/2023,49.080000000000005
Jurf,24/01/2023,66.74880000000002
Jurf,24/01/2023,72.63839999999999
Jurf,24/01/2023,76.5648
Jurf,25/01/2023,66.74880000000002
Jurf,25/01/2023,66.74880000000002
Jurf,25/01/2023,66.74880000000002
Jurf,25/01/2023,62.8224
Jurf,25/01/2023,45.1536
Jurf,25/01/2023,72.63839999999999
Jurf,25/01/2023,66.74880000000002
Jurf,25/01/2023,41.2272
Jurf,25/01/2023,43.1904
Jurf,25/01/2023,70.67519999999999
Jurf,25/01/2023,76.5648
Jurf,25/01/2023,82.4544
Jurf,25/01/2023,84.4176
Jurf,25/01/2023,78.528
Jurf,25/01/2023,84.4176
Jurf,25/01/2023,76.5648
Jurf,25/01/2023,66.74880000000002
Jurf,25/01/2023,60.8592
Jurf,25/01/2023,58.896
Jurf,25/01/2023,72.63839999999999
Jurf,25/01/2023,68.712
Jurf,25/01/2023,62.8224
Jurf,25/01/2023,62.8224
Jurf,25/01/2023,72.63839999999999
Jurf,26/01/2023,64.7856
Jurf,26/01/2023,35.337599999999995
Jurf,26/01/2023,29.448
Jurf,26/01/2023,35.337599999999995
Jurf,26/01/2023,60.8592
Jurf,26/01/2023,53.0064
Jurf,26/01/2023,53.0064
Jurf,26/01/2023,56.93280000000001
Jurf,26/01/2023,54.9696
Jurf,26/01/2023,64.7856
Jurf,26/01/2023,62.8224
Jurf,26/01/2023,62.8224
Jurf,26/01/2023,66.74880000000002
Jurf,26/01/2023,84.4176
Jurf,26/01/2023,86.3808
Jurf,26/01/2023,84.4176
Jurf,26/01/2023,80.49119999999999
Jurf,26/01/2023,76.5648
Jurf,26/01/2023,68.712
Jurf,26/01/2023,53.0064
Jurf,26/01/2023,47.1168
Jurf,26/01/2023,72.63839999999999
Jurf,26/01/2023,70.67519999999999
Jurf,26/01/2023,74.6016
Jurf,27/01/2023,64.7856
Jurf,27/01/2023,56.93280000000001
Jurf,27/01/2023,76.5648
Jurf,27/01/2023,80.49119999999999
Jurf,27/01/2023,80.49119999999999
Jurf,27/01/2023,68.712
Jurf,27/01/2023,70.67519999999999
Jurf,27/01/2023,70.67519999999999
Jurf,27/01/2023,70.67519999999999
Jurf,27/01/2023,72.63839999999999
Jurf,27/01/2023,70.67519999999999
Jurf,27/01/2023,70.67519999999999
Jurf,27/01/2023,72.63839999999999
Jurf,27/01/2023,84.4176
Jurf,27/01/2023,62.8224
Jurf,27/01/2023,53.0064
Jurf,27/01/2023,72.63839999999999
Jurf,27/01/2023,47.1168
Jurf,27/01/2023,41.2272
Jurf,27/01/2023,45.1536
Jurf,27/01/2023,49.080000000000005
Jurf,27/01/2023,51.0432
Jurf,27/01/2023,60.8592
Jurf,27/01/2023,47.1168
Jurf,28/01/2023,27.4848
Jurf,28/01/2023,51.0432
Jurf,28/01/2023,35.337599999999995
Jurf,28/01/2023,25.5216
Jurf,28/01/2023,9.816
Jurf,28/01/2023,33.37440000000001
Jurf,28/01/2023,33.37440000000001
Jurf,28/01/2023,15.7056
Jurf,28/01/2023,17.668799999999997
Jurf,28/01/2023,51.0432
Jurf,28/01/2023,74.6016
Jurf,28/01/2023,80.49119999999999
Jurf,28/01/2023,80.49119999999999
Jurf,28/01/2023,90.3072
Jurf,28/01/2023,137.424
Jurf,28/01/2023,117.792
Jurf,28/01/2023,80.49119999999999
Jurf,28/01/2023,74.6016
Jurf,28/01/2023,51.0432
Jurf,28/01/2023,19.632
Jurf,28/01/2023,11.7792
Jurf,28/01/2023,11.7792
Jurf,28/01/2023,9.816
Jurf,28/01/2023,3.9264
Jurf,29/01/2023,3.9264
Jurf,29/01/2023,1.9632
Jurf,29/01/2023,3.9264
Jurf,29/01/2023,1.9632
Jurf,29/01/2023,1.9632
Jurf,29/01/2023,1.9632
Jurf,29/01/2023,1.9632
Jurf,29/01/2023,3.9264
Jurf,29/01/2023,13.7424
Jurf,29/01/2023,33.37440000000001
Jurf,29/01/2023,45.1536
Jurf,29/01/2023,78.528
Jurf,29/01/2023,92.2704
Jurf,29/01/2023,117.792
Jurf,29/01/2023,129.5712
Jurf,29/01/2023,117.792
Jurf,29/01/2023,102.0864
Jurf,29/01/2023,74.6016
Jurf,29/01/2023,27.4848
Jurf,29/01/2023,7.8528
Jurf,29/01/2023,5.8896
Jurf,29/01/2023,3.9264
Jurf,29/01/2023,3.9264
Jurf,29/01/2023,3.9264
Jurf,30/01/2023,3.9264
Jurf,30/01/2023,3.9264
Jurf,30/01/2023,3.9264
Jurf,30/01/2023,1.9632
Jurf,30/01/2023,1.9632
Jurf,30/01/2023,5.8896
Jurf,30/01/2023,3.9264
Jurf,30/01/2023,3.9264
Jurf,30/01/2023,9.816
Jurf,30/01/2023,25.5216
Jurf,30/01/2023,49.080000000000005
Jurf,30/01/2023,76.5648
Jurf,30/01/2023,104.0496
Jurf,30/01/2023,160.98239999999998
Jurf,30/01/2023,215.952
Jurf,30/01/2023,274.848
Jurf,30/01/2023,239.5104
Jurf,30/01/2023,104.0496
Jurf,30/01/2023,64.7856
Jurf,30/01/2023,41.2272
Jurf,30/01/2023,5.8896
Jurf,30/01/2023,3.9264
Jurf,30/01/2023,3.9264
Jurf,30/01/2023,1.9632
Jurf,31/01/2023,1.9632
Jurf,31/01/2023,1.9632
Jurf,31/01/2023,1.9632
Jurf,31/01/2023,1.9632
Jurf,31/01/2023,1.9632
Jurf,31/01/2023,3.9264
Jurf,31/01/2023,5.8896
Jurf,31/01/2023,17.668799999999997
Jurf,31/01/2023,17.668799999999997
Jurf,31/01/2023,37.3008
Jurf,31/01/2023,82.4544
Jurf,31/01/2023,88.34400000000001
Jurf,31/01/2023,98.16
Jurf,31/01/2023,117.792
Jurf,31/01/2023,104.0496
Jurf,31/01/2023,102.0864
Jurf,31/01/2023,102.0864
Jurf,31/01/2023,104.0496
Jurf,31/01/2023,66.74880000000002
Jurf,31/01/2023,45.1536
Jurf,31/01/2023,45.1536
Jurf,31/01/2023,82.4544
Jurf,31/01/2023,94.2336
Jurf,31/01/2023,96.1968
