Station Name,Date,Time,SO2,Data Cap. (SO2),SO2 Avg,NO2,Data Cap. (NO2),NO2 Avg,O3,Data Cap. (O3),O3 8H Avg.,Daily Capture O3,O3 Daily Average,O3 Daily Average (NS),CO,Data Cap. (CO),CO 8H Avg.,Daily Capture CO,CO Daily Average,PM10,Data Cap. (PM10),PM10 Avg,PM2.5,Data Cap. (PM2.5),PM2.5 Avg,Lower Ambient Temperature,Upper Ambient Temperature,Barometric Pressure,Relative Humidity,Wind Direction,Wind Speed,H2S,Toluene,O-Xylene,Ethylbenzene,MP-Xylene,Benzene,CH4,NMHC,THC,Noise,Solar Radiation,Atm P.,NAN
EPAA MOBILE,01/09/2023,00:00:00,5.84,,,11.02,,,35.81,,,,,,1.391,,,,,86.3,,,,,,,38.439,1007.8,46.23,297.01,1.26,,,,,,,,,,,,,
EPAA MOBILE,01/09/2023,01:00:00,5.38,,,10.75,,,41.03,,,,,,0.768,,,,,84.3,,,,,,,38.32,1007.7,49.28,304.34,1.586,,,,,,,,,,,,,
EPAA MOBILE,01/09/2023,01:59:59.990000,4.66,,,9.9,,,38.28,,,,,,0.737,,,,,101.1,,,,,,,37.99,1007.5,55.07,13.87,0.779,,,,,,,,,,,,,
EPAA MOBILE,01/09/2023,02:59:59.985000,13.44,,,20.28,,,2.96,,,,,,1.312,,,,,75.2,,,,,,,37.719,1007.4,54.66,86.93,1.195,,,,,,,,,,,,,
EPAA MOBILE,01/09/2023,03:59:59.980000,13.61,,,20.21,,,2.74,,,,,,1.72,,,,,98.5,,,,,,,37.72,1007.4,55.3,100.96,0.694,,,,,,,,,,,,,
EPAA MOBILE,01/09/2023,04:59:59.975000,11.55,,,18.5,,,2.83,,,,,,1.87,,,,,101.5,,,,,,,37.636,1007.6,57.44,136.7,0.904,,,,,,,,,,,,,
EPAA MOBILE,01/09/2023,05:59:59.970000,13.18,,,17.73,,,3.0,,,,,,1.115,,,,,99.1,,,,,,,37.538,1007.9,59.83,113.62,1.177,,,,,,,,,,,,,
EPAA MOBILE,01/09/2023,06:59:59.965000,12.74,,,19.68,,,3.51,,,,,,0.725,,,,,102.0,,,,,,,37.512,1008.2,59.84,157.42,1.27,,,,,,,,,,,,,
EPAA MOBILE,01/09/2023,07:59:59.960000,9.91,,,16.26,,,9.12,,,,,,0.533,,,,,99.2,,,,,,,37.861,1008.4,56.4,156.79,1.296,,,,,,,,,,,,,
EPAA MOBILE,01/09/2023,08:59:59.955000,5.66,,,14.69,,,18.69,,,,,,1.107,,,,,140.1,,,,,,,38.733,1008.6,53.51,83.08,1.156,,,,,,,,,,,,,
EPAA MOBILE,01/09/2023,09:59:59.950000,4.19,,,13.33,,,34.14,,,,,,0.969,,,,,144.4,,,,,,,39.054,1008.7,51.28,125.67,1.015,,,,,,,,,,,,,
EPAA MOBILE,01/09/2023,10:59:59.945000,5.74,,,13.05,,,65.26,,,,,,0.315,,,,,126.8,,,,,,,39.203,1008.6,51.98,276.98,1.03,,,,,,,,,,,,,
EPAA MOBILE,01/09/2023,11:59:59.940000,3.67,,,7.8,,,100.45,,,,,,0.404,,,,,132.6,,,,,,,39.212,1008.3,53.66,291.9,1.725,,,,,,,,,,,,,
EPAA MOBILE,01/09/2023,12:59:59.935000,5.73,,,6.13,,,115.74,,,,,,0.723,,,,,130.0,,,,,,,39.396,1007.9,54.77,317.34,2.195,,,,,,,,,,,,,
EPAA MOBILE,01/09/2023,13:59:59.930000,5.58,,,5.33,,,118.74,,,,,,1.106,,,,,120.7,,,,,,,39.382,1007.5,55.48,308.13,2.591,,,,,,,,,,,,,
EPAA MOBILE,01/09/2023,14:59:59.925000,4.64,,,4.45,,,127.71,,,,,,1.054,,,,,125.0,,,,,,,39.198,1007.2,57.74,311.18,2.566,,,,,,,,,,,,,
EPAA MOBILE,01/09/2023,15:59:59.920000,4.35,,,3.82,,,118.61,,,,,,1.07,,,,,128.0,,,,,,,39.073,1006.9,60.12,307.03,2.501,,,,,,,,,,,,,
EPAA MOBILE,01/09/2023,16:59:59.915000,4.83,,,4.29,,,127.12,,,,,,1.057,,,,,133.7,,,,,,,39.171,1006.8,60.07,323.06,1.964,,,,,,,,,,,,,
EPAA MOBILE,01/09/2023,17:59:59.910000,6.14,,,6.63,,,109.55,,,,,,1.202,,,,,133.5,,,,,,,38.957,1006.8,61.13,352.59,1.751,,,,,,,,,,,,,
EPAA MOBILE,01/09/2023,18:59:59.905000,7.3,,,6.01,,,111.18,,,,,,1.974,,,,,98.8,,,,,,,38.596,1006.9,63.1,352.34,1.525,,,,,,,,,,,,,
EPAA MOBILE,01/09/2023,19:59:59.900000,6.61,,,5.86,,,105.21,,,,,,1.739,,,,,90.2,,,,,,,38.535,1007.2,63.0,358.31,1.385,,,,,,,,,,,,,
EPAA MOBILE,01/09/2023,20:59:59.895000,4.77,,,6.93,,,86.81,,,,,,1.4,,,,,86.6,,,,,,,38.445,1007.6,65.01,6.36,1.382,,,,,,,,,,,,,
EPAA MOBILE,01/09/2023,21:59:59.890000,4.23,,,6.53,,,88.08,,,,,,1.509,,,,,87.3,,,,,,,38.311,1007.8,65.73,23.63,1.32,,,,,,,,,,,,,
EPAA MOBILE,01/09/2023,22:59:59.885000,5.79,,,6.92,,,85.25,,,,,,1.674,,,,,83.0,,,,,,,38.229,1007.8,65.72,13.31,1.146,,,,,,,,,,,,,
EPAA MOBILE,01/09/2023,23:59:59.880000,5.47,,,6.71,,,46.19,,,,,,1.612,,,,,82.6,,,,,,,38.129,1007.6,62.22,74.19,1.454,,,,,,,,,,,,,
EPAA MOBILE,02/09/2023,00:59:59.875000,2.7,,,8.22,,,21.16,,,,,,1.017,,,,,83.3,,,,,,,38.1,1007.4,60.53,75.62,1.338,,,,,,,,,,,,,
EPAA MOBILE,02/09/2023,01:59:59.870000,2.31,,,10.36,,,14.34,,,,,,1.093,,,,,84.0,,,,,,,37.903,1007.3,61.97,95.72,1.489,,,,,,,,,,,,,
EPAA MOBILE,02/09/2023,02:59:59.865000,2.86,,,8.93,,,17.99,,,,,,1.241,,,,,90.4,,,,,,,37.734,1007.3,62.68,84.56,1.491,,,,,,,,,,,,,
EPAA MOBILE,02/09/2023,03:59:59.860000,3.22,,,8.69,,,17.44,,,,,,1.322,,,,,80.5,,,,,,,37.529,1007.3,62.43,88.13,1.656,,,,,,,,,,,,,
EPAA MOBILE,02/09/2023,04:59:59.855000,3.92,,,9.63,,,13.07,,,,,,1.32,,,,,83.0,,,,,,,37.399,1007.5,65.23,105.27,1.619,,,,,,,,,,,,,
EPAA MOBILE,02/09/2023,05:59:59.850000,3.66,,,6.78,,,27.04,,,,,,1.061,,,,,84.0,,,,,,,37.217,1007.7,68.06,94.02,1.669,,,,,,,,,,,,,
EPAA MOBILE,02/09/2023,06:59:59.845000,3.06,,,5.79,,,30.92,,,,,,1.446,,,,,85.4,,,,,,,37.106,1007.8,67.68,94.8,1.875,,,,,,,,,,,,,
EPAA MOBILE,02/09/2023,07:59:59.840000,3.58,,,4.8,,,39.58,,,,,,1.442,,,,,84.5,,,,,,,37.49,1007.9,64.12,91.05,2.234,,,,,,,,,,,,,
EPAA MOBILE,02/09/2023,08:59:59.835000,4.22,,,4.22,,,46.83,,,,,,1.641,,,,,111.8,,,,,,,38.059,1008.1,59.63,92.52,2.363,,,,,,,,,,,,,
EPAA MOBILE,02/09/2023,09:59:59.830000,3.31,,,4.64,,,49.74,,,,,,1.488,,,,,135.7,,,,,,,38.731,1008.2,54.74,105.34,2.283,,,,,,,,,,,,,
EPAA MOBILE,02/09/2023,10:59:59.825000,3.09,,,4.67,,,60.66,,,,,,1.302,,,,,185.7,,,,,,,39.356,1008.1,50.15,104.01,2.303,,,,,,,,,,,,,
EPAA MOBILE,02/09/2023,11:59:59.820000,3.16,,,4.36,,,70.51,,,,,,1.207,,,,,169.3,,,,,,,39.911,1007.9,46.35,102.24,2.114,,,,,,,,,,,,,
EPAA MOBILE,02/09/2023,12:59:59.815000,5.94,,,3.97,,,75.39,,,,,,0.919,,,,,180.0,,,,,,,40.376,1007.6,42.87,105.82,1.702,,,,,,,,,,,,,
EPAA MOBILE,02/09/2023,13:59:59.810000,7.21,,,3.7,,,81.83,,,,,,1.252,,,,,161.1,,,,,,,40.811,1007.1,40.76,94.55,1.766,,,,,,,,,,,,,
EPAA MOBILE,02/09/2023,14:59:59.805000,6.87,,,4.36,,,89.43,,,,,,1.261,,,,,147.2,,,,,,,41.143,1006.7,41.41,52.65,1.626,,,,,,,,,,,,,
EPAA MOBILE,02/09/2023,15:59:59.800000,6.46,,,4.91,,,102.69,,,,,,1.452,,,,,191.1,,,,,,,40.025,1006.6,55.09,13.55,2.596,,,,,,,,,,,,,
EPAA MOBILE,02/09/2023,16:59:59.795000,4.29,,,4.86,,,96.31,,,,,,1.318,,,,,206.0,,,,,,,39.949,1006.7,53.88,32.35,2.069,,,,,,,,,,,,,
EPAA MOBILE,02/09/2023,17:59:59.790000,3.83,,,4.95,,,66.24,,,,,,1.222,,,,,179.7,,,,,,,39.939,1006.7,47.35,90.37,2.065,,,,,,,,,,,,,
EPAA MOBILE,02/09/2023,18:59:59.785000,4.84,,,7.25,,,37.87,,,,,,1.491,,,,,173.7,,,,,,,39.193,1006.9,51.14,102.61,2.007,,,,,,,,,,,,,
EPAA MOBILE,02/09/2023,19:59:59.780000,4.13,,,8.74,,,25.9,,,,,,1.363,,,,,145.4,,,,,,,38.834,1007.2,52.88,87.7,1.724,,,,,,,,,,,,,
EPAA MOBILE,02/09/2023,20:59:59.775000,4.16,,,10.05,,,18.42,,,,,,0.994,,,,,120.4,,,,,,,38.642,1007.4,53.22,82.0,1.616,,,,,,,,,,,,,
EPAA MOBILE,02/09/2023,21:59:59.770000,6.31,,,11.55,,,12.59,,,,,,0.951,,,,,112.9,,,,,,,38.46,1007.5,53.52,80.43,1.518,,,,,,,,,,,,,
EPAA MOBILE,02/09/2023,22:59:59.765000,6.92,,,10.33,,,13.3,,,,,,1.267,,,,,107.2,,,,,,,38.187,1007.5,54.74,91.51,1.452,,,,,,,,,,,,,
EPAA MOBILE,02/09/2023,23:59:59.760000,6.23,,,12.56,,,4.94,,,,,,1.366,,,,,106.5,,,,,,,37.98,1007.4,56.16,79.4,1.519,,,,,,,,,,,,,
EPAA MOBILE,03/09/2023,00:59:59.755000,4.71,,,13.25,,,5.49,,,,,,0.902,,,,,112.2,,,,,,,37.59,1007.3,59.02,85.61,1.512,,,,,,,,,,,,,
EPAA MOBILE,03/09/2023,01:59:59.750000,4.32,,,13.35,,,10.0,,,,,,0.754,,,,,106.6,,,,,,,37.273,1007.1,60.96,89.11,1.499,,,,,,,,,,,,,
EPAA MOBILE,03/09/2023,02:59:59.745000,4.94,,,10.72,,,11.91,,,,,,0.97,,,,,107.8,,,,,,,36.874,1006.9,63.22,86.83,1.693,,,,,,,,,,,,,
EPAA MOBILE,03/09/2023,03:59:59.740000,4.88,,,9.32,,,12.42,,,,,,1.249,,,,,107.6,,,,,,,36.598,1006.9,65.42,93.96,1.634,,,,,,,,,,,,,
EPAA MOBILE,03/09/2023,04:59:59.735000,3.52,,,8.95,,,9.98,,,,,,1.22,,,,,95.3,,,,,,,36.442,1007.1,67.11,84.05,1.602,,,,,,,,,,,,,
EPAA MOBILE,03/09/2023,05:59:59.730000,2.17,,,7.97,,,14.22,,,,,,0.506,,,,,85.9,,,,,,,36.344,1007.4,67.17,90.59,1.65,,,,,,,,,,,,,
EPAA MOBILE,03/09/2023,06:59:59.725000,1.92,,,7.54,,,17.14,,,,,,0.714,,,,,84.6,,,,,,,36.353,1007.5,67.35,94.58,1.71,,,,,,,,,,,,,
EPAA MOBILE,03/09/2023,07:59:59.720000,3.22,,,7.82,,,22.81,,,,,,1.076,,,,,91.0,,,,,,,36.789,1007.7,64.55,105.04,1.94,,,,,,,,,,,,,
EPAA MOBILE,03/09/2023,08:59:59.715000,2.63,,,6.37,,,35.91,,,,,,1.232,,,,,88.8,,,,,,,37.395,1007.9,59.3,126.17,2.327,,,,,,,,,,,,,
EPAA MOBILE,03/09/2023,09:59:59.710000,1.62,,,5.07,,,47.57,,,,,,1.147,,,,,93.5,,,,,,,38.545,1007.9,51.2,137.3,2.119,,,,,,,,,,,,,
EPAA MOBILE,03/09/2023,10:59:59.705000,0.23,,,5.73,,,60.99,,,,,,0.318,,,,,120.4,,,,,,,39.493,1007.8,44.11,142.26,1.852,,,,,,,,,,,,,
EPAA MOBILE,03/09/2023,11:59:59.700000,1.43,,,4.95,,,76.74,,,,,,0.252,,,,,148.0,,,,,,,40.351,1007.5,37.5,114.31,1.561,,,,,,,,,,,,,
EPAA MOBILE,03/09/2023,12:59:59.695000,7.47,,,5.19,,,90.36,,,,,,0.043,,,,,146.3,,,,,,,40.863,1007.0,34.6,217.22,1.006,,,,,,,,,,,,,
EPAA MOBILE,03/09/2023,13:59:59.690000,6.44,,,5.91,,,99.85,,,,,,1.022,,,,,149.6,,,,,,,40.214,1006.8,45.88,345.16,2.28,,,,,,,,,,,,,
EPAA MOBILE,03/09/2023,14:59:59.685000,5.08,,,5.29,,,97.72,,,,,,1.216,,,,,156.3,,,,,,,39.775,1006.6,52.07,351.69,2.251,,,,,,,,,,,,,
EPAA MOBILE,03/09/2023,15:59:59.680000,5.13,,,4.9,,,102.4,,,,,,1.171,,,,,152.7,,,,,,,39.581,1006.3,53.69,356.59,2.281,,,,,,,,,,,,,
EPAA MOBILE,03/09/2023,16:59:59.675000,4.63,,,4.51,,,84.54,,,,,,1.054,,,,,151.1,,,,,,,39.189,1006.3,56.81,351.83,2.172,,,,,,,,,,,,,
EPAA MOBILE,03/09/2023,17:59:59.670000,5.8,,,4.63,,,86.19,,,,,,1.218,,,,,131.8,,,,,,,38.99,1006.3,57.15,352.01,1.99,,,,,,,,,,,,,
EPAA MOBILE,03/09/2023,18:59:59.665000,6.64,,,6.03,,,70.0,,,,,,1.661,,,,,99.1,,,,,,,38.856,1006.4,55.77,7.18,1.778,,,,,,,,,,,,,
EPAA MOBILE,03/09/2023,19:59:59.660000,6.67,,,9.04,,,54.59,,,,,,1.457,,,,,86.6,,,,,,,38.79,1006.6,55.44,15.56,1.441,,,,,,,,,,,,,
EPAA MOBILE,03/09/2023,20:59:59.655000,6.13,,,10.23,,,56.73,,,,,,0.602,,,,,88.2,,,,,,,38.852,1006.8,51.78,28.39,1.247,,,,,,,,,,,,,
EPAA MOBILE,03/09/2023,21:59:59.650000,6.48,,,9.67,,,66.4,,,,,,0.413,,,,,99.3,,,,,,,38.816,1007.0,50.43,20.31,1.175,,,,,,,,,,,,,
EPAA MOBILE,03/09/2023,22:59:59.645000,7.78,,,7.17,,,66.7,,,,,,1.233,,,,,103.0,,,,,,,38.524,1007.0,55.16,19.17,1.472,,,,,,,,,,,,,
EPAA MOBILE,03/09/2023,23:59:59.640000,7.63,,,8.18,,,48.79,,,,,,1.504,,,,,108.9,,,,,,,38.298,1006.8,57.99,32.5,1.377,,,,,,,,,,,,,
EPAA MOBILE,04/09/2023,00:59:59.635000,3.95,,,9.55,,,18.98,,,,,,0.68,,,,,102.3,,,,,,,37.875,1006.7,57.03,64.34,1.663,,,,,,,,,,,,,
EPAA MOBILE,04/09/2023,01:59:59.630000,4.03,,,11.55,,,10.07,,,,,,0.496,,,,,99.4,,,,,,,37.487,1006.7,58.19,67.76,1.604,,,,,,,,,,,,,
EPAA MOBILE,04/09/2023,02:59:59.625000,4.79,,,9.01,,,13.26,,,,,,0.8,,,,,93.3,,,,,,,37.269,1006.6,60.52,91.79,1.546,,,,,,,,,,,,,
EPAA MOBILE,04/09/2023,03:59:59.620000,4.18,,,8.74,,,13.37,,,,,,1.15,,,,,93.8,,,,,,,37.084,1006.7,62.37,96.31,1.546,,,,,,,,,,,,,
EPAA MOBILE,04/09/2023,04:59:59.615000,8.64,,,10.24,,,5.7,,,,,,1.212,,,,,90.6,,,,,,,36.918,1006.9,64.23,97.87,1.495,,,,,,,,,,,,,
EPAA MOBILE,04/09/2023,05:59:59.610000,11.12,,,8.93,,,11.33,,,,,,0.446,,,,,92.1,,,,,,,36.676,1007.0,64.49,123.01,1.789,,,,,,,,,,,,,
EPAA MOBILE,04/09/2023,06:59:59.605000,5.37,,,9.35,,,10.84,,,,,,0.438,,,,,87.3,,,,,,,36.624,1007.3,63.68,124.61,1.737,,,,,,,,,,,,,
EPAA MOBILE,04/09/2023,07:59:59.600000,6.02,,,11.43,,,12.44,,,,,,0.874,,,,,98.4,,,,,,,37.022,1007.5,60.94,152.1,1.903,,,,,,,,,,,,,
EPAA MOBILE,04/09/2023,08:59:59.595000,6.08,,,8.85,,,18.92,,,,,,1.03,,,,,117.5,,,,,,,37.898,1007.8,51.85,169.25,2.311,,,,,,,,,,,,,
EPAA MOBILE,04/09/2023,09:59:59.590000,6.26,,,8.07,,,25.77,,,,,,0.863,,,,,290.3,,,,,,,38.648,1007.8,45.94,180.26,2.158,,,,,,,,,,,,,
EPAA MOBILE,04/09/2023,10:59:59.585000,5.53,,,8.39,,,32.9,,,,,,0.081,,,,,303.7,,,,,,,39.342,1007.7,41.28,198.33,2.03,,,,,,,,,,,,,
EPAA MOBILE,04/09/2023,11:59:59.580000,5.97,,,10.88,,,48.93,,,,,,0.126,,,,,307.0,,,,,,,40.034,1007.4,38.52,206.76,1.449,,,,,,,,,,,,,
EPAA MOBILE,04/09/2023,12:59:59.575000,6.01,,,7.01,,,71.02,,,,,,0.414,,,,,268.1,,,,,,,40.053,1007.1,42.4,296.36,1.968,,,,,,,,,,,,,
EPAA MOBILE,04/09/2023,13:59:59.570000,4.85,,,5.73,,,84.54,,,,,,1.114,,,,,314.0,,,,,,,39.462,1006.8,49.1,308.61,2.722,,,,,,,,,,,,,
EPAA MOBILE,04/09/2023,14:59:59.565000,4.0,,,4.36,,,87.74,,,,,,1.122,,,,,337.1,,,,,,,39.356,1006.5,51.14,306.05,2.782,,,,,,,,,,,,,
EPAA MOBILE,04/09/2023,15:59:59.560000,3.5,,,4.48,,,70.23,,,,,,1.044,,,,,318.6,,,,,,,39.09,1006.4,54.43,301.92,2.923,,,,,,,,,,,,,
EPAA MOBILE,04/09/2023,16:59:59.555000,4.5,,,3.91,,,69.57,,,,,,0.761,,,,,309.8,,,,,,,38.834,1006.3,57.0,313.33,2.724,,,,,,,,,,,,,
EPAA MOBILE,04/09/2023,17:59:59.550000,5.86,,,4.41,,,65.19,,,,,,1.041,,,,,295.3,,,,,,,38.69,1006.2,58.6,312.57,2.351,,,,,,,,,,,,,
EPAA MOBILE,04/09/2023,18:59:59.545000,5.87,,,4.23,,,75.61,,,,,,1.719,,,,,243.6,,,,,,,38.376,1006.2,62.54,307.78,2.17,,,,,,,,,,,,,
EPAA MOBILE,04/09/2023,19:59:59.540000,5.87,,,5.72,,,69.46,,,,,,1.905,,,,,228.4,,,,,,,38.333,1006.3,64.33,304.69,2.103,,,,,,,,,,,,,
EPAA MOBILE,04/09/2023,20:59:59.535000,5.66,,,4.84,,,75.63,,,,,,1.647,,,,,222.5,,,,,,,38.268,1006.8,68.55,334.65,1.767,,,,,,,,,,,,,
EPAA MOBILE,04/09/2023,21:59:59.530000,5.48,,,4.6,,,89.3,,,,,,1.663,,,,,196.8,,,,,,,38.265,1007.0,67.1,10.22,1.766,,,,,,,,,,,,,
EPAA MOBILE,04/09/2023,22:59:59.525000,5.84,,,4.83,,,80.92,,,,,,1.688,,,,,166.2,,,,,,,38.2,1007.1,70.26,27.87,1.451,,,,,,,,,,,,,
EPAA MOBILE,04/09/2023,23:59:59.520000,6.17,,,5.19,,,73.17,,,,,,1.917,,,,,157.0,,,,,,,37.9,1007.1,72.81,29.17,1.224,,,,,,,,,,,,,
EPAA MOBILE,05/09/2023,00:59:59.515000,4.71,,,7.19,,,57.48,,,,,,1.126,,,,,145.0,,,,,,,37.761,1007.1,72.02,47.73,1.272,,,,,,,,,,,,,
EPAA MOBILE,05/09/2023,01:59:59.510000,4.44,,,7.34,,,59.7,,,,,,1.333,,,,,126.8,,,,,,,37.712,1007.1,72.99,35.52,1.231,,,,,,,,,,,,,
EPAA MOBILE,05/09/2023,02:59:59.505000,5.13,,,6.68,,,59.62,,,,,,1.435,,,,,113.1,,,,,,,37.49,1006.9,74.44,64.5,1.38,,,,,,,,,,,,,
EPAA MOBILE,05/09/2023,03:59:59.500000,5.5,,,6.65,,,62.0,,,,,,1.586,,,,,113.0,,,,,,,37.387,1006.9,75.25,91.52,1.246,,,,,,,,,,,,,
EPAA MOBILE,05/09/2023,04:59:59.495000,4.72,,,7.69,,,56.67,,,,,,1.587,,,,,106.7,,,,,,,37.103,1007.0,76.86,156.62,1.505,,,,,,,,,,,,,
EPAA MOBILE,05/09/2023,05:59:59.490000,3.36,,,8.23,,,50.8,,,,,,1.067,,,,,98.3,,,,,,,37.06,1007.2,76.55,127.98,1.322,,,,,,,,,,,,,
EPAA MOBILE,05/09/2023,06:59:59.485000,3.35,,,10.13,,,36.01,,,,,,1.868,,,,,99.1,,,,,,,37.061,1007.5,75.3,250.68,0.292,,,,,,,,,,,,,
EPAA MOBILE,05/09/2023,07:59:59.480000,3.42,,,12.09,,,31.59,,,,,,2.202,,,,,102.0,,,,,,,37.509,1007.7,70.29,220.56,0.637,,,,,,,,,,,,,
EPAA MOBILE,05/09/2023,08:59:59.475000,4.67,,,11.62,,,41.08,,,,,,2.197,,,,,95.8,,,,,,,38.382,1007.9,60.5,275.69,0.898,,,,,,,,,,,,,
EPAA MOBILE,05/09/2023,09:59:59.470000,4.71,,,13.0,,,54.11,,,,,,2.364,,,,,117.9,,,,,,,38.863,1007.9,59.05,324.26,1.386,,,,,,,,,,,,,
EPAA MOBILE,05/09/2023,10:59:59.465000,3.7,,,12.05,,,84.06,,,,,,2.029,,,,,153.5,,,,,,,38.95,1007.8,61.54,310.4,1.899,,,,,,,,,,,,,
EPAA MOBILE,05/09/2023,11:59:59.460000,3.56,,,7.5,,,116.53,,,,,,1.799,,,,,163.0,,,,,,,38.871,1007.6,63.94,309.29,2.083,,,,,,,,,,,,,
EPAA MOBILE,05/09/2023,12:59:59.455000,5.19,,,5.6,,,140.22,,,,,,2.065,,,,,158.1,,,,,,,38.899,1007.3,64.73,310.33,2.228,,,,,,,,,,,,,
EPAA MOBILE,05/09/2023,13:59:59.450000,5.98,,,4.92,,,149.2,,,,,,2.337,,,,,156.9,,,,,,,38.934,1007.0,64.27,307.78,2.507,,,,,,,,,,,,,
EPAA MOBILE,05/09/2023,14:59:59.445000,5.33,,,4.45,,,143.37,,,,,,2.477,,,,,149.4,,,,,,,38.964,1006.8,62.98,312.9,2.499,,,,,,,,,,,,,
EPAA MOBILE,05/09/2023,15:59:59.440000,4.77,,,6.3,,,117.4,,,,,,2.247,,,,,130.5,,,,,,,38.969,1006.5,61.37,314.2,2.561,,,,,,,,,,,,,
EPAA MOBILE,05/09/2023,16:59:59.435000,3.68,,,5.19,,,111.85,,,,,,1.826,,,,,131.3,,,,,,,38.687,1006.5,64.64,305.76,2.531,,,,,,,,,,,,,
EPAA MOBILE,05/09/2023,17:59:59.430000,3.96,,,7.72,,,93.66,,,,,,2.093,,,,,101.1,,,,,,,38.428,1006.5,66.99,305.69,2.333,,,,,,,,,,,,,
EPAA MOBILE,05/09/2023,18:59:59.425000,4.95,,,5.3,,,83.38,,,,,,1.896,,,,,96.2,,,,,,,38.24,1006.7,69.4,327.28,1.733,,,,,,,,,,,,,
EPAA MOBILE,05/09/2023,19:59:59.420000,5.06,,,4.83,,,75.17,,,,,,1.844,,,,,92.4,,,,,,,38.069,1006.7,68.42,319.49,1.557,,,,,,,,,,,,,
EPAA MOBILE,05/09/2023,20:59:59.415000,4.19,,,4.77,,,69.48,,,,,,1.336,,,,,72.1,,,,,,,37.964,1006.8,66.3,296.12,0.264,,,,,,,,,,,,,
EPAA MOBILE,05/09/2023,21:59:59.410000,4.19,,,8.0,,,40.29,,,,,,1.565,,,,,70.3,,,,,,,38.172,1006.9,62.01,88.12,1.184,,,,,,,,,,,,,
EPAA MOBILE,05/09/2023,22:59:59.405000,5.2,,,10.24,,,22.84,,,,,,1.776,,,,,64.5,,,,,,,38.327,1007.1,54.53,30.28,1.111,,,,,,,,,,,,,
EPAA MOBILE,05/09/2023,23:59:59.400000,5.09,,,13.35,,,12.6,,,,,,2.004,,,,,72.9,,,,,,,38.336,1007.2,55.46,10.99,1.46,,,,,,,,,,,,,
EPAA MOBILE,06/09/2023,00:59:59.395000,4.02,,,6.5,,,52.45,,,,,,1.011,,,,,93.0,,,,,,,38.07,1007.2,68.53,19.16,1.576,,,,,,,,,,,,,
EPAA MOBILE,06/09/2023,01:59:59.390000,3.0,,,5.61,,,45.76,,,,,,1.263,,,,,104.8,,,,,,,37.513,1007.2,76.31,20.35,1.601,,,,,,,,,,,,,
EPAA MOBILE,06/09/2023,02:59:59.385000,4.24,,,5.18,,,43.72,,,,,,1.401,,,,,102.5,,,,,,,37.308,1007.2,77.4,21.87,1.492,,,,,,,,,,,,,
EPAA MOBILE,06/09/2023,03:59:59.380000,4.48,,,5.47,,,36.22,,,,,,1.702,,,,,92.8,,,,,,,37.369,1007.3,78.13,15.37,1.309,,,,,,,,,,,,,
EPAA MOBILE,06/09/2023,04:59:59.375000,4.5,,,5.67,,,34.05,,,,,,1.569,,,,,96.3,,,,,,,37.276,1007.2,78.43,61.91,0.729,,,,,,,,,,,,,
EPAA MOBILE,06/09/2023,05:59:59.370000,3.54,,,7.97,,,19.12,,,,,,1.266,,,,,90.0,,,,,,,37.109,1007.2,78.76,103.91,0.972,,,,,,,,,,,,,
EPAA MOBILE,06/09/2023,06:59:59.365000,3.21,,,9.37,,,13.45,,,,,,2.166,,,,,95.3,,,,,,,36.979,1007.5,80.21,115.27,1.733,,,,,,,,,,,,,
EPAA MOBILE,06/09/2023,07:59:59.360000,3.23,,,9.16,,,14.52,,,,,,2.291,,,,,98.3,,,,,,,36.978,1007.8,79.68,132.15,2.156,,,,,,,,,,,,,
EPAA MOBILE,06/09/2023,08:59:59.355000,3.5,,,7.73,,,28.26,,,,,,2.454,,,,,87.0,,,,,,,38.274,1007.9,54.41,154.54,2.362,,,,,,,,,,,,,
EPAA MOBILE,06/09/2023,09:59:59.350000,2.29,,,5.82,,,41.62,,,,,,2.037,,,,,66.1,,,,,,,39.836,1008.0,33.78,152.65,2.274,,,,,,,,,,,,,
EPAA MOBILE,06/09/2023,10:59:59.345000,2.13,,,5.48,,,59.22,,,,,,1.132,,,,,69.1,,,,,,,41.05,1007.9,27.24,156.59,1.44,,,,,,,,,,,,,
EPAA MOBILE,06/09/2023,11:59:59.340000,1.43,,,7.63,,,75.27,,,,,,1.38,,,,,79.1,,,,,,,40.825,1007.7,36.04,301.51,1.873,,,,,,,,,,,,,
EPAA MOBILE,06/09/2023,12:59:59.335000,4.01,,,6.59,,,133.23,,,,,,1.797,,,,,121.9,,,,,,,39.795,1007.4,51.38,308.02,2.683,,,,,,,,,,,,,
EPAA MOBILE,06/09/2023,13:59:59.330000,5.73,,,5.45,,,144.08,,,,,,2.132,,,,,154.5,,,,,,,39.732,1007.1,54.37,306.19,2.624,,,,,,,,,,,,,
EPAA MOBILE,06/09/2023,14:59:59.325000,5.24,,,4.98,,,142.68,,,,,,2.273,,,,,149.7,,,,,,,39.603,1006.7,55.37,317.43,2.601,,,,,,,,,,,,,
EPAA MOBILE,06/09/2023,15:59:59.320000,5.63,,,5.73,,,133.38,,,,,,2.068,,,,,143.1,,,,,,,39.494,1006.6,56.14,333.98,2.413,,,,,,,,,,,,,
EPAA MOBILE,06/09/2023,16:59:59.315000,3.8,,,5.6,,,132.19,,,,,,1.768,,,,,127.2,,,,,,,39.5,1006.6,54.36,323.0,2.378,,,,,,,,,,,,,
EPAA MOBILE,06/09/2023,17:59:59.310000,4.39,,,6.9,,,118.67,,,,,,2.033,,,,,129.1,,,,,,,39.517,1006.7,53.24,343.63,1.952,,,,,,,,,,,,,
EPAA MOBILE,06/09/2023,18:59:59.305000,5.28,,,6.87,,,103.9,,,,,,1.856,,,,,142.6,,,,,,,39.051,1006.9,57.91,351.84,1.479,,,,,,,,,,,,,
EPAA MOBILE,06/09/2023,19:59:59.300000,4.91,,,7.65,,,95.78,,,,,,1.693,,,,,108.7,,,,,,,38.815,1007.0,60.24,5.92,1.394,,,,,,,,,,,,,
EPAA MOBILE,06/09/2023,20:59:59.295000,4.25,,,8.48,,,83.96,,,,,,1.496,,,,,104.7,,,,,,,38.671,1007.0,60.03,21.75,1.063,,,,,,,,,,,,,
EPAA MOBILE,06/09/2023,21:59:59.290000,4.42,,,11.93,,,52.5,,,,,,1.48,,,,,107.5,,,,,,,38.579,1007.2,58.49,73.13,1.331,,,,,,,,,,,,,
EPAA MOBILE,06/09/2023,22:59:59.285000,5.23,,,13.57,,,40.49,,,,,,1.616,,,,,114.1,,,,,,,38.425,1007.3,58.15,67.91,1.34,,,,,,,,,,,,,
EPAA MOBILE,06/09/2023,23:59:59.280000,4.81,,,13.41,,,40.85,,,,,,1.861,,,,,132.6,,,,,,,38.175,1007.3,61.15,59.73,0.977,,,,,,,,,,,,,
EPAA MOBILE,07/09/2023,00:59:59.275000,3.7,,,11.62,,,43.72,,,,,,1.228,,,,,136.8,,,,,,,38.07,1007.2,60.74,40.85,1.086,,,,,,,,,,,,,
EPAA MOBILE,07/09/2023,01:59:59.270000,3.87,,,19.83,,,3.88,,,,,,1.619,,,,,130.7,,,,,,,37.804,1007.0,60.47,59.49,0.515,,,,,,,,,,,,,
EPAA MOBILE,07/09/2023,02:59:59.265000,5.04,,,17.57,,,10.39,,,,,,1.252,,,,,132.7,,,,,,,37.611,1007.1,60.04,42.35,1.182,,,,,,,,,,,,,
EPAA MOBILE,07/09/2023,03:59:59.260000,4.77,,,15.15,,,20.72,,,,,,1.32,,,,,137.5,,,,,,,37.511,1007.2,60.02,57.2,1.306,,,,,,,,,,,,,
EPAA MOBILE,07/09/2023,04:59:59.255000,4.82,,,16.31,,,12.75,,,,,,1.226,,,,,132.5,,,,,,,36.823,1007.5,65.4,118.12,1.769,,,,,,,,,,,,,
EPAA MOBILE,07/09/2023,05:59:59.250000,3.3,,,13.49,,,7.96,,,,,,0.799,,,,,136.2,,,,,,,36.49,1007.6,64.54,128.43,1.82,,,,,,,,,,,,,
EPAA MOBILE,07/09/2023,06:59:59.245000,3.8,,,12.54,,,5.18,,,,,,0.49,,,,,125.8,,,,,,,37.318,1007.7,43.6,143.73,2.243,,,,,,,,,,,,,
EPAA MOBILE,07/09/2023,07:59:59.240000,4.5,,,8.62,,,22.18,,,,,,0.654,,,,,121.2,,,,,,,37.452,1008.0,52.15,126.11,2.559,,,,,,,,,,,,,
EPAA MOBILE,07/09/2023,08:59:59.235000,3.75,,,6.39,,,37.24,,,,,,1.066,,,,,121.0,,,,,,,38.175,1008.1,49.44,134.68,2.886,,,,,,,,,,,,,
EPAA MOBILE,07/09/2023,09:59:59.230000,2.63,,,6.0,,,41.29,,,,,,0.792,,,,,125.9,,,,,,,39.559,1008.1,37.62,153.05,2.812,,,,,,,,,,,,,
EPAA MOBILE,07/09/2023,10:59:59.225000,1.6,,,5.96,,,42.84,,,,,,0.189,,,,,131.2,,,,,,,40.708,1007.9,27.92,169.86,2.593,,,,,,,,,,,,,
EPAA MOBILE,07/09/2023,11:59:59.220000,1.63,,,8.25,,,51.35,,,,,,0.402,,,,,165.9,,,,,,,41.725,1007.7,21.43,202.48,1.09,,,,,,,,,,,,,
EPAA MOBILE,07/09/2023,12:59:59.215000,4.62,,,6.79,,,85.68,,,,,,0.293,,,,,194.1,,,,,,,40.209,1007.6,41.04,303.04,2.927,,,,,,,,,,,,,
EPAA MOBILE,07/09/2023,13:59:59.210000,5.83,,,7.02,,,108.53,,,,,,0.979,,,,,195.2,,,,,,,40.209,1007.3,41.17,328.32,2.25,,,,,,,,,,,,,
EPAA MOBILE,07/09/2023,14:59:59.205000,4.79,,,6.16,,,110.9,,,,,,1.223,,,,,190.9,,,,,,,39.745,1007.0,48.88,0.53,2.283,,,,,,,,,,,,,
EPAA MOBILE,07/09/2023,15:59:59.200000,5.03,,,7.1,,,105.16,,,,,,1.004,,,,,180.9,,,,,,,39.544,1006.9,49.25,350.03,2.183,,,,,,,,,,,,,
EPAA MOBILE,07/09/2023,16:59:59.195000,4.44,,,5.86,,,114.79,,,,,,0.578,,,,,173.6,,,,,,,39.162,1006.9,51.62,350.35,2.295,,,,,,,,,,,,,
EPAA MOBILE,07/09/2023,17:59:59.190000,5.3,,,6.01,,,108.47,,,,,,0.841,,,,,173.7,,,,,,,38.821,1007.0,53.14,3.33,2.046,,,,,,,,,,,,,
EPAA MOBILE,07/09/2023,18:59:59.185000,6.53,,,7.22,,,83.62,,,,,,1.316,,,,,175.0,,,,,,,38.696,1007.1,52.37,5.03,1.728,,,,,,,,,,,,,
EPAA MOBILE,07/09/2023,19:59:59.180000,5.6,,,9.08,,,70.53,,,,,,1.041,,,,,158.2,,,,,,,38.636,1007.2,51.08,34.38,1.228,,,,,,,,,,,,,
EPAA MOBILE,07/09/2023,20:59:59.175000,5.87,,,10.59,,,65.61,,,,,,0.469,,,,,152.1,,,,,,,38.496,1007.4,50.55,71.4,1.508,,,,,,,,,,,,,
EPAA MOBILE,07/09/2023,21:59:59.170000,5.64,,,10.24,,,62.07,,,,,,0.327,,,,,140.0,,,,,,,38.44,1007.6,47.49,66.14,1.137,,,,,,,,,,,,,
EPAA MOBILE,07/09/2023,22:59:59.165000,6.68,,,15.09,,,28.96,,,,,,0.828,,,,,155.2,,,,,,,38.512,1007.6,45.63,56.63,1.189,,,,,,,,,,,,,
EPAA MOBILE,07/09/2023,23:59:59.160000,7.58,,,18.37,,,14.74,,,,,,1.355,,,,,161.6,,,,,,,38.431,1007.5,45.1,77.17,1.141,,,,,,,,,,,,,
EPAA MOBILE,08/09/2023,00:59:59.155000,7.31,,,25.73,,,3.68,,,,,,0.656,,,,,164.6,,,,,,,38.079,1007.3,46.04,88.2,1.154,,,,,,,,,,,,,
EPAA MOBILE,08/09/2023,01:59:59.150000,33.2,,,34.55,,,3.2,,,,,,0.55,,,,,164.6,,,,,,,37.882,1007.1,45.5,84.7,1.233,,,,,,,,,,,,,
EPAA MOBILE,08/09/2023,02:59:59.145000,33.56,,,45.97,,,3.93,,,,,,0.593,,,,,161.0,,,,,,,37.528,1007.1,46.69,95.99,1.31,,,,,,,,,,,,,
EPAA MOBILE,08/09/2023,03:59:59.140000,23.08,,,24.75,,,2.93,,,,,,0.932,,,,,165.8,,,,,,,37.303,1007.2,48.47,86.69,1.171,,,,,,,,,,,,,
EPAA MOBILE,08/09/2023,04:59:59.135000,15.45,,,21.99,,,3.04,,,,,,0.978,,,,,166.5,,,,,,,36.985,1007.3,53.56,121.61,1.526,,,,,,,,,,,,,
EPAA MOBILE,08/09/2023,05:59:59.130000,8.56,,,16.77,,,2.93,,,,,,0.405,,,,,169.5,,,,,,,36.763,1007.6,57.98,121.14,1.469,,,,,,,,,,,,,
EPAA MOBILE,08/09/2023,06:59:59.125000,6.45,,,15.79,,,3.35,,,,,,0.317,,,,,148.4,,,,,,,36.924,1008.0,55.23,100.97,1.277,,,,,,,,,,,,,
EPAA MOBILE,08/09/2023,07:59:59.120000,7.89,,,13.37,,,9.24,,,,,,0.171,,,,,138.3,,,,,,,37.42,1008.3,42.98,158.4,1.915,,,,,,,,,,,,,
EPAA MOBILE,08/09/2023,08:59:59.115000,7.22,,,9.28,,,16.37,,,,,,0.157,,,,,146.3,,,,,,,37.994,1008.4,41.34,169.68,2.214,,,,,,,,,,,,,
EPAA MOBILE,08/09/2023,09:59:59.110000,6.94,,,6.62,,,24.65,,,,,,0.26,,,,,155.1,,,,,,,38.916,1008.5,39.27,170.88,2.435,,,,,,,,,,,,,
EPAA MOBILE,08/09/2023,10:59:59.105000,6.94,,,6.87,,,32.59,,,,,,0.089,,,,,165.4,,,,,,,39.873,1008.4,34.42,186.67,2.13,,,,,,,,,,,,,
EPAA MOBILE,08/09/2023,11:59:59.100000,7.1,,,6.73,,,47.67,,,,,,0.302,,,,,177.4,,,,,,,40.643,1008.0,28.97,207.68,2.233,,,,,,,,,,,,,
EPAA MOBILE,08/09/2023,12:59:59.095000,8.94,,,6.78,,,62.31,,,,,,0.277,,,,,172.2,,,,,,,41.31,1007.7,24.79,231.02,1.92,,,,,,,,,,,,,
EPAA MOBILE,08/09/2023,13:59:59.090000,7.03,,,7.72,,,71.29,,,,,,0.822,,,,,181.7,,,,,,,40.319,1007.5,41.72,307.22,3.048,,,,,,,,,,,,,
EPAA MOBILE,08/09/2023,14:59:59.085000,5.7,,,3.7,,,61.29,,,,,,1.005,,,,,220.1,,,,,,,39.424,1007.3,48.85,301.1,3.456,,,,,,,,,,,,,
EPAA MOBILE,08/09/2023,15:59:59.080000,6.09,,,4.96,,,68.46,,,,,,0.839,,,,,244.4,,,,,,,39.064,1007.2,52.96,300.9,3.359,,,,,,,,,,,,,
EPAA MOBILE,08/09/2023,16:59:59.075000,4.4,,,5.57,,,75.18,,,,,,0.482,,,,,286.1,,,,,,,38.877,1007.2,53.3,304.56,3.029,,,,,,,,,,,,,
EPAA MOBILE,08/09/2023,17:59:59.070000,5.21,,,3.87,,,90.49,,,,,,1.03,,,,,262.0,,,,,,,38.553,1007.2,59.18,309.12,2.57,,,,,,,,,,,,,
EPAA MOBILE,08/09/2023,18:59:59.065000,5.17,,,4.24,,,90.46,,,,,,1.537,,,,,47.1,,,,,,,38.229,1007.2,64.0,312.45,2.211,,,,,,,,,,,,,
EPAA MOBILE,08/09/2023,19:59:59.060000,4.79,,,4.6,,,84.47,,,,,,1.49,,,,,298.8,,,,,,,38.117,1007.4,66.41,324.71,1.546,,,,,,,,,,,,,
EPAA MOBILE,08/09/2023,20:59:59.055000,4.45,,,5.28,,,68.29,,,,,,1.107,,,,,243.6,,,,,,,38.141,1007.6,63.26,333.75,1.244,,,,,,,,,,,,,
EPAA MOBILE,08/09/2023,21:59:59.050000,5.08,,,6.65,,,53.79,,,,,,1.233,,,,,128.0,,,,,,,38.134,1007.7,59.86,151.66,0.491,,,,,,,,,,,,,
EPAA MOBILE,08/09/2023,22:59:59.045000,5.01,,,11.54,,,32.57,,,,,,1.538,,,,,123.3,,,,,,,38.074,1007.6,62.17,95.5,1.352,,,,,,,,,,,,,
EPAA MOBILE,08/09/2023,23:59:59.040000,5.31,,,11.93,,,23.7,,,,,,1.591,,,,,161.9,,,,,,,37.754,1007.5,64.23,106.33,1.42,,,,,,,,,,,,,
EPAA MOBILE,09/09/2023,00:59:59.035000,3.11,,,11.63,,,20.56,,,,,,1.085,,,,,178.0,,,,,,,37.386,1007.3,65.27,122.87,1.773,,,,,,,,,,,,,
EPAA MOBILE,09/09/2023,01:59:59.030000,1.8,,,11.97,,,14.65,,,,,,1.088,,,,,161.7,,,,,,,37.203,1007.2,63.34,133.94,1.698,,,,,,,,,,,,,
EPAA MOBILE,09/09/2023,02:59:59.025000,2.67,,,13.57,,,6.3,,,,,,1.283,,,,,155.8,,,,,,,37.22,1006.9,60.29,138.96,1.431,,,,,,,,,,,,,
EPAA MOBILE,09/09/2023,03:59:59.020000,3.19,,,14.68,,,2.68,,,,,,1.211,,,,,150.6,,,,,,,37.221,1007.0,57.4,147.78,1.482,,,,,,,,,,,,,
EPAA MOBILE,09/09/2023,04:59:59.015000,2.52,,,14.61,,,2.69,,,,,,0.905,,,,,147.0,,,,,,,37.129,1007.1,54.65,139.5,1.486,,,,,,,,,,,,,
EPAA MOBILE,09/09/2023,05:59:59.010000,2.77,,,27.33,,,2.99,,,,,,0.306,,,,,140.9,,,,,,,37.029,1007.2,54.75,136.84,1.202,,,,,,,,,,,,,
EPAA MOBILE,09/09/2023,06:59:59.005000,3.39,,,17.63,,,3.11,,,,,,0.722,,,,,140.6,,,,,,,36.979,1007.3,53.55,192.68,0.991,,,,,,,,,,,,,
EPAA MOBILE,09/09/2023,07:59:59,4.96,,,17.0,,,10.02,,,,,,0.605,,,,,139.4,,,,,,,37.441,1007.7,45.8,153.59,1.647,,,,,,,,,,,,,
EPAA MOBILE,09/09/2023,08:59:58.995000,7.91,,,15.0,,,22.74,,,,,,0.525,,,,,142.6,,,,,,,38.553,1008.0,36.24,191.19,1.604,,,,,,,,,,,,,
EPAA MOBILE,09/09/2023,09:59:58.990000,12.95,,,17.6,,,25.94,,,,,,0.289,,,,,134.3,,,,,,,39.633,1008.1,27.83,223.16,1.857,,,,,,,,,,,,,
EPAA MOBILE,09/09/2023,10:59:58.985000,27.82,,,16.47,,,36.72,,,,,,0.361,,,,,128.2,,,,,,,40.126,1008.0,25.1,257.79,1.937,,,,,,,,,,,,,
EPAA MOBILE,09/09/2023,11:59:58.980000,37.44,,,14.54,,,54.52,,,,,,0.857,,,,,136.5,,,,,,,40.007,1007.8,29.12,283.14,2.948,,,,,,,,,,,,,
EPAA MOBILE,09/09/2023,12:59:58.975000,27.25,,,9.66,,,76.38,,,,,,0.175,,,,,134.8,,,,,,,39.702,1007.5,34.55,277.08,2.965,,,,,,,,,,,,,
EPAA MOBILE,09/09/2023,13:59:58.970000,13.21,,,8.58,,,89.78,,,,,,0.464,,,,,135.6,,,,,,,39.598,1007.2,42.6,292.05,2.862,,,,,,,,,,,,,
EPAA MOBILE,09/09/2023,14:59:58.965000,5.03,,,6.13,,,101.53,,,,,,1.001,,,,,139.0,,,,,,,39.366,1007.0,53.27,286.62,3.063,,,,,,,,,,,,,
EPAA MOBILE,09/09/2023,15:59:58.960000,5.15,,,5.19,,,84.36,,,,,,0.995,,,,,163.8,,,,,,,39.223,1006.7,53.58,279.22,2.857,,,,,,,,,,,,,
EPAA MOBILE,09/09/2023,16:59:58.955000,4.5,,,5.65,,,74.81,,,,,,0.747,,,,,127.3,,,,,,,39.062,1006.5,55.38,289.38,2.829,,,,,,,,,,,,,
EPAA MOBILE,09/09/2023,17:59:58.950000,5.38,,,7.16,,,67.24,,,,,,1.223,,,,,94.9,,,,,,,38.784,1006.4,57.53,287.61,2.566,,,,,,,,,,,,,
EPAA MOBILE,09/09/2023,18:59:58.945000,5.89,,,10.0,,,47.0,,,,,,1.564,,,,,88.5,,,,,,,38.669,1006.4,55.06,265.11,1.933,,,,,,,,,,,,,
EPAA MOBILE,09/09/2023,19:59:58.940000,6.03,,,9.15,,,47.87,,,,,,1.433,,,,,68.8,,,,,,,38.616,1006.6,52.3,240.31,1.681,,,,,,,,,,,,,
EPAA MOBILE,09/09/2023,20:59:58.935000,5.43,,,12.69,,,29.62,,,,,,0.852,,,,,75.0,,,,,,,38.621,1006.5,51.95,232.6,1.525,,,,,,,,,,,,,
EPAA MOBILE,09/09/2023,21:59:58.930000,8.49,,,15.61,,,14.72,,,,,,0.842,,,,,77.8,,,,,,,38.555,1006.8,51.6,159.38,1.252,,,,,,,,,,,,,
EPAA MOBILE,09/09/2023,22:59:58.925000,9.21,,,15.65,,,12.19,,,,,,1.539,,,,,95.7,,,,,,,38.48,1006.8,52.16,178.19,1.02,,,,,,,,,,,,,
EPAA MOBILE,09/09/2023,23:59:58.920000,12.24,,,18.81,,,4.12,,,,,,1.611,,,,,110.3,,,,,,,38.4,1006.6,48.17,220.29,1.428,,,,,,,,,,,,,
EPAA MOBILE,10/09/2023,00:59:58.915000,12.94,,,17.87,,,4.27,,,,,,0.582,,,,,112.6,,,,,,,38.304,1006.4,47.49,187.6,0.977,,,,,,,,,,,,,
EPAA MOBILE,10/09/2023,01:59:58.910000,13.62,,,20.06,,,3.02,,,,,,0.854,,,,,114.6,,,,,,,37.988,1006.1,52.38,86.85,1.122,,,,,,,,,,,,,
EPAA MOBILE,10/09/2023,02:59:58.905000,11.67,,,18.49,,,2.84,,,,,,1.313,,,,,116.8,,,,,,,37.519,1006.0,57.24,86.04,1.295,,,,,,,,,,,,,
EPAA MOBILE,10/09/2023,03:59:58.900000,11.43,,,19.16,,,2.61,,,,,,1.437,,,,,121.9,,,,,,,37.28,1005.9,59.8,93.94,1.324,,,,,,,,,,,,,
EPAA MOBILE,10/09/2023,04:59:58.895000,6.43,,,15.21,,,3.06,,,,,,1.286,,,,,121.1,,,,,,,37.047,1005.9,64.18,122.63,1.623,,,,,,,,,,,,,
EPAA MOBILE,10/09/2023,05:59:58.890000,5.87,,,15.28,,,3.32,,,,,,0.98,,,,,121.1,,,,,,,36.781,1006.1,67.61,120.15,1.507,,,,,,,,,,,,,
EPAA MOBILE,10/09/2023,06:59:58.885000,6.03,,,14.97,,,3.9,,,,,,1.38,,,,,124.6,,,,,,,36.639,1006.2,69.71,120.15,1.649,,,,,,,,,,,,,
EPAA MOBILE,10/09/2023,07:59:58.880000,7.09,,,13.56,,,7.97,,,,,,1.5,,,,,122.7,,,,,,,36.855,1006.7,68.93,125.41,1.681,,,,,,,,,,,,,
EPAA MOBILE,10/09/2023,08:59:58.875000,4.85,,,10.34,,,25.53,,,,,,1.67,,,,,126.1,,,,,,,37.355,1006.9,67.6,157.15,1.795,,,,,,,,,,,,,
EPAA MOBILE,10/09/2023,09:59:58.870000,3.78,,,8.85,,,52.31,,,,,,1.682,,,,,132.8,,,,,,,38.04,1006.9,64.84,193.61,1.109,,,,,,,,,,,,,
EPAA MOBILE,10/09/2023,10:59:58.865000,3.42,,,10.51,,,70.51,,,,,,1.287,,,,,128.0,,,,,,,38.68,1006.9,56.32,221.7,1.706,,,,,,,,,,,,,
EPAA MOBILE,10/09/2023,11:59:58.860000,3.86,,,10.07,,,107.93,,,,,,1.323,,,,,134.2,,,,,,,39.283,1006.6,51.15,197.68,1.697,,,,,,,,,,,,,
EPAA MOBILE,10/09/2023,12:59:58.855000,5.63,,,7.41,,,119.1,,,,,,1.832,,,,,143.0,,,,,,,39.286,1006.1,58.03,287.31,2.391,,,,,,,,,,,,,
EPAA MOBILE,10/09/2023,13:59:58.850000,5.87,,,6.33,,,109.59,,,,,,2.018,,,,,179.8,,,,,,,39.135,1005.8,61.21,299.67,2.517,,,,,,,,,,,,,
EPAA MOBILE,10/09/2023,14:59:58.845000,5.55,,,4.62,,,113.07,,,,,,2.183,,,,,162.6,,,,,,,39.104,1005.5,61.64,306.24,2.377,,,,,,,,,,,,,
EPAA MOBILE,10/09/2023,15:59:58.840000,4.45,,,4.94,,,110.42,,,,,,1.777,,,,,145.7,,,,,,,39.071,1005.2,63.01,312.69,2.21,,,,,,,,,,,,,
EPAA MOBILE,10/09/2023,16:59:58.835000,6.18,,,4.65,,,112.84,,,,,,1.786,,,,,166.0,,,,,,,38.838,1005.1,65.38,313.75,2.198,,,,,,,,,,,,,
EPAA MOBILE,10/09/2023,17:59:58.830000,7.34,,,4.94,,,107.07,,,,,,1.875,,,,,114.5,,,,,,,38.592,1005.1,66.87,310.71,2.133,,,,,,,,,,,,,
EPAA MOBILE,10/09/2023,18:59:58.825000,7.78,,,4.95,,,97.09,,,,,,1.918,,,,,98.0,,,,,,,38.352,1005.2,68.52,329.71,1.695,,,,,,,,,,,,,
EPAA MOBILE,10/09/2023,19:59:58.820000,7.48,,,5.49,,,92.18,,,,,,1.812,,,,,100.6,,,,,,,38.267,1005.4,70.31,7.87,1.486,,,,,,,,,,,,,
EPAA MOBILE,10/09/2023,20:59:58.815000,3.4,,,5.91,,,99.75,,,,,,1.497,,,,,105.0,,,,,,,38.128,1005.6,71.32,21.71,1.267,,,,,,,,,,,,,
EPAA MOBILE,10/09/2023,21:59:58.810000,3.43,,,5.94,,,82.52,,,,,,1.475,,,,,105.1,,,,,,,38.052,1005.9,69.98,41.0,1.164,,,,,,,,,,,,,
EPAA MOBILE,10/09/2023,22:59:58.805000,4.22,,,6.53,,,56.77,,,,,,1.51,,,,,103.4,,,,,,,37.97,1006.0,69.59,44.84,1.309,,,,,,,,,,,,,
EPAA MOBILE,10/09/2023,23:59:58.800000,4.41,,,5.69,,,66.13,,,,,,1.608,,,,,101.4,,,,,,,37.887,1005.9,67.67,56.7,1.455,,,,,,,,,,,,,
EPAA MOBILE,11/09/2023,00:59:58.795000,5.74,,,6.73,,,55.35,,,,,,1.009,,,,,95.3,,,,,,,37.924,1005.9,65.06,46.35,1.29,,,,,,,,,,,,,
EPAA MOBILE,11/09/2023,01:59:58.790000,5.46,,,14.48,,,17.75,,,,,,1.236,,,,,95.0,,,,,,,37.911,1005.6,63.16,52.91,1.202,,,,,,,,,,,,,
EPAA MOBILE,11/09/2023,02:59:58.785000,5.93,,,14.55,,,19.22,,,,,,1.292,,,,,105.0,,,,,,,37.778,1005.5,63.39,66.34,1.405,,,,,,,,,,,,,
EPAA MOBILE,11/09/2023,03:59:58.780000,6.24,,,14.67,,,24.48,,,,,,1.54,,,,,109.4,,,,,,,37.514,1005.6,65.18,71.92,1.279,,,,,,,,,,,,,
EPAA MOBILE,11/09/2023,04:59:58.775000,4.34,,,15.78,,,26.37,,,,,,1.588,,,,,115.1,,,,,,,37.396,1005.9,65.49,64.62,1.35,,,,,,,,,,,,,
EPAA MOBILE,11/09/2023,05:59:58.770000,2.39,,,17.9,,,8.6,,,,,,1.239,,,,,114.9,,,,,,,37.347,1006.1,65.51,64.85,1.142,,,,,,,,,,,,,
EPAA MOBILE,11/09/2023,06:59:58.765000,3.13,,,14.62,,,9.51,,,,,,1.824,,,,,122.4,,,,,,,37.054,1006.4,66.62,92.92,1.438,,,,,,,,,,,,,
EPAA MOBILE,11/09/2023,07:59:58.760000,4.5,,,12.56,,,9.59,,,,,,1.83,,,,,119.3,,,,,,,37.493,1006.7,53.14,141.95,1.802,,,,,,,,,,,,,
EPAA MOBILE,11/09/2023,08:59:58.755000,4.26,,,8.39,,,20.47,,,,,,1.315,,,,,98.2,,,,,,,38.742,1006.9,33.18,161.76,2.089,,,,,,,,,,,,,
EPAA MOBILE,11/09/2023,09:59:58.750000,3.75,,,7.1,,,32.73,,,,,,1.022,,,,,93.4,,,,,,,39.832,1007.1,29.92,149.05,2.103,,,,,,,,,,,,,
EPAA MOBILE,11/09/2023,10:59:58.745000,3.89,,,11.82,,,48.64,,,,,,0.386,,,,,111.5,,,,,,,40.596,1006.9,29.71,156.96,2.012,,,,,,,,,,,,,
EPAA MOBILE,11/09/2023,11:59:58.740000,6.48,,,39.04,,,44.28,,,,,,0.034,,,,,122.5,,,,,,,41.355,1006.4,23.83,180.79,2.173,,,,,,,,,,,,,
EPAA MOBILE,11/09/2023,12:59:58.735000,4.18,,,6.75,,,60.85,,,,,,1.073,,,,,151.3,,,,,,,40.891,1006.0,32.63,284.18,1.516,,,,,,,,,,,,,
EPAA MOBILE,11/09/2023,13:59:58.730000,3.9,,,9.04,,,58.71,,,,,,1.995,,,,,162.3,,,,,,,40.334,1005.8,40.38,300.21,2.79,,,,,,,,,,,,,
EPAA MOBILE,11/09/2023,14:59:58.725000,3.32,,,7.26,,,73.52,,,,,,1.964,,,,,173.1,,,,,,,40.042,1005.6,42.96,314.61,2.566,,,,,,,,,,,,,
EPAA MOBILE,11/09/2023,15:59:58.720000,3.82,,,6.17,,,74.84,,,,,,1.686,,,,,169.0,,,,,,,39.993,1005.5,40.93,321.54,2.408,,,,,,,,,,,,,
EPAA MOBILE,11/09/2023,16:59:58.715000,4.54,,,7.48,,,86.03,,,,,,1.738,,,,,186.5,,,,,,,39.457,1005.6,49.64,359.69,2.189,,,,,,,,,,,,,
EPAA MOBILE,11/09/2023,17:59:58.710000,7.33,,,7.62,,,88.37,,,,,,1.513,,,,,169.3,,,,,,,39.289,1005.6,45.04,1.9,1.928,,,,,,,,,,,,,
EPAA MOBILE,11/09/2023,18:59:58.705000,6.91,,,9.38,,,94.27,,,,,,1.051,,,,,159.9,,,,,,,39.076,1005.8,47.58,13.51,1.634,,,,,,,,,,,,,
EPAA MOBILE,11/09/2023,19:59:58.700000,6.17,,,8.96,,,97.44,,,,,,1.073,,,,,140.1,,,,,,,38.946,1006.0,49.08,36.68,1.33,,,,,,,,,,,,,
EPAA MOBILE,11/09/2023,20:59:58.695000,5.02,,,9.83,,,76.49,,,,,,0.894,,,,,135.6,,,,,,,38.914,1006.3,51.16,71.8,1.422,,,,,,,,,,,,,
EPAA MOBILE,11/09/2023,21:59:58.690000,4.56,,,13.33,,,49.96,,,,,,1.105,,,,,127.9,,,,,,,38.822,1006.5,52.8,78.88,1.271,,,,,,,,,,,,,
EPAA MOBILE,11/09/2023,22:59:58.685000,5.31,,,16.92,,,25.88,,,,,,1.461,,,,,121.9,,,,,,,38.86,1006.4,51.19,47.51,1.174,,,,,,,,,,,,,
EPAA MOBILE,11/09/2023,23:59:58.680000,5.28,,,15.16,,,22.4,,,,,,1.534,,,,,122.2,,,,,,,38.839,1006.2,50.16,318.65,0.144,,,,,,,,,,,,,
EPAA MOBILE,12/09/2023,00:59:58.675000,5.67,,,20.59,,,4.85,,,,,,1.022,,,,,132.0,,,,,,,38.733,1006.1,50.91,36.29,0.636,,,,,,,,,,,,,
EPAA MOBILE,12/09/2023,01:59:58.670000,6.46,,,18.29,,,5.68,,,,,,0.528,,,,,131.5,,,,,,,38.684,1006.1,50.72,64.05,1.223,,,,,,,,,,,,,
EPAA MOBILE,12/09/2023,02:59:58.665000,7.06,,,22.65,,,2.8,,,,,,0.932,,,,,133.0,,,,,,,38.265,1006.0,53.78,104.51,1.294,,,,,,,,,,,,,
EPAA MOBILE,12/09/2023,03:59:58.660000,6.05,,,20.21,,,2.53,,,,,,1.179,,,,,128.3,,,,,,,37.851,1006.1,56.83,117.29,1.302,,,,,,,,,,,,,
EPAA MOBILE,12/09/2023,04:59:58.655000,4.69,,,17.69,,,2.66,,,,,,1.009,,,,,127.7,,,,,,,37.739,1006.4,57.94,67.6,0.688,,,,,,,,,,,,,
EPAA MOBILE,12/09/2023,05:59:58.650000,4.63,,,16.49,,,3.18,,,,,,0.736,,,,,124.9,,,,,,,37.597,1006.6,58.76,129.46,1.331,,,,,,,,,,,,,
EPAA MOBILE,12/09/2023,06:59:58.645000,5.79,,,16.46,,,3.46,,,,,,1.093,,,,,133.1,,,,,,,37.515,1006.9,56.97,156.45,1.628,,,,,,,,,,,,,
EPAA MOBILE,12/09/2023,07:59:58.640000,5.29,,,11.36,,,9.86,,,,,,0.544,,,,,137.9,,,,,,,38.185,1007.4,42.7,173.54,2.507,,,,,,,,,,,,,
EPAA MOBILE,12/09/2023,08:59:58.635000,5.49,,,7.43,,,17.81,,,,,,0.61,,,,,138.7,,,,,,,38.689,1007.7,37.96,163.52,2.478,,,,,,,,,,,,,
EPAA MOBILE,12/09/2023,09:59:58.630000,5.75,,,7.59,,,23.74,,,,,,0.587,,,,,181.2,,,,,,,39.642,1007.8,34.54,188.76,2.125,,,,,,,,,,,,,
EPAA MOBILE,12/09/2023,10:59:58.625000,6.73,,,9.75,,,27.46,,,,,,0.02,,,,,217.1,,,,,,,40.476,1007.7,28.77,207.05,2.047,,,,,,,,,,,,,
EPAA MOBILE,12/09/2023,11:59:58.620000,5.73,,,10.03,,,35.19,,,,,,0.092,,,,,233.0,,,,,,,40.644,1007.5,33.29,286.42,1.745,,,,,,,,,,,,,
EPAA MOBILE,12/09/2023,12:59:58.615000,7.52,,,6.7,,,60.14,,,,,,0.775,,,,,246.7,,,,,,,39.893,1007.2,42.41,314.59,2.636,,,,,,,,,,,,,
EPAA MOBILE,12/09/2023,13:59:58.610000,8.17,,,6.75,,,66.8,,,,,,1.581,,,,,252.4,,,,,,,39.771,1006.9,45.07,306.99,2.738,,,,,,,,,,,,,
EPAA MOBILE,12/09/2023,14:59:58.605000,6.87,,,5.71,,,62.14,,,,,,1.722,,,,,244.4,,,,,,,39.944,1006.6,44.26,299.14,2.76,,,,,,,,,,,,,
EPAA MOBILE,12/09/2023,15:59:58.600000,8.68,,,8.18,,,59.91,,,,,,1.144,,,,,221.6,,,,,,,40.079,1006.3,40.63,300.71,2.755,,,,,,,,,,,,,
EPAA MOBILE,12/09/2023,16:59:58.595000,6.13,,,7.91,,,69.49,,,,,,0.887,,,,,194.8,,,,,,,39.687,1006.3,40.94,295.3,2.961,,,,,,,,,,,,,
EPAA MOBILE,12/09/2023,17:59:58.590000,5.39,,,9.86,,,86.92,,,,,,1.402,,,,,192.3,,,,,,,39.147,1006.4,50.73,303.06,2.508,,,,,,,,,,,,,
EPAA MOBILE,12/09/2023,18:59:58.585000,5.37,,,7.12,,,118.28,,,,,,1.871,,,,,192.4,,,,,,,38.753,1006.6,58.14,315.62,1.781,,,,,,,,,,,,,
EPAA MOBILE,12/09/2023,19:59:58.580000,4.82,,,7.92,,,108.98,,,,,,1.738,,,,,183.4,,,,,,,38.642,1006.7,58.29,313.34,1.549,,,,,,,,,,,,,
EPAA MOBILE,12/09/2023,20:59:58.575000,2.3,,,6.96,,,125.56,,,,,,1.355,,,,,159.3,,,,,,,38.465,1007.0,62.39,321.14,1.55,,,,,,,,,,,,,
EPAA MOBILE,12/09/2023,21:59:58.570000,1.8,,,6.81,,,121.05,,,,,,1.549,,,,,148.5,,,,,,,38.275,1007.2,62.78,328.09,1.337,,,,,,,,,,,,,
EPAA MOBILE,12/09/2023,22:59:58.565000,2.49,,,6.86,,,114.66,,,,,,1.577,,,,,134.9,,,,,,,38.318,1007.2,61.98,321.35,1.311,,,,,,,,,,,,,
EPAA MOBILE,12/09/2023,23:59:58.560000,2.58,,,5.85,,,103.71,,,,,,1.439,,,,,123.6,,,,,,,38.09,1006.9,63.58,294.15,1.479,,,,,,,,,,,,,
EPAA MOBILE,13/09/2023,00:59:58.555000,3.67,,,5.43,,,107.09,,,,,,1.196,,,,,120.1,,,,,,,38.002,1006.7,70.24,35.17,0.627,,,,,,,,,,,,,
EPAA MOBILE,13/09/2023,01:59:58.550000,4.13,,,20.6,,,10.23,,,,,,1.339,,,,,113.4,,,,,,,37.254,1006.5,67.14,134.7,1.304,,,,,,,,,,,,,
EPAA MOBILE,13/09/2023,02:59:58.545000,4.47,,,17.69,,,6.86,,,,,,1.423,,,,,112.1,,,,,,,37.331,1006.3,63.98,119.08,0.989,,,,,,,,,,,,,
EPAA MOBILE,13/09/2023,03:59:58.540000,5.13,,,19.4,,,3.87,,,,,,1.577,,,,,124.3,,,,,,,37.192,1006.4,63.52,114.67,1.377,,,,,,,,,,,,,
EPAA MOBILE,13/09/2023,04:59:58.535000,5.5,,,19.3,,,2.77,,,,,,1.557,,,,,129.5,,,,,,,36.963,1006.5,63.7,135.51,1.567,,,,,,,,,,,,,
EPAA MOBILE,13/09/2023,05:59:58.530000,4.91,,,18.98,,,3.99,,,,,,0.837,,,,,128.5,,,,,,,36.84,1006.9,61.25,169.3,1.592,,,,,,,,,,,,,
EPAA MOBILE,13/09/2023,06:59:58.525000,4.93,,,20.15,,,4.84,,,,,,1.344,,,,,137.7,,,,,,,36.783,1007.1,57.36,170.18,1.615,,,,,,,,,,,,,
EPAA MOBILE,13/09/2023,07:59:58.520000,5.47,,,22.34,,,10.55,,,,,,0.885,,,,,138.4,,,,,,,37.3,1007.3,45.87,183.78,2.404,,,,,,,,,,,,,
EPAA MOBILE,13/09/2023,08:59:58.515000,6.46,,,19.15,,,12.35,,,,,,1.111,,,,,155.3,,,,,,,37.861,1007.4,42.04,184.35,2.391,,,,,,,,,,,,,
EPAA MOBILE,13/09/2023,09:59:58.510000,7.74,,,10.18,,,20.29,,,,,,0.84,,,,,166.4,,,,,,,39.007,1007.4,35.04,192.13,2.3,,,,,,,,,,,,,
EPAA MOBILE,13/09/2023,10:59:58.505000,11.65,,,14.25,,,18.41,,,,,,0.388,,,,,166.7,,,,,,,40.074,1007.2,28.53,212.2,2.159,,,,,,,,,,,,,
EPAA MOBILE,13/09/2023,11:59:58.500000,13.44,,,13.35,,,33.02,,,,,,0.769,,,,,169.2,,,,,,,40.544,1006.9,28.99,268.27,1.844,,,,,,,,,,,,,
EPAA MOBILE,13/09/2023,12:59:58.495000,8.81,,,13.79,,,38.05,,,,,,0.397,,,,,169.8,,,,,,,39.807,1006.6,41.1,296.56,2.904,,,,,,,,,,,,,
EPAA MOBILE,13/09/2023,13:59:58.490000,5.73,,,7.14,,,57.22,,,,,,1.079,,,,,177.7,,,,,,,39.329,1006.2,46.99,295.21,3.145,,,,,,,,,,,,,
EPAA MOBILE,13/09/2023,14:59:58.485000,6.51,,,5.85,,,82.86,,,,,,1.106,,,,,185.4,,,,,,,39.332,1005.9,45.02,297.92,3.063,,,,,,,,,,,,,
EPAA MOBILE,13/09/2023,15:59:58.480000,6.42,,,7.76,,,93.77,,,,,,0.935,,,,,190.7,,,,,,,39.121,1005.8,50.36,305.82,2.821,,,,,,,,,,,,,
EPAA MOBILE,13/09/2023,16:59:58.475000,5.96,,,5.75,,,86.57,,,,,,1.09,,,,,215.8,,,,,,,38.767,1005.7,59.93,306.49,2.6,,,,,,,,,,,,,
EPAA MOBILE,13/09/2023,17:59:58.470000,6.47,,,6.08,,,78.45,,,,,,1.488,,,,,184.9,,,,,,,38.486,1005.9,67.74,310.79,2.251,,,,,,,,,,,,,
EPAA MOBILE,13/09/2023,18:59:58.465000,7.55,,,5.67,,,84.42,,,,,,1.783,,,,,168.8,,,,,,,38.112,1006.0,73.06,308.9,1.956,,,,,,,,,,,,,
EPAA MOBILE,13/09/2023,19:59:58.460000,7.35,,,4.71,,,67.68,,,,,,2.052,,,,,161.3,,,,,,,37.947,1006.2,75.5,312.51,1.683,,,,,,,,,,,,,
EPAA MOBILE,13/09/2023,20:59:58.455000,4.22,,,4.86,,,61.89,,,,,,1.3,,,,,139.5,,,,,,,37.857,1006.3,77.48,323.3,1.474,,,,,,,,,,,,,
EPAA MOBILE,13/09/2023,21:59:58.450000,4.57,,,5.34,,,53.18,,,,,,1.364,,,,,134.6,,,,,,,37.744,1006.5,78.05,1.87,1.105,,,,,,,,,,,,,
EPAA MOBILE,13/09/2023,22:59:58.445000,4.83,,,8.19,,,35.42,,,,,,1.526,,,,,123.6,,,,,,,37.784,1006.5,77.05,54.44,0.976,,,,,,,,,,,,,
EPAA MOBILE,13/09/2023,23:59:58.440000,4.95,,,10.07,,,32.03,,,,,,1.746,,,,,115.6,,,,,,,37.723,1006.4,77.46,78.67,1.2,,,,,,,,,,,,,
EPAA MOBILE,14/09/2023,00:59:58.435000,4.44,,,8.61,,,26.77,,,,,,1.464,,,,,120.9,,,,,,,37.664,1006.3,77.27,65.9,0.87,,,,,,,,,,,,,
EPAA MOBILE,14/09/2023,01:59:58.430000,3.6,,,9.63,,,25.64,,,,,,1.232,,,,,123.9,,,,,,,37.353,1006.0,78.92,127.3,1.41,,,,,,,,,,,,,
EPAA MOBILE,14/09/2023,02:59:58.425000,4.59,,,11.3,,,12.49,,,,,,1.475,,,,,121.0,,,,,,,37.257,1005.9,79.73,89.44,1.153,,,,,,,,,,,,,
EPAA MOBILE,14/09/2023,03:59:58.420000,4.91,,,13.49,,,4.55,,,,,,1.846,,,,,118.8,,,,,,,37.117,1005.9,79.95,70.41,1.09,,,,,,,,,,,,,
EPAA MOBILE,14/09/2023,04:59:58.415000,3.8,,,12.53,,,6.73,,,,,,1.633,,,,,115.6,,,,,,,36.812,1006.1,80.76,92.14,1.388,,,,,,,,,,,,,
EPAA MOBILE,14/09/2023,05:59:58.410000,3.4,,,11.34,,,11.54,,,,,,1.188,,,,,115.0,,,,,,,36.653,1006.4,80.65,98.25,1.497,,,,,,,,,,,,,
EPAA MOBILE,14/09/2023,06:59:58.405000,3.8,,,13.22,,,7.46,,,,,,2.542,,,,,121.2,,,,,,,36.67,1006.6,79.8,97.68,1.214,,,,,,,,,,,,,
EPAA MOBILE,14/09/2023,07:59:58.400000,4.62,,,15.99,,,6.7,,,,,,2.514,,,,,134.7,,,,,,,37.037,1006.9,77.37,68.74,1.119,,,,,,,,,,,,,
EPAA MOBILE,14/09/2023,08:59:58.395000,3.18,,,15.35,,,21.11,,,,,,2.742,,,,,131.1,,,,,,,37.701,1007.0,70.62,136.12,1.253,,,,,,,,,,,,,
EPAA MOBILE,14/09/2023,09:59:58.390000,1.78,,,12.86,,,51.76,,,,,,2.561,,,,,119.0,,,,,,,38.541,1007.1,57.79,165.86,1.335,,,,,,,,,,,,,
EPAA MOBILE,14/09/2023,10:59:58.385000,1.2,,,13.28,,,82.71,,,,,,2.054,,,,,119.6,,,,,,,39.861,1006.9,47.86,288.21,0.961,,,,,,,,,,,,,
EPAA MOBILE,14/09/2023,11:59:58.380000,1.2,,,11.36,,,149.49,,,,,,2.333,,,,,159.8,,,,,,,38.981,1006.8,63.59,306.84,2.364,,,,,,,,,,,,,
EPAA MOBILE,14/09/2023,12:59:58.375000,3.27,,,9.25,,,185.79,,,,,,2.197,,,,,203.7,,,,,,,38.746,1006.5,66.76,304.37,2.718,,,,,,,,,,,,,
EPAA MOBILE,14/09/2023,13:59:58.370000,4.69,,,7.86,,,165.36,,,,,,2.446,,,,,218.5,,,,,,,38.638,1006.1,63.09,305.38,2.627,,,,,,,,,,,,,
EPAA MOBILE,14/09/2023,14:59:58.365000,4.13,,,6.63,,,134.08,,,,,,2.27,,,,,36.9,,,,,,,38.819,1005.8,57.58,299.43,2.727,,,,,,,,,,,,,
EPAA MOBILE,14/09/2023,15:59:58.360000,3.01,,,7.24,,,105.51,,,,,,1.999,,,,,58.5,,,,,,,38.913,1005.6,59.09,326.99,1.978,,,,,,,,,,,,,
EPAA MOBILE,14/09/2023,16:59:58.355000,4.16,,,8.1,,,88.82,,,,,,1.952,,,,,105.7,,,,,,,38.81,1005.4,61.22,332.47,1.917,,,,,,,,,,,,,
EPAA MOBILE,14/09/2023,17:59:58.350000,4.4,,,6.86,,,91.27,,,,,,1.928,,,,,145.3,,,,,,,38.477,1005.5,66.93,321.3,2.003,,,,,,,,,,,,,
EPAA MOBILE,14/09/2023,18:59:58.345000,5.88,,,6.24,,,69.94,,,,,,1.985,,,,,152.2,,,,,,,37.983,1005.6,72.94,1.75,1.671,,,,,,,,,,,,,
EPAA MOBILE,14/09/2023,19:59:58.340000,5.96,,,7.29,,,50.28,,,,,,1.865,,,,,114.9,,,,,,,38.006,1005.8,72.78,15.04,1.491,,,,,,,,,,,,,
EPAA MOBILE,14/09/2023,20:59:58.335000,4.79,,,8.22,,,32.07,,,,,,1.209,,,,,145.7,,,,,,,37.759,1006.1,75.1,11.55,1.403,,,,,,,,,,,,,
EPAA MOBILE,14/09/2023,21:59:58.330000,4.87,,,9.1,,,32.21,,,,,,1.298,,,,,149.2,,,,,,,37.646,1006.3,75.34,22.93,1.443,,,,,,,,,,,,,
EPAA MOBILE,14/09/2023,22:59:58.325000,6.46,,,9.42,,,28.72,,,,,,1.76,,,,,106.8,,,,,,,37.525,1006.2,72.31,33.18,0.597,,,,,,,,,,,,,
EPAA MOBILE,14/09/2023,23:59:58.320000,5.98,,,11.18,,,26.72,,,,,,2.263,,,,,97.0,,,,,,,37.482,1006.2,70.23,94.79,0.89,,,,,,,,,,,,,
EPAA MOBILE,15/09/2023,00:59:58.315000,5.28,,,15.05,,,19.15,,,,,,1.395,,,,,113.1,,,,,,,37.371,1006.0,69.27,110.86,1.092,,,,,,,,,,,,,
EPAA MOBILE,15/09/2023,01:59:58.310000,4.23,,,13.74,,,15.83,,,,,,1.453,,,,,142.0,,,,,,,37.449,1006.0,68.8,321.49,0.583,,,,,,,,,,,,,
EPAA MOBILE,15/09/2023,02:59:58.305000,4.91,,,14.23,,,10.17,,,,,,1.605,,,,,124.1,,,,,,,37.519,1005.9,68.63,11.15,0.775,,,,,,,,,,,,,
EPAA MOBILE,15/09/2023,03:59:58.300000,5.52,,,13.12,,,20.98,,,,,,1.749,,,,,134.0,,,,,,,37.668,1005.9,70.62,17.98,0.845,,,,,,,,,,,,,
EPAA MOBILE,15/09/2023,04:59:58.295000,5.96,,,7.01,,,37.55,,,,,,1.442,,,,,147.2,,,,,,,37.371,1006.2,77.68,26.2,1.198,,,,,,,,,,,,,
EPAA MOBILE,15/09/2023,05:59:58.290000,5.55,,,8.29,,,28.79,,,,,,0.919,,,,,142.2,,,,,,,37.023,1006.5,77.54,28.81,1.332,,,,,,,,,,,,,
EPAA MOBILE,15/09/2023,06:59:58.285000,5.06,,,9.83,,,17.11,,,,,,2.057,,,,,139.8,,,,,,,37.137,1006.8,78.41,59.14,1.393,,,,,,,,,,,,,
EPAA MOBILE,15/09/2023,07:59:58.280000,5.08,,,8.29,,,28.76,,,,,,2.041,,,,,145.5,,,,,,,36.933,1007.2,76.81,76.79,1.701,,,,,,,,,,,,,
EPAA MOBILE,15/09/2023,08:59:58.275000,4.52,,,7.16,,,40.12,,,,,,2.243,,,,,105.3,,,,,,,37.78,1007.4,60.61,101.63,2.014,,,,,,,,,,,,,
EPAA MOBILE,15/09/2023,09:59:58.270000,3.84,,,7.51,,,42.52,,,,,,2.258,,,,,93.7,,,,,,,38.868,1007.5,50.94,117.06,2.026,,,,,,,,,,,,,
EPAA MOBILE,15/09/2023,10:59:58.265000,2.56,,,4.93,,,69.44,,,,,,1.724,,,,,87.5,,,,,,,39.663,1007.4,43.05,133.51,2.041,,,,,,,,,,,,,
EPAA MOBILE,15/09/2023,11:59:58.260000,2.08,,,6.34,,,74.66,,,,,,1.564,,,,,97.9,,,,,,,40.522,1007.1,36.71,155.72,1.979,,,,,,,,,,,,,
EPAA MOBILE,15/09/2023,12:59:58.255000,5.08,,,4.97,,,87.82,,,,,,1.53,,,,,94.3,,,,,,,41.33,1006.5,28.23,183.42,1.616,,,,,,,,,,,,,
EPAA MOBILE,15/09/2023,13:59:58.250000,6.28,,,4.69,,,96.11,,,,,,1.639,,,,,101.4,,,,,,,42.114,1006.0,24.5,172.64,0.916,,,,,,,,,,,,,
EPAA MOBILE,15/09/2023,14:59:58.245000,5.74,,,5.55,,,87.65,,,,,,2.233,,,,,115.7,,,,,,,40.007,1005.8,52.4,336.3,2.404,,,,,,,,,,,,,
EPAA MOBILE,15/09/2023,15:59:58.240000,5.44,,,5.84,,,85.4,,,,,,2.069,,,,,152.4,,,,,,,39.106,1005.8,59.77,340.94,2.341,,,,,,,,,,,,,
EPAA MOBILE,15/09/2023,16:59:58.235000,4.66,,,5.63,,,79.95,,,,,,2.078,,,,,164.8,,,,,,,38.937,1005.7,62.31,336.4,2.082,,,,,,,,,,,,,
EPAA MOBILE,15/09/2023,17:59:58.230000,4.69,,,6.22,,,77.3,,,,,,2.072,,,,,141.9,,,,,,,38.649,1005.7,62.48,346.87,1.934,,,,,,,,,,,,,
EPAA MOBILE,15/09/2023,18:59:58.225000,6.15,,,7.13,,,73.54,,,,,,1.834,,,,,117.2,,,,,,,38.511,1005.9,60.66,355.45,1.724,,,,,,,,,,,,,
EPAA MOBILE,15/09/2023,19:59:58.220000,5.78,,,6.58,,,75.27,,,,,,1.773,,,,,102.0,,,,,,,38.525,1006.1,59.55,6.65,1.497,,,,,,,,,,,,,
EPAA MOBILE,15/09/2023,20:59:58.215000,2.42,,,8.48,,,50.8,,,,,,1.236,,,,,93.5,,,,,,,38.55,1006.3,58.7,9.07,1.203,,,,,,,,,,,,,
EPAA MOBILE,15/09/2023,21:59:58.210000,1.23,,,10.79,,,37.01,,,,,,1.437,,,,,95.8,,,,,,,38.601,1006.5,55.69,351.13,1.407,,,,,,,,,,,,,
EPAA MOBILE,15/09/2023,22:59:58.205000,1.68,,,9.73,,,44.45,,,,,,1.4,,,,,97.9,,,,,,,38.6,1006.5,55.67,8.09,1.34,,,,,,,,,,,,,
EPAA MOBILE,15/09/2023,23:59:58.200000,2.25,,,7.83,,,58.13,,,,,,1.683,,,,,104.1,,,,,,,38.412,1006.3,56.28,18.0,1.179,,,,,,,,,,,,,
EPAA MOBILE,16/09/2023,00:59:58.195000,3.78,,,6.59,,,82.32,,,,,,1.021,,,,,96.9,,,,,,,38.23,1006.3,56.01,10.48,1.406,,,,,,,,,,,,,
EPAA MOBILE,16/09/2023,01:59:58.190000,4.0,,,5.59,,,78.35,,,,,,1.018,,,,,92.0,,,,,,,38.003,1006.3,59.8,343.59,1.192,,,,,,,,,,,,,
EPAA MOBILE,16/09/2023,02:59:58.185000,5.51,,,7.29,,,50.21,,,,,,1.15,,,,,89.2,,,,,,,37.97,1006.2,60.04,53.34,1.382,,,,,,,,,,,,,
EPAA MOBILE,16/09/2023,03:59:58.180000,4.79,,,9.3,,,10.56,,,,,,1.502,,,,,89.7,,,,,,,37.649,1006.3,61.92,86.76,1.566,,,,,,,,,,,,,
EPAA MOBILE,16/09/2023,04:59:58.175000,3.36,,,7.34,,,18.43,,,,,,1.347,,,,,80.6,,,,,,,37.488,1006.4,63.03,122.18,1.832,,,,,,,,,,,,,
EPAA MOBILE,16/09/2023,05:59:58.170000,2.91,,,7.01,,,23.01,,,,,,0.714,,,,,80.7,,,,,,,37.292,1006.6,66.24,131.43,1.779,,,,,,,,,,,,,
EPAA MOBILE,16/09/2023,06:59:58.165000,3.18,,,6.82,,,23.9,,,,,,1.769,,,,,76.4,,,,,,,37.307,1006.9,66.02,112.02,1.535,,,,,,,,,,,,,
EPAA MOBILE,16/09/2023,07:59:58.160000,3.5,,,7.05,,,24.53,,,,,,1.801,,,,,74.2,,,,,,,37.69,1007.2,62.89,102.92,1.689,,,,,,,,,,,,,
EPAA MOBILE,16/09/2023,08:59:58.155000,4.27,,,5.15,,,34.54,,,,,,2.076,,,,,75.7,,,,,,,37.855,1007.4,63.25,139.4,2.353,,,,,,,,,,,,,
EPAA MOBILE,16/09/2023,09:59:58.150000,3.95,,,5.96,,,45.27,,,,,,2.252,,,,,78.3,,,,,,,38.444,1007.4,59.03,166.04,2.356,,,,,,,,,,,,,
EPAA MOBILE,16/09/2023,10:59:58.145000,2.22,,,5.2,,,90.07,,,,,,1.775,,,,,102.7,,,,,,,38.998,1007.3,57.0,164.12,2.254,,,,,,,,,,,,,
EPAA MOBILE,16/09/2023,11:59:58.140000,2.59,,,5.13,,,107.0,,,,,,2.007,,,,,126.2,,,,,,,39.53,1007.1,53.22,180.37,1.736,,,,,,,,,,,,,
EPAA MOBILE,16/09/2023,12:59:58.135000,4.98,,,7.01,,,114.98,,,,,,2.023,,,,,133.1,,,,,,,39.397,1006.7,57.04,303.54,2.168,,,,,,,,,,,,,
EPAA MOBILE,16/09/2023,13:59:58.130000,6.8,,,5.97,,,147.82,,,,,,2.366,,,,,158.5,,,,,,,39.098,1006.3,60.81,311.4,2.462,,,,,,,,,,,,,
EPAA MOBILE,16/09/2023,14:59:58.125000,6.09,,,5.1,,,171.99,,,,,,2.464,,,,,156.5,,,,,,,39.046,1006.0,61.85,314.53,2.527,,,,,,,,,,,,,
EPAA MOBILE,16/09/2023,15:59:58.120000,5.87,,,4.8,,,164.76,,,,,,2.023,,,,,144.9,,,,,,,38.932,1005.9,62.82,336.68,2.162,,,,,,,,,,,,,
EPAA MOBILE,16/09/2023,16:59:58.115000,3.5,,,4.82,,,147.2,,,,,,1.86,,,,,126.4,,,,,,,38.821,1005.8,62.9,1.45,2.004,,,,,,,,,,,,,
EPAA MOBILE,16/09/2023,17:59:58.110000,3.57,,,6.23,,,108.96,,,,,,2.008,,,,,96.8,,,,,,,38.46,1005.9,64.09,359.78,1.882,,,,,,,,,,,,,
EPAA MOBILE,16/09/2023,18:59:58.105000,4.21,,,7.43,,,93.09,,,,,,1.758,,,,,88.8,,,,,,,38.414,1006.0,61.72,20.5,1.602,,,,,,,,,,,,,
EPAA MOBILE,16/09/2023,19:59:58.100000,4.65,,,5.86,,,91.87,,,,,,1.702,,,,,85.6,,,,,,,38.303,1006.3,62.84,37.95,1.582,,,,,,,,,,,,,
EPAA MOBILE,16/09/2023,20:59:58.095000,3.26,,,5.34,,,104.78,,,,,,1.088,,,,,83.5,,,,,,,38.307,1006.5,60.88,60.83,1.523,,,,,,,,,,,,,
EPAA MOBILE,16/09/2023,21:59:58.090000,3.27,,,5.7,,,97.16,,,,,,1.31,,,,,84.1,,,,,,,38.406,1006.7,60.42,51.97,1.412,,,,,,,,,,,,,
EPAA MOBILE,16/09/2023,22:59:58.085000,4.0,,,6.33,,,62.08,,,,,,1.317,,,,,86.8,,,,,,,38.448,1006.5,60.3,65.77,1.308,,,,,,,,,,,,,
EPAA MOBILE,16/09/2023,23:59:58.080000,3.71,,,6.1,,,40.87,,,,,,1.492,,,,,95.9,,,,,,,38.422,1006.3,60.16,38.01,0.809,,,,,,,,,,,,,
EPAA MOBILE,17/09/2023,00:59:58.075000,4.23,,,8.22,,,35.42,,,,,,1.11,,,,,98.6,,,,,,,38.315,1006.3,61.03,23.11,0.717,,,,,,,,,,,,,
EPAA MOBILE,17/09/2023,01:59:58.070000,3.49,,,8.09,,,57.12,,,,,,1.241,,,,,93.0,,,,,,,38.103,1006.4,63.67,351.52,1.206,,,,,,,,,,,,,
EPAA MOBILE,17/09/2023,02:59:58.065000,4.55,,,3.89,,,89.76,,,,,,1.231,,,,,93.2,,,,,,,37.759,1006.3,65.1,333.77,1.758,,,,,,,,,,,,,
EPAA MOBILE,17/09/2023,03:59:58.060000,3.83,,,3.65,,,85.44,,,,,,1.482,,,,,94.4,,,,,,,37.6,1006.2,67.68,6.81,1.456,,,,,,,,,,,,,
EPAA MOBILE,17/09/2023,04:59:58.055000,3.83,,,4.34,,,78.86,,,,,,1.316,,,,,83.6,,,,,,,37.56,1006.1,68.05,32.27,1.144,,,,,,,,,,,,,
EPAA MOBILE,17/09/2023,05:59:58.050000,3.58,,,7.89,,,54.12,,,,,,0.915,,,,,82.4,,,,,,,37.437,1006.3,68.5,72.99,1.413,,,,,,,,,,,,,
EPAA MOBILE,17/09/2023,06:59:58.045000,3.79,,,6.8,,,48.69,,,,,,1.897,,,,,79.5,,,,,,,37.198,1006.7,70.02,92.98,1.393,,,,,,,,,,,,,
EPAA MOBILE,17/09/2023,07:59:58.040000,3.92,,,5.77,,,45.63,,,,,,1.858,,,,,85.7,,,,,,,37.503,1006.9,67.87,62.81,1.358,,,,,,,,,,,,,
EPAA MOBILE,17/09/2023,08:59:58.035000,3.63,,,6.09,,,37.34,,,,,,1.968,,,,,85.5,,,,,,,38.089,1007.1,63.14,65.63,1.304,,,,,,,,,,,,,
EPAA MOBILE,17/09/2023,09:59:58.030000,3.82,,,6.0,,,32.63,,,,,,2.181,,,,,95.0,,,,,,,38.341,1007.2,60.12,134.4,1.524,,,,,,,,,,,,,
EPAA MOBILE,17/09/2023,10:59:58.025000,3.62,,,5.66,,,50.96,,,,,,1.701,,,,,103.6,,,,,,,38.899,1007.1,57.23,183.49,1.068,,,,,,,,,,,,,
EPAA MOBILE,17/09/2023,11:59:58.020000,2.7,,,8.14,,,69.34,,,,,,1.778,,,,,131.7,,,,,,,39.461,1006.8,52.7,283.61,1.25,,,,,,,,,,,,,
EPAA MOBILE,17/09/2023,12:59:58.015000,3.74,,,6.55,,,130.55,,,,,,1.995,,,,,142.2,,,,,,,39.12,1006.5,57.06,294.11,2.68,,,,,,,,,,,,,
EPAA MOBILE,17/09/2023,13:59:58.010000,4.44,,,7.12,,,147.49,,,,,,2.261,,,,,150.7,,,,,,,39.195,1006.1,57.53,301.46,2.636,,,,,,,,,,,,,
EPAA MOBILE,17/09/2023,14:59:58.005000,4.37,,,7.22,,,148.72,,,,,,2.478,,,,,148.0,,,,,,,39.064,1005.7,60.18,301.74,2.875,,,,,,,,,,,,,
EPAA MOBILE,17/09/2023,15:59:58,4.43,,,5.47,,,130.43,,,,,,2.113,,,,,176.8,,,,,,,38.724,1005.5,65.61,314.04,2.608,,,,,,,,,,,,,
EPAA MOBILE,17/09/2023,16:59:57.995000,3.56,,,5.04,,,100.79,,,,,,2.065,,,,,122.4,,,,,,,38.374,1005.4,69.39,345.59,2.243,,,,,,,,,,,,,
EPAA MOBILE,17/09/2023,17:59:57.990000,4.03,,,4.6,,,82.29,,,,,,2.095,,,,,99.2,,,,,,,38.186,1005.6,69.27,4.77,2.015,,,,,,,,,,,,,
EPAA MOBILE,17/09/2023,18:59:57.985000,5.34,,,4.5,,,77.39,,,,,,1.66,,,,,92.1,,,,,,,37.924,1005.7,68.87,2.75,1.831,,,,,,,,,,,,,
EPAA MOBILE,17/09/2023,19:59:57.980000,5.0,,,5.25,,,69.53,,,,,,1.451,,,,,90.6,,,,,,,38.004,1005.8,66.63,12.48,1.614,,,,,,,,,,,,,
EPAA MOBILE,17/09/2023,20:59:57.975000,3.65,,,6.19,,,64.54,,,,,,0.724,,,,,89.0,,,,,,,38.061,1006.0,64.69,24.35,1.389,,,,,,,,,,,,,
EPAA MOBILE,17/09/2023,21:59:57.970000,3.21,,,6.11,,,62.93,,,,,,0.87,,,,,89.7,,,,,,,38.226,1006.1,61.66,20.21,1.214,,,,,,,,,,,,,
EPAA MOBILE,17/09/2023,22:59:57.965000,4.49,,,6.59,,,59.03,,,,,,1.488,,,,,91.1,,,,,,,38.207,1006.1,60.84,19.13,1.296,,,,,,,,,,,,,
EPAA MOBILE,17/09/2023,23:59:57.960000,3.96,,,7.21,,,52.65,,,,,,1.708,,,,,101.1,,,,,,,38.15,1006.0,61.63,1.72,1.458,,,,,,,,,,,,,
EPAA MOBILE,18/09/2023,00:59:57.955000,4.03,,,4.41,,,66.32,,,,,,0.955,,,,,105.1,,,,,,,37.818,1006.0,64.53,311.95,1.817,,,,,,,,,,,,,
EPAA MOBILE,18/09/2023,01:59:57.950000,2.85,,,3.54,,,62.2,,,,,,0.847,,,,,103.0,,,,,,,37.588,1005.9,65.94,331.5,1.555,,,,,,,,,,,,,
EPAA MOBILE,18/09/2023,02:59:57.945000,4.49,,,3.84,,,55.8,,,,,,1.066,,,,,101.1,,,,,,,37.54,1005.7,65.91,7.26,1.477,,,,,,,,,,,,,
EPAA MOBILE,18/09/2023,03:59:57.940000,4.62,,,3.25,,,54.43,,,,,,1.338,,,,,96.7,,,,,,,37.418,1005.7,67.4,311.25,1.722,,,,,,,,,,,,,
EPAA MOBILE,18/09/2023,04:59:57.935000,3.92,,,3.11,,,54.47,,,,,,1.214,,,,,92.0,,,,,,,37.276,1005.7,70.81,315.44,1.575,,,,,,,,,,,,,
EPAA MOBILE,18/09/2023,05:59:57.930000,2.96,,,4.38,,,44.07,,,,,,0.646,,,,,89.8,,,,,,,37.371,1006.0,70.65,1.21,1.418,,,,,,,,,,,,,
EPAA MOBILE,18/09/2023,06:59:57.925000,3.18,,,5.72,,,34.77,,,,,,2.016,,,,,96.0,,,,,,,37.436,1006.2,72.28,57.35,1.18,,,,,,,,,,,,,
EPAA MOBILE,18/09/2023,07:59:57.920000,4.67,,,6.76,,,34.81,,,,,,2.392,,,,,101.3,,,,,,,37.34,1006.5,70.98,93.53,1.624,,,,,,,,,,,,,
EPAA MOBILE,18/09/2023,08:59:57.915000,5.07,,,5.72,,,54.34,,,,,,2.589,,,,,93.3,,,,,,,38.062,1006.8,61.65,107.72,1.771,,,,,,,,,,,,,
EPAA MOBILE,18/09/2023,09:59:57.910000,4.64,,,5.44,,,70.06,,,,,,2.587,,,,,95.8,,,,,,,39.015,1006.8,53.96,85.95,1.827,,,,,,,,,,,,,
EPAA MOBILE,18/09/2023,10:59:57.905000,4.14,,,5.7,,,65.87,,,,,,2.138,,,,,124.0,,,,,,,39.814,1006.7,49.82,110.66,1.653,,,,,,,,,,,,,
EPAA MOBILE,18/09/2023,11:59:57.900000,3.91,,,5.72,,,68.22,,,,,,2.152,,,,,108.6,,,,,,,40.73,1006.3,38.43,222.03,0.568,,,,,,,,,,,,,
EPAA MOBILE,18/09/2023,12:59:57.895000,3.05,,,5.39,,,113.6,,,,,,2.024,,,,,129.3,,,,,,,39.979,1005.8,51.81,300.62,2.877,,,,,,,,,,,,,
EPAA MOBILE,18/09/2023,13:59:57.890000,3.63,,,6.61,,,136.45,,,,,,2.38,,,,,161.0,,,,,,,39.313,1005.6,57.92,299.54,2.963,,,,,,,,,,,,,
EPAA MOBILE,18/09/2023,14:59:57.885000,3.16,,,6.51,,,145.61,,,,,,2.448,,,,,170.1,,,,,,,39.022,1005.4,60.26,310.72,3.01,,,,,,,,,,,,,
EPAA MOBILE,18/09/2023,15:59:57.880000,2.72,,,6.3,,,87.69,,,,,,2.033,,,,,196.7,,,,,,,38.941,1005.3,62.17,312.88,2.726,,,,,,,,,,,,,
EPAA MOBILE,18/09/2023,16:59:57.875000,3.91,,,5.41,,,75.42,,,,,,1.5,,,,,152.3,,,,,,,38.541,1005.3,67.6,304.58,2.907,,,,,,,,,,,,,
EPAA MOBILE,18/09/2023,17:59:57.870000,4.75,,,4.24,,,58.54,,,,,,2.033,,,,,138.3,,,,,,,38.2,1005.3,72.86,318.94,2.383,,,,,,,,,,,,,
EPAA MOBILE,18/09/2023,18:59:57.865000,6.43,,,4.94,,,45.8,,,,,,1.7,,,,,107.6,,,,,,,38.094,1005.8,71.94,312.69,1.598,,,,,,,,,,,,,
EPAA MOBILE,18/09/2023,19:59:57.860000,6.03,,,7.16,,,47.82,,,,,,1.518,,,,,100.0,,,,,,,37.899,1006.3,54.79,175.13,1.965,,,,,,,,,,,,,
EPAA MOBILE,18/09/2023,20:59:57.855000,4.94,,,12.66,,,25.79,,,,,,0.901,,,,,408.7,,,,,,,38.266,1006.3,38.4,232.16,1.3,,,,,,,,,,,,,
EPAA MOBILE,18/09/2023,21:59:57.850000,5.23,,,15.36,,,13.51,,,,,,0.833,,,,,536.3,,,,,,,38.584,1006.2,42.57,339.66,1.559,,,,,,,,,,,,,
EPAA MOBILE,18/09/2023,22:59:57.845000,6.35,,,9.81,,,24.1,,,,,,1.403,,,,,604.2,,,,,,,38.236,1006.4,61.96,303.04,1.524,,,,,,,,,,,,,
EPAA MOBILE,18/09/2023,23:59:57.840000,6.06,,,5.98,,,34.84,,,,,,1.587,,,,,382.3,,,,,,,37.905,1006.4,67.53,298.39,1.76,,,,,,,,,,,,,
EPAA MOBILE,19/09/2023,00:59:57.835000,2.27,,,4.71,,,39.88,,,,,,0.801,,,,,329.6,,,,,,,37.797,1006.4,70.99,295.95,1.395,,,,,,,,,,,,,
EPAA MOBILE,19/09/2023,01:59:57.830000,1.36,,,13.7,,,14.71,,,,,,1.094,,,,,253.1,,,,,,,37.528,1006.3,60.76,130.87,1.012,,,,,,,,,,,,,
EPAA MOBILE,19/09/2023,02:59:57.825000,2.57,,,16.43,,,2.61,,,,,,1.412,,,,,299.3,,,,,,,38.013,1006.2,49.4,143.67,0.979,,,,,,,,,,,,,
EPAA MOBILE,19/09/2023,03:59:57.820000,3.87,,,15.96,,,2.58,,,,,,1.511,,,,,374.9,,,,,,,38.125,1006.3,50.37,327.2,0.253,,,,,,,,,,,,,
EPAA MOBILE,19/09/2023,04:59:57.815000,4.59,,,12.54,,,7.98,,,,,,1.51,,,,,428.5,,,,,,,38.404,1006.4,62.6,54.62,1.017,,,,,,,,,,,,,
EPAA MOBILE,19/09/2023,05:59:57.810000,4.02,,,13.13,,,3.82,,,,,,1.208,,,,,230.0,,,,,,,37.645,1006.7,72.39,75.88,1.552,,,,,,,,,,,,,
EPAA MOBILE,19/09/2023,06:59:57.805000,3.5,,,9.25,,,12.96,,,,,,1.953,,,,,203.0,,,,,,,37.304,1007.0,77.61,86.58,1.387,,,,,,,,,,,,,
EPAA MOBILE,19/09/2023,07:59:57.800000,3.77,,,9.04,,,14.84,,,,,,2.122,,,,,153.1,,,,,,,37.548,1007.4,76.89,106.46,1.132,,,,,,,,,,,,,
EPAA MOBILE,19/09/2023,08:59:57.795000,3.86,,,7.28,,,24.81,,,,,,2.244,,,,,108.6,,,,,,,38.299,1007.6,66.21,64.34,1.263,,,,,,,,,,,,,
EPAA MOBILE,19/09/2023,09:59:57.790000,3.09,,,7.36,,,35.6,,,,,,2.299,,,,,104.6,,,,,,,38.99,1007.9,60.78,58.81,1.344,,,,,,,,,,,,,
EPAA MOBILE,19/09/2023,10:59:57.785000,2.44,,,7.54,,,51.96,,,,,,1.729,,,,,149.1,,,,,,,39.77,1007.9,51.35,116.4,1.42,,,,,,,,,,,,,
EPAA MOBILE,19/09/2023,11:59:57.780000,2.05,,,7.23,,,57.24,,,,,,1.74,,,,,137.8,,,,,,,40.695,1007.6,39.08,157.19,1.017,,,,,,,,,,,,,
EPAA MOBILE,19/09/2023,12:59:57.775000,4.49,,,5.42,,,68.98,,,,,,1.628,,,,,137.6,,,,,,,41.486,1007.1,30.07,211.36,0.637,,,,,,,,,,,,,
EPAA MOBILE,19/09/2023,13:59:57.770000,5.48,,,9.25,,,69.72,,,,,,2.508,,,,,136.3,,,,,,,40.904,1006.8,48.23,350.11,1.928,,,,,,,,,,,,,
EPAA MOBILE,19/09/2023,14:59:57.765000,5.06,,,6.57,,,72.66,,,,,,2.519,,,,,178.8,,,,,,,40.119,1006.6,54.72,353.52,2.232,,,,,,,,,,,,,
EPAA MOBILE,19/09/2023,15:59:57.760000,5.01,,,7.4,,,77.26,,,,,,2.052,,,,,184.5,,,,,,,39.69,1006.5,58.13,352.38,2.256,,,,,,,,,,,,,
EPAA MOBILE,19/09/2023,16:59:57.755000,4.46,,,6.42,,,73.22,,,,,,1.589,,,,,171.8,,,,,,,39.478,1006.6,57.27,3.99,2.189,,,,,,,,,,,,,
EPAA MOBILE,19/09/2023,17:59:57.750000,5.28,,,8.75,,,61.53,,,,,,2.106,,,,,175.1,,,,,,,39.301,1006.6,56.6,9.3,1.997,,,,,,,,,,,,,
EPAA MOBILE,19/09/2023,18:59:57.745000,7.11,,,8.64,,,51.21,,,,,,1.678,,,,,138.6,,,,,,,39.038,1006.8,55.3,16.44,1.759,,,,,,,,,,,,,
EPAA MOBILE,19/09/2023,19:59:57.740000,6.01,,,10.35,,,39.16,,,,,,1.58,,,,,122.1,,,,,,,38.863,1007.1,56.65,21.06,1.386,,,,,,,,,,,,,
EPAA MOBILE,19/09/2023,20:59:57.735000,4.27,,,11.29,,,32.83,,,,,,0.982,,,,,114.7,,,,,,,38.821,1007.6,54.35,50.92,1.328,,,,,,,,,,,,,
EPAA MOBILE,19/09/2023,21:59:57.730000,4.27,,,9.15,,,36.54,,,,,,0.926,,,,,118.4,,,,,,,38.76,1007.8,53.11,59.76,1.427,,,,,,,,,,,,,
EPAA MOBILE,19/09/2023,22:59:57.725000,4.91,,,11.07,,,21.39,,,,,,1.222,,,,,114.7,,,,,,,38.841,1007.9,49.92,23.28,1.026,,,,,,,,,,,,,
EPAA MOBILE,19/09/2023,23:59:57.720000,5.61,,,14.39,,,8.23,,,,,,1.496,,,,,125.0,,,,,,,39.021,1007.8,48.69,69.41,1.245,,,,,,,,,,,,,
EPAA MOBILE,20/09/2023,00:59:57.715000,2.24,,,16.01,,,4.12,,,,,,1.106,,,,,134.7,,,,,,,38.7,1007.6,53.01,91.84,1.289,,,,,,,,,,,,,
EPAA MOBILE,20/09/2023,01:59:57.710000,1.71,,,17.05,,,3.22,,,,,,1.21,,,,,124.6,,,,,,,38.523,1007.5,53.09,158.8,0.522,,,,,,,,,,,,,
EPAA MOBILE,20/09/2023,02:59:57.705000,2.86,,,14.77,,,2.76,,,,,,1.282,,,,,125.0,,,,,,,38.622,1007.5,52.97,357.47,1.134,,,,,,,,,,,,,
EPAA MOBILE,20/09/2023,03:59:57.700000,3.1,,,12.62,,,9.71,,,,,,1.416,,,,,119.4,,,,,,,38.521,1007.6,60.46,9.12,1.373,,,,,,,,,,,,,
EPAA MOBILE,20/09/2023,04:59:57.695000,4.53,,,9.22,,,19.7,,,,,,1.403,,,,,143.5,,,,,,,37.877,1007.9,69.49,30.05,1.349,,,,,,,,,,,,,
EPAA MOBILE,20/09/2023,05:59:57.690000,3.88,,,13.4,,,7.99,,,,,,1.117,,,,,133.9,,,,,,,37.594,1008.1,69.23,55.68,1.137,,,,,,,,,,,,,
EPAA MOBILE,20/09/2023,06:59:57.685000,3.5,,,13.26,,,11.24,,,,,,1.882,,,,,111.6,,,,,,,37.604,1008.4,70.52,38.0,1.187,,,,,,,,,,,,,
EPAA MOBILE,20/09/2023,07:59:57.680000,4.29,,,14.02,,,11.06,,,,,,1.975,,,,,154.5,,,,,,,37.755,1008.7,71.28,14.32,0.637,,,,,,,,,,,,,
EPAA MOBILE,20/09/2023,08:59:57.675000,4.56,,,12.91,,,14.11,,,,,,2.246,,,,,165.7,,,,,,,38.174,1009.1,65.33,145.82,1.368,,,,,,,,,,,,,
EPAA MOBILE,20/09/2023,09:59:57.670000,4.21,,,9.95,,,17.84,,,,,,2.061,,,,,125.4,,,,,,,39.005,1009.1,45.95,160.58,2.197,,,,,,,,,,,,,
EPAA MOBILE,20/09/2023,10:59:57.665000,4.22,,,8.89,,,17.61,,,,,,1.313,,,,,117.3,,,,,,,40.012,1008.9,32.85,187.17,1.905,,,,,,,,,,,,,
EPAA MOBILE,20/09/2023,11:59:57.660000,4.08,,,10.88,,,21.62,,,,,,1.4,,,,,146.1,,,,,,,40.582,1008.5,31.44,242.5,1.39,,,,,,,,,,,,,
EPAA MOBILE,20/09/2023,12:59:57.655000,1.92,,,9.92,,,78.75,,,,,,1.122,,,,,195.4,,,,,,,40.275,1008.2,35.48,318.37,2.435,,,,,,,,,,,,,
EPAA MOBILE,20/09/2023,13:59:57.650000,2.66,,,8.79,,,94.86,,,,,,1.081,,,,,214.5,,,,,,,39.963,1007.9,37.59,318.57,2.447,,,,,,,,,,,,,
EPAA MOBILE,20/09/2023,14:59:57.645000,1.72,,,9.43,,,95.78,,,,,,1.009,,,,,209.9,,,,,,,39.762,1007.6,40.18,314.23,2.642,,,,,,,,,,,,,
EPAA MOBILE,20/09/2023,15:59:57.640000,1.78,,,8.22,,,113.88,,,,,,0.973,,,,,198.5,,,,,,,39.481,1007.3,47.95,316.86,2.257,,,,,,,,,,,,,
EPAA MOBILE,20/09/2023,16:59:57.635000,3.69,,,7.9,,,135.33,,,,,,1.103,,,,,200.6,,,,,,,39.346,1007.3,51.7,327.39,2.065,,,,,,,,,,,,,
EPAA MOBILE,20/09/2023,17:59:57.630000,4.58,,,8.71,,,113.28,,,,,,1.554,,,,,202.7,,,,,,,39.048,1007.4,54.68,335.4,1.888,,,,,,,,,,,,,
EPAA MOBILE,20/09/2023,18:59:57.625000,5.09,,,6.79,,,110.82,,,,,,1.603,,,,,171.0,,,,,,,38.72,1007.4,56.13,329.39,1.892,,,,,,,,,,,,,
EPAA MOBILE,20/09/2023,19:59:57.620000,4.27,,,6.56,,,105.7,,,,,,1.378,,,,,136.9,,,,,,,38.457,1007.6,59.28,334.29,1.843,,,,,,,,,,,,,
EPAA MOBILE,20/09/2023,20:59:57.615000,5.54,,,7.29,,,93.22,,,,,,0.753,,,,,122.4,,,,,,,38.25,1008.0,62.77,349.04,1.301,,,,,,,,,,,,,
EPAA MOBILE,20/09/2023,21:59:57.610000,5.68,,,7.65,,,86.72,,,,,,1.08,,,,,116.0,,,,,,,38.001,1008.3,66.09,34.84,1.299,,,,,,,,,,,,,
EPAA MOBILE,20/09/2023,22:59:57.605000,5.96,,,8.51,,,66.89,,,,,,1.347,,,,,114.3,,,,,,,37.829,1008.3,67.55,52.03,0.747,,,,,,,,,,,,,
EPAA MOBILE,20/09/2023,23:59:57.600000,6.58,,,12.16,,,44.46,,,,,,1.912,,,,,114.5,,,,,,,37.714,1008.1,68.48,271.83,0.811,,,,,,,,,,,,,
EPAA MOBILE,21/09/2023,00:59:57.595000,2.59,,,6.71,,,74.8,,,,,,0.932,,,,,111.7,,,,,,,37.701,1007.9,71.1,330.02,1.443,,,,,,,,,,,,,
EPAA MOBILE,21/09/2023,01:59:57.590000,1.09,,,4.39,,,77.53,,,,,,1.021,,,,,113.9,,,,,,,37.409,1007.7,76.46,306.95,1.205,,,,,,,,,,,,,
EPAA MOBILE,21/09/2023,02:59:57.585000,1.99,,,6.37,,,53.5,,,,,,1.43,,,,,109.6,,,,,,,37.226,1007.5,78.36,220.25,0.795,,,,,,,,,,,,,
EPAA MOBILE,21/09/2023,03:59:57.580000,2.7,,,13.5,,,11.24,,,,,,1.8,,,,,102.3,,,,,,,36.785,1007.6,77.05,129.19,1.368,,,,,,,,,,,,,
EPAA MOBILE,21/09/2023,04:59:57.575000,3.51,,,16.26,,,3.23,,,,,,1.65,,,,,82.0,,,,,,,36.6,1007.7,74.99,141.72,1.361,,,,,,,,,,,,,
EPAA MOBILE,21/09/2023,05:59:57.570000,2.93,,,15.72,,,4.38,,,,,,1.319,,,,,95.4,,,,,,,36.429,1008.0,74.9,129.34,1.706,,,,,,,,,,,,,
EPAA MOBILE,21/09/2023,06:59:57.565000,2.59,,,15.47,,,6.25,,,,,,2.025,,,,,105.2,,,,,,,36.213,1008.2,75.08,125.59,1.848,,,,,,,,,,,,,
EPAA MOBILE,21/09/2023,07:59:57.560000,3.83,,,15.58,,,8.94,,,,,,2.315,,,,,108.3,,,,,,,36.497,1008.5,73.24,149.34,1.618,,,,,,,,,,,,,
EPAA MOBILE,21/09/2023,08:59:57.555000,3.71,,,13.88,,,28.24,,,,,,2.616,,,,,116.9,,,,,,,37.355,1008.6,69.87,191.97,1.584,,,,,,,,,,,,,
EPAA MOBILE,21/09/2023,09:59:57.550000,3.35,,,15.56,,,35.35,,,,,,2.581,,,,,120.9,,,,,,,38.306,1008.7,60.64,189.32,1.276,,,,,,,,,,,,,
EPAA MOBILE,21/09/2023,10:59:57.545000,2.75,,,16.53,,,62.34,,,,,,1.954,,,,,110.6,,,,,,,39.35,1008.5,49.1,242.9,0.947,,,,,,,,,,,,,
EPAA MOBILE,21/09/2023,11:59:57.540000,2.04,,,12.16,,,80.09,,,,,,2.033,,,,,157.8,,,,,,,39.191,1008.3,58.73,310.11,2.196,,,,,,,,,,,,,
EPAA MOBILE,21/09/2023,12:59:57.535000,4.9,,,14.23,,,90.97,,,,,,1.989,,,,,157.0,,,,,,,39.246,1007.9,58.48,297.94,2.643,,,,,,,,,,,,,
EPAA MOBILE,21/09/2023,13:59:57.530000,5.41,,,9.49,,,123.33,,,,,,2.146,,,,,161.8,,,,,,,39.149,1007.5,60.21,300.02,2.649,,,,,,,,,,,,,
EPAA MOBILE,21/09/2023,14:59:57.525000,4.6,,,7.5,,,113.79,,,,,,2.176,,,,,140.0,,,,,,,38.78,1007.2,62.55,302.15,2.789,,,,,,,,,,,,,
EPAA MOBILE,21/09/2023,15:59:57.520000,4.46,,,6.55,,,90.75,,,,,,1.888,,,,,111.2,,,,,,,38.804,1007.0,60.67,300.01,2.736,,,,,,,,,,,,,
EPAA MOBILE,21/09/2023,16:59:57.515000,3.73,,,5.97,,,88.79,,,,,,1.628,,,,,98.1,,,,,,,38.69,1007.1,62.11,301.09,2.611,,,,,,,,,,,,,
EPAA MOBILE,21/09/2023,17:59:57.510000,4.31,,,5.16,,,106.04,,,,,,1.74,,,,,108.3,,,,,,,38.318,1007.3,63.59,306.08,2.29,,,,,,,,,,,,,
EPAA MOBILE,21/09/2023,18:59:57.505000,5.78,,,5.09,,,100.59,,,,,,1.755,,,,,94.4,,,,,,,38.178,1007.4,66.99,320.78,1.821,,,,,,,,,,,,,
EPAA MOBILE,21/09/2023,19:59:57.500000,5.14,,,6.15,,,94.96,,,,,,1.727,,,,,96.8,,,,,,,37.893,1007.6,71.61,308.62,1.488,,,,,,,,,,,,,
EPAA MOBILE,21/09/2023,20:59:57.495000,2.86,,,7.06,,,79.51,,,,,,1.187,,,,,97.6,,,,,,,37.733,1007.7,70.91,296.19,1.661,,,,,,,,,,,,,
EPAA MOBILE,21/09/2023,21:59:57.490000,2.32,,,6.61,,,82.95,,,,,,1.198,,,,,75.2,,,,,,,37.798,1008.0,66.41,316.12,1.014,,,,,,,,,,,,,
EPAA MOBILE,21/09/2023,22:59:57.485000,3.49,,,7.45,,,55.27,,,,,,1.544,,,,,63.4,,,,,,,38.013,1008.0,66.11,97.34,0.775,,,,,,,,,,,,,
EPAA MOBILE,21/09/2023,23:59:57.480000,3.81,,,13.68,,,23.59,,,,,,1.995,,,,,83.2,,,,,,,37.631,1007.7,71.25,91.4,0.948,,,,,,,,,,,,,
EPAA MOBILE,22/09/2023,00:59:57.475000,0.61,,,16.24,,,12.0,,,,,,1.667,,,,,86.5,,,,,,,37.382,1007.6,72.8,163.72,0.634,,,,,,,,,,,,,
EPAA MOBILE,22/09/2023,01:59:57.470000,0.07,,,20.02,,,4.24,,,,,,1.491,,,,,91.2,,,,,,,37.21,1007.5,73.83,111.86,1.178,,,,,,,,,,,,,
EPAA MOBILE,22/09/2023,02:59:57.465000,1.63,,,21.54,,,3.07,,,,,,1.913,,,,,88.1,,,,,,,37.056,1007.4,74.15,108.83,0.622,,,,,,,,,,,,,
EPAA MOBILE,22/09/2023,03:59:57.460000,2.21,,,17.74,,,2.82,,,,,,2.061,,,,,88.0,,,,,,,36.765,1007.4,73.95,95.61,1.224,,,,,,,,,,,,,
EPAA MOBILE,22/09/2023,04:59:57.455000,3.88,,,17.0,,,3.02,,,,,,1.938,,,,,90.4,,,,,,,36.697,1007.5,73.94,112.04,1.293,,,,,,,,,,,,,
EPAA MOBILE,22/09/2023,05:59:57.450000,3.57,,,17.32,,,3.3,,,,,,1.541,,,,,95.8,,,,,,,36.514,1007.9,73.81,84.22,1.318,,,,,,,,,,,,,
EPAA MOBILE,22/09/2023,06:59:57.445000,2.74,,,17.46,,,3.59,,,,,,2.028,,,,,105.4,,,,,,,36.43,1008.2,74.63,77.58,0.631,,,,,,,,,,,,,
EPAA MOBILE,22/09/2023,07:59:57.440000,3.68,,,17.83,,,4.83,,,,,,2.492,,,,,105.9,,,,,,,36.765,1008.6,73.9,132.78,1.519,,,,,,,,,,,,,
EPAA MOBILE,22/09/2023,08:59:57.435000,2.68,,,16.92,,,15.48,,,,,,2.597,,,,,118.5,,,,,,,37.279,1009.0,69.64,150.5,1.692,,,,,,,,,,,,,
EPAA MOBILE,22/09/2023,09:59:57.430000,2.1,,,22.65,,,21.88,,,,,,2.779,,,,,109.8,,,,,,,38.305,1008.9,62.02,200.28,1.159,,,,,,,,,,,,,
EPAA MOBILE,22/09/2023,10:59:57.425000,0.98,,,15.91,,,63.5,,,,,,1.497,,,,,108.8,,,,,,,39.348,1008.8,45.99,212.88,1.75,,,,,,,,,,,,,
EPAA MOBILE,22/09/2023,11:59:57.420000,0.62,,,13.47,,,99.81,,,,,,1.642,,,,,110.2,,,,,,,39.942,1008.5,47.55,282.73,1.551,,,,,,,,,,,,,
EPAA MOBILE,22/09/2023,12:59:57.415000,4.65,,,10.9,,,154.76,,,,,,1.936,,,,,160.8,,,,,,,39.162,1008.1,62.64,310.01,2.363,,,,,,,,,,,,,
EPAA MOBILE,22/09/2023,13:59:57.410000,5.27,,,7.87,,,170.17,,,,,,2.156,,,,,175.6,,,,,,,38.922,1007.7,63.0,299.72,2.775,,,,,,,,,,,,,
EPAA MOBILE,22/09/2023,14:59:57.405000,5.19,,,6.95,,,141.88,,,,,,2.139,,,,,131.2,,,,,,,39.322,1007.3,53.09,307.4,2.591,,,,,,,,,,,,,
EPAA MOBILE,22/09/2023,15:59:57.400000,4.56,,,5.03,,,147.63,,,,,,1.539,,,,,94.7,,,,,,,39.43,1007.1,51.73,313.32,2.275,,,,,,,,,,,,,
EPAA MOBILE,22/09/2023,16:59:57.395000,3.5,,,5.59,,,158.67,,,,,,1.623,,,,,88.4,,,,,,,39.135,1007.2,61.53,353.07,2.019,,,,,,,,,,,,,
EPAA MOBILE,22/09/2023,17:59:57.390000,3.79,,,5.99,,,114.24,,,,,,1.808,,,,,101.0,,,,,,,38.588,1007.1,65.88,4.19,1.838,,,,,,,,,,,,,
EPAA MOBILE,22/09/2023,18:59:57.385000,4.57,,,8.26,,,97.31,,,,,,1.786,,,,,87.8,,,,,,,38.455,1007.2,61.76,8.84,1.503,,,,,,,,,,,,,
EPAA MOBILE,22/09/2023,19:59:57.380000,5.19,,,11.82,,,69.22,,,,,,1.947,,,,,89.2,,,,,,,38.567,1007.3,61.62,7.96,1.331,,,,,,,,,,,,,
EPAA MOBILE,22/09/2023,20:59:57.375000,3.53,,,12.38,,,66.79,,,,,,1.354,,,,,83.6,,,,,,,38.322,1007.5,63.52,2.47,1.406,,,,,,,,,,,,,
EPAA MOBILE,22/09/2023,21:59:57.370000,3.55,,,8.59,,,87.86,,,,,,1.375,,,,,79.1,,,,,,,38.196,1007.7,67.71,10.3,1.502,,,,,,,,,,,,,
EPAA MOBILE,22/09/2023,22:59:57.365000,4.33,,,8.09,,,71.57,,,,,,1.432,,,,,101.2,,,,,,,37.896,1007.6,66.49,13.66,1.251,,,,,,,,,,,,,
EPAA MOBILE,22/09/2023,23:59:57.360000,4.61,,,9.29,,,61.5,,,,,,1.793,,,,,104.1,,,,,,,37.796,1007.5,63.84,2.34,0.895,,,,,,,,,,,,,
EPAA MOBILE,23/09/2023,00:59:57.355000,5.71,,,11.17,,,43.07,,,,,,1.489,,,,,92.9,,,,,,,37.739,1007.4,59.05,356.84,0.845,,,,,,,,,,,,,
EPAA MOBILE,23/09/2023,01:59:57.350000,5.06,,,12.62,,,42.02,,,,,,1.262,,,,,84.9,,,,,,,37.857,1007.3,63.29,26.31,1.226,,,,,,,,,,,,,
EPAA MOBILE,23/09/2023,02:59:57.345000,6.63,,,18.18,,,14.24,,,,,,1.479,,,,,95.7,,,,,,,37.355,1007.3,68.05,65.71,1.33,,,,,,,,,,,,,
EPAA MOBILE,23/09/2023,03:59:57.340000,7.14,,,21.41,,,3.5,,,,,,1.851,,,,,98.5,,,,,,,36.96,1007.2,71.06,71.25,1.342,,,,,,,,,,,,,
EPAA MOBILE,23/09/2023,04:59:57.335000,6.16,,,19.77,,,4.78,,,,,,1.688,,,,,94.7,,,,,,,36.655,1007.5,73.36,75.26,1.345,,,,,,,,,,,,,
EPAA MOBILE,23/09/2023,05:59:57.330000,5.2,,,17.76,,,5.56,,,,,,1.049,,,,,92.7,,,,,,,36.511,1007.8,72.46,63.1,1.17,,,,,,,,,,,,,
EPAA MOBILE,23/09/2023,06:59:57.325000,4.72,,,16.63,,,4.39,,,,,,2.262,,,,,88.9,,,,,,,36.27,1008.2,69.08,117.57,1.126,,,,,,,,,,,,,
EPAA MOBILE,23/09/2023,07:59:57.320000,5.23,,,15.35,,,8.61,,,,,,2.094,,,,,92.7,,,,,,,37.187,1008.7,44.01,144.1,1.848,,,,,,,,,,,,,
EPAA MOBILE,23/09/2023,08:59:57.315000,4.13,,,10.35,,,22.44,,,,,,1.601,,,,,102.6,,,,,,,38.761,1009.0,33.17,166.69,2.203,,,,,,,,,,,,,
EPAA MOBILE,23/09/2023,09:59:57.310000,3.07,,,7.7,,,35.98,,,,,,1.299,,,,,115.7,,,,,,,40.168,1009.0,26.15,161.97,2.108,,,,,,,,,,,,,
EPAA MOBILE,23/09/2023,10:59:57.305000,3.26,,,6.01,,,72.54,,,,,,0.34,,,,,109.6,,,,,,,41.524,1008.9,12.95,134.5,1.821,,,,,,,,,,,,,
EPAA MOBILE,23/09/2023,11:59:57.300000,3.69,,,4.9,,,91.81,,,,,,0.578,,,,,107.1,,,,,,,42.483,1008.6,8.3,120.7,1.912,,,,,,,,,,,,,
EPAA MOBILE,23/09/2023,12:59:57.295000,9.96,,,4.93,,,95.75,,,,,,0.066,,,,,132.2,,,,,,,42.883,1008.1,6.46,105.67,2.11,,,,,,,,,,,,,
EPAA MOBILE,23/09/2023,13:59:57.290000,9.32,,,6.53,,,100.92,,,,,,0.426,,,,,166.9,,,,,,,42.14,1007.8,21.53,41.04,1.419,,,,,,,,,,,,,
EPAA MOBILE,23/09/2023,14:59:57.285000,6.85,,,7.37,,,106.16,,,,,,1.299,,,,,189.7,,,,,,,40.157,1007.8,43.59,355.64,2.26,,,,,,,,,,,,,
EPAA MOBILE,23/09/2023,15:59:57.280000,7.22,,,8.04,,,130.4,,,,,,1.219,,,,,187.5,,,,,,,40.084,1007.7,45.05,0.87,2.022,,,,,,,,,,,,,
EPAA MOBILE,23/09/2023,16:59:57.275000,4.57,,,8.2,,,141.83,,,,,,0.764,,,,,167.9,,,,,,,40.146,1007.7,41.34,8.77,2.071,,,,,,,,,,,,,
EPAA MOBILE,23/09/2023,17:59:57.270000,5.79,,,10.57,,,110.98,,,,,,0.702,,,,,156.0,,,,,,,39.944,1007.8,38.77,16.55,1.846,,,,,,,,,,,,,
EPAA MOBILE,23/09/2023,18:59:57.265000,6.85,,,11.67,,,94.47,,,,,,0.929,,,,,149.2,,,,,,,39.737,1007.9,35.73,30.04,1.518,,,,,,,,,,,,,
EPAA MOBILE,23/09/2023,19:59:57.260000,7.79,,,15.53,,,53.44,,,,,,0.791,,,,,147.4,,,,,,,39.582,1008.0,32.46,30.66,1.072,,,,,,,,,,,,,
EPAA MOBILE,23/09/2023,20:59:57.255000,7.07,,,20.59,,,15.45,,,,,,0.414,,,,,285.5,,,,,,,39.636,1008.2,21.41,60.85,0.904,,,,,,,,,,,,,
EPAA MOBILE,23/09/2023,21:59:57.250000,10.94,,,26.15,,,3.3,,,,,,0.945,,,,,280.7,,,,,,,39.343,1008.3,14.93,106.46,1.269,,,,,,,,,,,,,
EPAA MOBILE,23/09/2023,22:59:57.245000,12.01,,,26.39,,,3.01,,,,,,0.241,,,,,187.3,,,,,,,38.935,1008.4,15.55,78.99,1.359,,,,,,,,,,,,,
EPAA MOBILE,23/09/2023,23:59:57.240000,12.88,,,27.1,,,2.75,,,,,,0.048,,,,,163.9,,,,,,,38.45,1008.4,17.18,77.72,1.338,,,,,,,,,,,,,
EPAA MOBILE,24/09/2023,00:59:57.235000,10.01,,,57.41,,,3.49,,,,,,0.514,,,,,186.8,,,,,,,38.152,1008.4,17.81,94.18,1.391,,,,,,,,,,,,,
EPAA MOBILE,24/09/2023,01:59:57.230000,10.23,,,32.15,,,3.14,,,,,,0.552,,,,,176.7,,,,,,,38.067,1008.3,18.58,43.67,1.267,,,,,,,,,,,,,
EPAA MOBILE,24/09/2023,02:59:57.225000,11.47,,,22.51,,,2.78,,,,,,0.879,,,,,179.1,,,,,,,37.693,1008.3,26.74,88.17,1.138,,,,,,,,,,,,,
EPAA MOBILE,24/09/2023,03:59:57.220000,10.39,,,23.25,,,2.64,,,,,,0.656,,,,,165.0,,,,,,,37.179,1008.4,37.86,83.67,1.45,,,,,,,,,,,,,
EPAA MOBILE,24/09/2023,04:59:57.215000,38.94,,,22.19,,,3.89,,,,,,0.364,,,,,157.0,,,,,,,36.821,1008.5,33.99,80.35,1.629,,,,,,,,,,,,,
EPAA MOBILE,24/09/2023,05:59:57.210000,12.92,,,21.08,,,6.06,,,,,,0.617,,,,,134.5,,,,,,,36.876,1008.8,28.28,132.58,1.674,,,,,,,,,,,,,
EPAA MOBILE,24/09/2023,06:59:57.205000,11.8,,,19.09,,,3.98,,,,,,0.384,,,,,131.5,,,,,,,37.062,1009.1,25.09,105.56,1.414,,,,,,,,,,,,,
EPAA MOBILE,24/09/2023,07:59:57.200000,9.07,,,14.17,,,16.39,,,,,,0.304,,,,,136.8,,,,,,,37.861,1009.4,28.98,127.68,2.127,,,,,,,,,,,,,
EPAA MOBILE,24/09/2023,08:59:57.195000,7.3,,,8.12,,,49.09,,,,,,0.251,,,,,147.3,,,,,,,39.292,1009.6,22.62,133.96,2.749,,,,,,,,,,,,,
EPAA MOBILE,24/09/2023,09:59:57.190000,6.97,,,6.29,,,69.6,,,,,,0.163,,,,,152.9,,,,,,,40.358,1009.6,14.45,135.75,2.94,,,,,,,,,,,,,
EPAA MOBILE,24/09/2023,10:59:57.185000,6.58,,,5.58,,,82.26,,,,,,0.088,,,,,184.9,,,,,,,41.367,1009.4,7.38,129.0,2.661,,,,,,,,,,,,,
EPAA MOBILE,24/09/2023,11:59:57.180000,4.78,,,4.86,,,90.06,,,,,,0.129,,,,,201.7,,,,,,,41.827,1009.2,5.95,133.45,2.912,,,,,,,,,,,,,
EPAA MOBILE,24/09/2023,12:59:57.175000,7.49,,,4.84,,,91.91,,,,,,0.154,,,,,220.4,,,,,,,42.164,1008.7,5.66,122.83,2.557,,,,,,,,,,,,,
EPAA MOBILE,24/09/2023,13:59:57.170000,9.28,,,4.98,,,93.77,,,,,,0.31,,,,,221.7,,,,,,,42.491,1008.2,5.63,108.82,1.837,,,,,,,,,,,,,
EPAA MOBILE,24/09/2023,14:59:57.165000,9.49,,,5.95,,,103.73,,,,,,0.516,,,,,197.8,,,,,,,42.26,1007.9,10.48,320.63,0.616,,,,,,,,,,,,,
EPAA MOBILE,24/09/2023,15:59:57.160000,7.01,,,6.74,,,116.59,,,,,,0.348,,,,,202.7,,,,,,,40.461,1007.8,35.36,4.78,2.286,,,,,,,,,,,,,
EPAA MOBILE,24/09/2023,16:59:57.155000,7.12,,,6.92,,,117.87,,,,,,1.066,,,,,216.1,,,,,,,40.18,1007.9,29.76,3.84,1.896,,,,,,,,,,,,,
EPAA MOBILE,24/09/2023,17:59:57.150000,8.24,,,7.88,,,105.53,,,,,,1.17,,,,,191.5,,,,,,,39.922,1008.1,25.8,9.43,1.761,,,,,,,,,,,,,
EPAA MOBILE,24/09/2023,18:59:57.145000,9.22,,,10.08,,,81.8,,,,,,0.711,,,,,176.2,,,,,,,39.382,1008.2,29.7,9.13,1.619,,,,,,,,,,,,,
EPAA MOBILE,24/09/2023,19:59:57.140000,9.56,,,14.9,,,49.8,,,,,,0.481,,,,,163.4,,,,,,,39.168,1008.4,28.57,8.71,1.427,,,,,,,,,,,,,
EPAA MOBILE,24/09/2023,20:59:57.135000,9.34,,,18.97,,,30.3,,,,,,0.845,,,,,161.8,,,,,,,39.022,1008.5,29.03,12.65,1.178,,,,,,,,,,,,,
EPAA MOBILE,24/09/2023,21:59:57.130000,11.65,,,25.55,,,9.91,,,,,,1.52,,,,,171.2,,,,,,,38.812,1008.5,28.67,73.82,1.178,,,,,,,,,,,,,
EPAA MOBILE,24/09/2023,22:59:57.125000,14.17,,,25.0,,,6.81,,,,,,1.21,,,,,171.3,,,,,,,38.293,1008.4,34.12,74.74,1.564,,,,,,,,,,,,,
EPAA MOBILE,24/09/2023,23:59:57.120000,10.74,,,20.07,,,11.13,,,,,,1.184,,,,,165.5,,,,,,,37.831,1008.4,36.27,79.89,1.539,,,,,,,,,,,,,
EPAA MOBILE,25/09/2023,00:59:57.115000,8.53,,,20.43,,,7.55,,,,,,0.083,,,,,153.8,,,,,,,37.897,1008.2,19.29,92.63,1.366,,,,,,,,,,,,,
EPAA MOBILE,25/09/2023,01:59:57.110000,13.99,,,24.52,,,2.97,,,,,,0.029,,,,,136.3,,,,,,,37.657,1008.0,16.69,101.66,1.224,,,,,,,,,,,,,
EPAA MOBILE,25/09/2023,02:59:57.105000,12.56,,,23.5,,,2.67,,,,,,0.204,,,,,135.0,,,,,,,37.361,1007.8,15.44,99.16,1.195,,,,,,,,,,,,,
EPAA MOBILE,25/09/2023,03:59:57.100000,10.46,,,23.42,,,2.85,,,,,,0.214,,,,,128.3,,,,,,,37.28,1008.0,12.78,116.39,1.206,,,,,,,,,,,,,
EPAA MOBILE,25/09/2023,04:59:57.095000,16.48,,,23.02,,,2.87,,,,,,0.21,,,,,119.4,,,,,,,37.097,1008.2,12.43,75.04,0.607,,,,,,,,,,,,,
EPAA MOBILE,25/09/2023,05:59:57.090000,16.17,,,21.77,,,2.97,,,,,,0.401,,,,,107.8,,,,,,,37.026,1008.5,10.69,22.68,0.982,,,,,,,,,,,,,
EPAA MOBILE,25/09/2023,06:59:57.085000,14.52,,,24.86,,,3.2,,,,,,0.186,,,,,112.7,,,,,,,37.309,1008.7,11.44,55.13,0.931,,,,,,,,,,,,,
EPAA MOBILE,25/09/2023,07:59:57.080000,15.97,,,26.47,,,3.69,,,,,,1.197,,,,,149.1,,,,,,,37.781,1009.1,11.75,96.89,1.303,,,,,,,,,,,,,
EPAA MOBILE,25/09/2023,08:59:57.075000,10.31,,,20.41,,,12.89,,,,,,0.535,,,,,182.8,,,,,,,38.631,1009.2,14.3,145.77,1.603,,,,,,,,,,,,,
EPAA MOBILE,25/09/2023,09:59:57.070000,6.96,,,8.57,,,38.48,,,,,,0.094,,,,,183.9,,,,,,,39.174,1009.1,23.11,160.18,2.499,,,,,,,,,,,,,
EPAA MOBILE,25/09/2023,10:59:57.065000,7.05,,,9.12,,,49.06,,,,,,0.75,,,,,194.8,,,,,,,40.199,1008.9,23.3,177.85,2.218,,,,,,,,,,,,,
EPAA MOBILE,25/09/2023,11:59:57.060000,7.44,,,8.69,,,61.59,,,,,,1.156,,,,,201.0,,,,,,,40.792,1008.5,22.31,198.51,1.728,,,,,,,,,,,,,
EPAA MOBILE,25/09/2023,12:59:57.055000,5.82,,,9.74,,,59.4,,,,,,0.455,,,,,208.4,,,,,,,39.884,1008.1,34.55,308.91,2.581,,,,,,,,,,,,,
EPAA MOBILE,25/09/2023,13:59:57.050000,6.61,,,8.83,,,79.24,,,,,,0.22,,,,,212.7,,,,,,,39.698,1007.8,37.79,302.41,2.663,,,,,,,,,,,,,
EPAA MOBILE,25/09/2023,14:59:57.045000,8.32,,,9.08,,,71.0,,,,,,0.663,,,,,219.0,,,,,,,39.404,1007.5,40.85,303.12,2.779,,,,,,,,,,,,,
EPAA MOBILE,25/09/2023,15:59:57.040000,11.69,,,7.9,,,74.64,,,,,,0.234,,,,,219.2,,,,,,,39.467,1007.4,39.1,316.95,2.211,,,,,,,,,,,,,
EPAA MOBILE,25/09/2023,16:59:57.035000,10.62,,,8.58,,,76.63,,,,,,0.162,,,,,196.7,,,,,,,39.266,1007.3,39.08,325.4,2.061,,,,,,,,,,,,,
EPAA MOBILE,25/09/2023,17:59:57.030000,10.23,,,10.31,,,72.18,,,,,,0.076,,,,,186.7,,,,,,,39.083,1007.4,39.63,5.43,1.638,,,,,,,,,,,,,
EPAA MOBILE,25/09/2023,18:59:57.025000,11.91,,,11.95,,,75.57,,,,,,0.863,,,,,164.6,,,,,,,39.106,1007.6,33.09,17.71,1.323,,,,,,,,,,,,,
EPAA MOBILE,25/09/2023,19:59:57.020000,12.53,,,13.31,,,58.93,,,,,,0.646,,,,,164.3,,,,,,,39.143,1007.9,33.78,6.02,1.0,,,,,,,,,,,,,
EPAA MOBILE,25/09/2023,20:59:57.015000,10.95,,,20.62,,,22.15,,,,,,0.223,,,,,161.0,,,,,,,39.028,1008.2,32.98,5.94,0.999,,,,,,,,,,,,,
EPAA MOBILE,25/09/2023,21:59:57.010000,10.6,,,24.32,,,10.14,,,,,,0.86,,,,,179.1,,,,,,,38.933,1008.2,33.15,16.23,0.714,,,,,,,,,,,,,
EPAA MOBILE,25/09/2023,22:59:57.005000,12.81,,,26.01,,,4.33,,,,,,1.313,,,,,188.5,,,,,,,38.62,1008.0,33.84,217.09,0.463,,,,,,,,,,,,,
EPAA MOBILE,25/09/2023,23:59:57,12.22,,,27.55,,,3.42,,,,,,2.284,,,,,209.1,,,,,,,38.268,1007.8,35.94,77.96,1.078,,,,,,,,,,,,,
EPAA MOBILE,26/09/2023,00:59:56.995000,10.7,,,24.0,,,4.15,,,,,,1.605,,,,,207.9,,,,,,,37.843,1007.9,28.61,71.57,1.729,,,,,,,,,,,,,
EPAA MOBILE,26/09/2023,01:59:56.990000,7.66,,,19.51,,,5.09,,,,,,1.125,,,,,179.2,,,,,,,37.665,1007.8,20.93,75.66,1.515,,,,,,,,,,,,,
EPAA MOBILE,26/09/2023,02:59:56.985000,9.9,,,20.78,,,2.93,,,,,,0.674,,,,,163.0,,,,,,,37.479,1007.7,19.46,76.79,1.489,,,,,,,,,,,,,
EPAA MOBILE,26/09/2023,03:59:56.980000,7.65,,,19.32,,,7.09,,,,,,0.336,,,,,152.8,,,,,,,37.332,1007.7,19.88,82.94,1.551,,,,,,,,,,,,,
EPAA MOBILE,26/09/2023,04:59:56.975000,18.27,,,21.74,,,5.48,,,,,,0.172,,,,,134.5,,,,,,,37.182,1007.8,19.51,96.96,1.509,,,,,,,,,,,,,
EPAA MOBILE,26/09/2023,05:59:56.970000,51.2,,,24.07,,,3.57,,,,,,0.115,,,,,116.5,,,,,,,37.093,1007.9,19.95,97.63,1.42,,,,,,,,,,,,,
EPAA MOBILE,26/09/2023,06:59:56.965000,21.16,,,22.5,,,3.66,,,,,,0.037,,,,,118.7,,,,,,,37.031,1008.2,19.78,100.46,1.431,,,,,,,,,,,,,
EPAA MOBILE,26/09/2023,07:59:56.960000,28.72,,,23.91,,,4.44,,,,,,0.288,,,,,135.2,,,,,,,37.727,1008.5,18.13,114.72,1.459,,,,,,,,,,,,,
EPAA MOBILE,26/09/2023,08:59:56.955000,12.98,,,19.47,,,19.44,,,,,,0.442,,,,,166.2,,,,,,,39.29,1008.8,13.74,103.66,1.441,,,,,,,,,,,,,
EPAA MOBILE,26/09/2023,09:59:56.950000,9.96,,,13.48,,,46.8,,,,,,0.325,,,,,169.1,,,,,,,40.35,1009.0,11.95,87.64,1.224,,,,,,,,,,,,,
EPAA MOBILE,26/09/2023,10:59:56.945000,8.8,,,9.78,,,72.41,,,,,,0.191,,,,,162.1,,,,,,,41.213,1008.9,13.43,160.98,0.935,,,,,,,,,,,,,
EPAA MOBILE,26/09/2023,11:59:56.940000,7.91,,,7.09,,,91.51,,,,,,0.265,,,,,151.2,,,,,,,41.555,1008.6,12.48,152.21,1.788,,,,,,,,,,,,,
EPAA MOBILE,26/09/2023,12:59:56.935000,9.67,,,11.68,,,98.61,,,,,,0.383,,,,,143.2,,,,,,,41.405,1008.2,15.95,276.83,0.877,,,,,,,,,,,,,
EPAA MOBILE,26/09/2023,13:59:56.930000,11.66,,,15.44,,,119.16,,,,,,0.426,,,,,153.0,,,,,,,40.603,1008.0,25.52,322.33,2.219,,,,,,,,,,,,,
EPAA MOBILE,26/09/2023,14:59:56.925000,5.87,,,10.43,,,110.02,,,,,,1.207,,,,,164.5,,,,,,,40.081,1007.9,39.65,358.65,2.081,,,,,,,,,,,,,
EPAA MOBILE,26/09/2023,15:59:56.920000,7.54,,,9.81,,,139.2,,,,,,0.775,,,,,154.1,,,,,,,39.984,1007.8,34.81,350.83,2.118,,,,,,,,,,,,,
EPAA MOBILE,26/09/2023,16:59:56.915000,8.26,,,10.86,,,144.49,,,,,,0.903,,,,,147.0,,,,,,,40.364,1008.0,25.73,346.24,1.841,,,,,,,,,,,,,
EPAA MOBILE,26/09/2023,17:59:56.910000,8.02,,,10.73,,,117.79,,,,,,0.753,,,,,145.8,,,,,,,40.149,1008.1,27.22,4.53,1.605,,,,,,,,,,,,,
EPAA MOBILE,26/09/2023,18:59:56.905000,9.77,,,13.58,,,54.12,,,,,,0.462,,,,,145.3,,,,,,,40.196,1008.4,9.32,76.67,1.55,,,,,,,,,,,,,
EPAA MOBILE,26/09/2023,19:59:56.900000,9.35,,,19.22,,,27.04,,,,,,0.168,,,,,128.3,,,,,,,39.76,1008.7,6.7,79.33,1.483,,,,,,,,,,,,,
EPAA MOBILE,26/09/2023,20:59:56.895000,8.84,,,24.37,,,14.12,,,,,,0.247,,,,,123.8,,,,,,,39.218,1009.0,6.31,93.18,1.44,,,,,,,,,,,,,
EPAA MOBILE,26/09/2023,21:59:56.890000,8.93,,,28.14,,,4.53,,,,,,0.332,,,,,115.6,,,,,,,38.845,1009.1,6.1,93.61,1.456,,,,,,,,,,,,,
EPAA MOBILE,26/09/2023,22:59:56.885000,11.51,,,27.14,,,8.6,,,,,,0.24,,,,,109.1,,,,,,,38.489,1009.2,6.06,92.34,1.437,,,,,,,,,,,,,
EPAA MOBILE,26/09/2023,23:59:56.880000,11.12,,,50.91,,,3.27,,,,,,0.151,,,,,103.1,,,,,,,38.129,1009.1,6.46,90.55,1.356,,,,,,,,,,,,,
EPAA MOBILE,27/09/2023,00:59:56.875000,12.01,,,40.22,,,3.47,,,,,,0.083,,,,,94.5,,,,,,,37.989,1009.0,6.83,69.29,1.318,,,,,,,,,,,,,
EPAA MOBILE,27/09/2023,01:59:56.870000,16.15,,,27.09,,,2.72,,,,,,0.229,,,,,100.4,,,,,,,37.739,1009.0,7.76,62.07,1.565,,,,,,,,,,,,,
EPAA MOBILE,27/09/2023,02:59:56.865000,15.17,,,26.69,,,4.28,,,,,,0.273,,,,,95.0,,,,,,,37.318,1009.0,9.9,84.99,1.496,,,,,,,,,,,,,
EPAA MOBILE,27/09/2023,03:59:56.860000,35.6,,,23.58,,,5.39,,,,,,0.561,,,,,85.4,,,,,,,36.948,1009.1,12.59,83.64,1.455,,,,,,,,,,,,,
EPAA MOBILE,27/09/2023,04:59:56.855000,15.4,,,24.32,,,2.77,,,,,,0.644,,,,,75.0,,,,,,,36.869,1009.3,16.4,67.64,1.408,,,,,,,,,,,,,
EPAA MOBILE,27/09/2023,05:59:56.850000,13.84,,,24.14,,,2.86,,,,,,0.712,,,,,76.2,,,,,,,36.647,1009.5,20.72,73.01,1.259,,,,,,,,,,,,,
EPAA MOBILE,27/09/2023,06:59:56.845000,14.97,,,22.99,,,3.77,,,,,,0.293,,,,,85.6,,,,,,,36.52,1009.9,22.72,136.27,1.674,,,,,,,,,,,,,
EPAA MOBILE,27/09/2023,07:59:56.840000,9.66,,,19.48,,,14.15,,,,,,0.372,,,,,94.4,,,,,,,37.762,1010.2,23.56,151.41,2.477,,,,,,,,,,,,,
EPAA MOBILE,27/09/2023,08:59:56.835000,8.68,,,9.28,,,38.06,,,,,,0.309,,,,,124.8,,,,,,,37.622,1010.5,33.67,152.25,2.737,,,,,,,,,,,,,
EPAA MOBILE,27/09/2023,09:59:56.830000,7.55,,,6.59,,,47.62,,,,,,0.136,,,,,134.4,,,,,,,38.249,1010.5,33.35,159.42,2.596,,,,,,,,,,,,,
EPAA MOBILE,27/09/2023,10:59:56.825000,7.21,,,6.46,,,54.53,,,,,,0.586,,,,,137.3,,,,,,,39.442,1010.4,26.93,167.54,2.398,,,,,,,,,,,,,
EPAA MOBILE,27/09/2023,11:59:56.820000,7.43,,,5.46,,,72.99,,,,,,0.527,,,,,139.1,,,,,,,40.508,1010.1,19.89,156.94,1.92,,,,,,,,,,,,,
EPAA MOBILE,27/09/2023,12:59:56.815000,7.2,,,5.1,,,90.2,,,,,,0.051,,,,,135.5,,,,,,,41.185,1009.7,14.28,175.41,1.533,,,,,,,,,,,,,
EPAA MOBILE,27/09/2023,13:59:56.810000,9.16,,,6.84,,,90.18,,,,,,0.027,,,,,136.6,,,,,,,41.223,1009.3,18.81,265.55,0.952,,,,,,,,,,,,,
EPAA MOBILE,27/09/2023,14:59:56.805000,7.02,,,7.77,,,102.32,,,,,,0.154,,,,,148.7,,,,,,,40.111,1009.0,31.37,308.5,2.601,,,,,,,,,,,,,
EPAA MOBILE,27/09/2023,15:59:56.800000,6.94,,,8.12,,,107.94,,,,,,0.165,,,,,152.5,,,,,,,39.656,1008.9,34.89,307.74,2.753,,,,,,,,,,,,,
EPAA MOBILE,27/09/2023,16:59:56.795000,5.66,,,7.32,,,106.37,,,,,,0.377,,,,,174.3,,,,,,,39.184,1009.2,40.98,355.29,2.045,,,,,,,,,,,,,
EPAA MOBILE,27/09/2023,17:59:56.790000,6.88,,,9.08,,,81.78,,,,,,0.545,,,,,181.9,,,,,,,39.083,1009.2,38.88,357.55,1.748,,,,,,,,,,,,,
EPAA MOBILE,27/09/2023,18:59:56.785000,7.27,,,10.21,,,71.32,,,,,,1.314,,,,,176.6,,,,,,,38.546,1009.4,46.6,16.17,1.705,,,,,,,,,,,,,
EPAA MOBILE,27/09/2023,19:59:56.780000,7.26,,,10.74,,,65.93,,,,,,1.261,,,,,170.9,,,,,,,38.34,1009.6,49.54,27.44,1.328,,,,,,,,,,,,,
EPAA MOBILE,27/09/2023,20:59:56.775000,5.47,,,10.46,,,61.32,,,,,,0.656,,,,,164.0,,,,,,,38.076,1009.8,51.15,62.25,1.365,,,,,,,,,,,,,
EPAA MOBILE,27/09/2023,21:59:56.770000,6.26,,,12.13,,,48.18,,,,,,0.669,,,,,146.0,,,,,,,38.02,1010.0,47.8,70.92,1.268,,,,,,,,,,,,,
EPAA MOBILE,27/09/2023,22:59:56.765000,7.33,,,16.98,,,18.17,,,,,,1.105,,,,,136.7,,,,,,,37.919,1009.9,45.62,96.37,1.312,,,,,,,,,,,,,
EPAA MOBILE,27/09/2023,23:59:56.760000,8.56,,,44.26,,,4.86,,,,,,1.358,,,,,136.5,,,,,,,37.706,1009.8,44.51,85.49,1.184,,,,,,,,,,,,,
EPAA MOBILE,28/09/2023,00:59:56.755000,9.06,,,29.62,,,4.32,,,,,,0.48,,,,,132.9,,,,,,,37.535,1009.6,41.68,91.58,1.143,,,,,,,,,,,,,
EPAA MOBILE,28/09/2023,01:59:56.750000,11.75,,,28.56,,,3.22,,,,,,0.181,,,,,121.1,,,,,,,37.201,1009.5,41.17,108.21,1.315,,,,,,,,,,,,,
EPAA MOBILE,28/09/2023,02:59:56.745000,21.72,,,24.76,,,2.75,,,,,,0.493,,,,,130.5,,,,,,,37.125,1009.3,40.32,94.49,1.191,,,,,,,,,,,,,
EPAA MOBILE,28/09/2023,03:59:56.740000,43.23,,,26.12,,,3.33,,,,,,0.482,,,,,133.4,,,,,,,36.69,1009.3,40.12,122.2,1.63,,,,,,,,,,,,,
EPAA MOBILE,28/09/2023,04:59:56.735000,17.3,,,19.74,,,3.47,,,,,,0.104,,,,,137.1,,,,,,,36.639,1009.6,32.77,134.69,2.138,,,,,,,,,,,,,
EPAA MOBILE,28/09/2023,05:59:56.730000,11.13,,,16.35,,,7.12,,,,,,0.075,,,,,139.4,,,,,,,36.783,1009.9,29.01,163.28,2.193,,,,,,,,,,,,,
EPAA MOBILE,28/09/2023,06:59:56.725000,10.93,,,15.15,,,10.57,,,,,,0.271,,,,,122.8,,,,,,,37.089,1010.2,22.43,175.88,2.258,,,,,,,,,,,,,
EPAA MOBILE,28/09/2023,07:59:56.720000,11.46,,,11.28,,,19.97,,,,,,0.076,,,,,121.7,,,,,,,37.125,1010.6,21.49,177.12,2.524,,,,,,,,,,,,,
EPAA MOBILE,28/09/2023,08:59:56.715000,10.0,,,9.38,,,27.94,,,,,,0.152,,,,,148.4,,,,,,,37.732,1010.9,19.92,177.34,2.511,,,,,,,,,,,,,
EPAA MOBILE,28/09/2023,09:59:56.710000,7.98,,,8.29,,,38.72,,,,,,0.368,,,,,185.9,,,,,,,38.64,1011.0,17.48,183.73,2.679,,,,,,,,,,,,,
EPAA MOBILE,28/09/2023,10:59:56.705000,7.65,,,10.02,,,41.52,,,,,,0.178,,,,,249.7,,,,,,,39.381,1010.9,15.57,187.4,2.702,,,,,,,,,,,,,
EPAA MOBILE,28/09/2023,11:59:56.700000,7.2,,,8.63,,,52.34,,,,,,0.116,,,,,286.3,,,,,,,40.099,1010.7,13.97,207.37,2.631,,,,,,,,,,,,,
EPAA MOBILE,28/09/2023,12:59:56.695000,8.24,,,9.88,,,67.93,,,,,,0.08,,,,,283.6,,,,,,,40.614,1010.2,13.68,234.42,2.291,,,,,,,,,,,,,
EPAA MOBILE,28/09/2023,13:59:56.690000,9.66,,,11.4,,,69.81,,,,,,0.119,,,,,256.0,,,,,,,40.487,1009.8,18.3,278.88,2.685,,,,,,,,,,,,,
EPAA MOBILE,28/09/2023,14:59:56.685000,8.59,,,12.24,,,66.85,,,,,,0.407,,,,,261.5,,,,,,,39.885,1009.5,27.27,292.01,2.975,,,,,,,,,,,,,
EPAA MOBILE,28/09/2023,15:59:56.680000,6.49,,,5.39,,,95.14,,,,,,0.151,,,,,239.5,,,,,,,39.025,1009.3,38.02,298.25,3.164,,,,,,,,,,,,,
EPAA MOBILE,28/09/2023,16:59:56.675000,6.29,,,5.21,,,100.12,,,,,,0.69,,,,,235.0,,,,,,,38.431,1009.3,44.8,300.65,2.983,,,,,,,,,,,,,
EPAA MOBILE,28/09/2023,17:59:56.670000,7.41,,,6.23,,,89.88,,,,,,0.876,,,,,204.3,,,,,,,38.147,1009.3,48.82,301.82,2.616,,,,,,,,,,,,,
EPAA MOBILE,28/09/2023,18:59:56.665000,6.98,,,6.19,,,104.83,,,,,,1.358,,,,,190.5,,,,,,,37.73,1009.5,57.54,309.5,2.269,,,,,,,,,,,,,
EPAA MOBILE,28/09/2023,19:59:56.660000,6.68,,,5.71,,,119.14,,,,,,1.557,,,,,179.4,,,,,,,37.583,1009.8,62.77,311.06,1.869,,,,,,,,,,,,,
EPAA MOBILE,28/09/2023,20:59:56.655000,6.25,,,5.59,,,115.41,,,,,,1.432,,,,,150.5,,,,,,,37.31,1010.0,68.6,301.14,1.783,,,,,,,,,,,,,
EPAA MOBILE,28/09/2023,21:59:56.650000,6.13,,,5.63,,,109.35,,,,,,1.567,,,,,145.5,,,,,,,37.201,1010.0,70.9,304.79,1.591,,,,,,,,,,,,,
EPAA MOBILE,28/09/2023,22:59:56.645000,7.74,,,7.26,,,97.66,,,,,,2.175,,,,,135.7,,,,,,,37.024,1009.9,73.15,288.57,1.586,,,,,,,,,,,,,
EPAA MOBILE,28/09/2023,23:59:56.640000,7.63,,,5.86,,,95.55,,,,,,2.235,,,,,121.3,,,,,,,37.011,1009.7,74.36,302.36,1.211,,,,,,,,,,,,,
EPAA MOBILE,29/09/2023,00:59:56.635000,3.6,,,8.31,,,55.62,,,,,,1.225,,,,,120.0,,,,,,,36.793,1009.7,75.64,6.74,0.496,,,,,,,,,,,,,
EPAA MOBILE,29/09/2023,01:59:56.630000,3.65,,,17.48,,,8.05,,,,,,1.22,,,,,98.3,,,,,,,36.247,1009.5,68.61,120.56,1.646,,,,,,,,,,,,,
EPAA MOBILE,29/09/2023,02:59:56.625000,3.84,,,16.07,,,6.73,,,,,,1.195,,,,,102.2,,,,,,,36.202,1009.5,66.8,128.56,1.707,,,,,,,,,,,,,
EPAA MOBILE,29/09/2023,03:59:56.620000,4.49,,,16.54,,,6.24,,,,,,1.209,,,,,120.7,,,,,,,36.114,1009.5,66.23,119.19,1.569,,,,,,,,,,,,,
EPAA MOBILE,29/09/2023,04:59:56.615000,5.29,,,16.32,,,14.74,,,,,,0.904,,,,,125.8,,,,,,,35.994,1009.6,66.39,117.6,1.555,,,,,,,,,,,,,
EPAA MOBILE,29/09/2023,05:59:56.610000,4.07,,,18.6,,,18.31,,,,,,0.516,,,,,121.7,,,,,,,35.75,1009.8,70.05,130.31,1.72,,,,,,,,,,,,,
EPAA MOBILE,29/09/2023,06:59:56.605000,4.85,,,30.76,,,24.87,,,,,,1.409,,,,,129.0,,,,,,,35.544,1010.0,74.53,133.55,1.551,,,,,,,,,,,,,
EPAA MOBILE,29/09/2023,07:59:56.600000,4.84,,,16.01,,,25.23,,,,,,1.662,,,,,130.9,,,,,,,35.955,1010.2,72.96,148.64,1.589,,,,,,,,,,,,,
EPAA MOBILE,29/09/2023,08:59:56.595000,6.81,,,9.35,,,48.45,,,,,,1.973,,,,,135.6,,,,,,,36.566,1010.4,72.09,156.66,1.744,,,,,,,,,,,,,
EPAA MOBILE,29/09/2023,09:59:56.590000,6.58,,,8.5,,,74.04,,,,,,2.01,,,,,128.3,,,,,,,37.348,1010.5,60.94,184.23,1.445,,,,,,,,,,,,,
EPAA MOBILE,29/09/2023,10:59:56.585000,6.53,,,16.64,,,84.71,,,,,,1.059,,,,,115.1,,,,,,,38.445,1010.5,49.62,256.64,0.89,,,,,,,,,,,,,
EPAA MOBILE,29/09/2023,11:59:56.580000,6.57,,,9.56,,,113.54,,,,,,0.874,,,,,117.3,,,,,,,38.305,1010.3,52.25,298.06,2.636,,,,,,,,,,,,,
EPAA MOBILE,29/09/2023,12:59:56.575000,4.46,,,8.05,,,125.6,,,,,,1.323,,,,,119.0,,,,,,,38.225,1010.0,52.88,284.34,2.626,,,,,,,,,,,,,
EPAA MOBILE,29/09/2023,13:59:56.570000,4.95,,,5.95,,,152.94,,,,,,1.899,,,,,106.5,,,,,,,38.439,1009.6,52.19,302.68,2.373,,,,,,,,,,,,,
EPAA MOBILE,29/09/2023,14:59:56.565000,3.81,,,4.34,,,133.02,,,,,,2.175,,,,,108.8,,,,,,,38.45,1009.4,53.87,303.85,2.388,,,,,,,,,,,,,
EPAA MOBILE,29/09/2023,15:59:56.560000,3.81,,,3.85,,,121.31,,,,,,1.617,,,,,99.9,,,,,,,38.429,1009.2,54.79,307.75,2.382,,,,,,,,,,,,,
EPAA MOBILE,29/09/2023,16:59:56.555000,3.56,,,4.19,,,117.4,,,,,,1.724,,,,,98.9,,,,,,,38.117,1009.2,59.27,302.39,2.513,,,,,,,,,,,,,
EPAA MOBILE,29/09/2023,17:59:56.550000,4.28,,,4.58,,,113.86,,,,,,1.78,,,,,94.9,,,,,,,37.829,1009.3,60.54,298.65,2.365,,,,,,,,,,,,,
EPAA MOBILE,29/09/2023,18:59:56.545000,5.38,,,4.75,,,105.68,,,,,,1.907,,,,,90.5,,,,,,,37.535,1009.4,64.88,310.59,2.085,,,,,,,,,,,,,
EPAA MOBILE,29/09/2023,19:59:56.540000,4.91,,,7.08,,,99.25,,,,,,1.433,,,,,88.6,,,,,,,37.275,1009.6,69.06,308.28,2.03,,,,,,,,,,,,,
EPAA MOBILE,29/09/2023,20:59:56.535000,4.99,,,5.63,,,85.25,,,,,,0.518,,,,,86.2,,,,,,,37.192,1009.9,67.91,310.08,1.596,,,,,,,,,,,,,
EPAA MOBILE,29/09/2023,21:59:56.530000,4.98,,,6.38,,,74.24,,,,,,0.935,,,,,73.2,,,,,,,37.233,1010.1,65.96,330.5,1.253,,,,,,,,,,,,,
EPAA MOBILE,29/09/2023,22:59:56.525000,6.22,,,8.35,,,59.78,,,,,,1.802,,,,,79.3,,,,,,,37.191,1009.9,65.63,352.91,1.055,,,,,,,,,,,,,
EPAA MOBILE,29/09/2023,23:59:56.520000,6.16,,,12.48,,,36.33,,,,,,2.032,,,,,72.9,,,,,,,36.925,1009.8,68.96,79.41,1.441,,,,,,,,,,,,,
EPAA MOBILE,30/09/2023,00:59:56.515000,5.52,,,11.19,,,48.75,,,,,,1.084,,,,,92.0,,,,,,,36.478,1009.6,73.98,90.9,1.422,,,,,,,,,,,,,
EPAA MOBILE,30/09/2023,01:59:56.510000,5.22,,,14.6,,,29.31,,,,,,1.052,,,,,96.3,,,,,,,36.197,1009.4,76.58,95.46,1.403,,,,,,,,,,,,,
EPAA MOBILE,30/09/2023,02:59:56.505000,5.74,,,13.97,,,24.54,,,,,,1.116,,,,,89.1,,,,,,,36.032,1009.3,78.54,76.94,1.106,,,,,,,,,,,,,
EPAA MOBILE,30/09/2023,03:59:56.500000,5.87,,,16.06,,,10.07,,,,,,1.467,,,,,83.1,,,,,,,35.838,1009.4,79.85,87.75,1.288,,,,,,,,,,,,,
EPAA MOBILE,30/09/2023,04:59:56.495000,4.76,,,15.99,,,8.23,,,,,,1.437,,,,,82.0,,,,,,,35.468,1009.5,82.15,90.08,1.295,,,,,,,,,,,,,
EPAA MOBILE,30/09/2023,05:59:56.490000,4.18,,,15.3,,,11.15,,,,,,1.062,,,,,89.2,,,,,,,35.505,1009.8,82.96,51.91,0.998,,,,,,,,,,,,,
EPAA MOBILE,30/09/2023,06:59:56.485000,4.43,,,15.69,,,5.75,,,,,,2.012,,,,,87.5,,,,,,,35.603,1010.1,83.08,35.51,0.82,,,,,,,,,,,,,
EPAA MOBILE,30/09/2023,07:59:56.480000,5.54,,,11.74,,,26.69,,,,,,1.922,,,,,92.3,,,,,,,36.159,1010.3,82.74,22.37,1.251,,,,,,,,,,,,,
EPAA MOBILE,30/09/2023,08:59:56.475000,5.31,,,7.17,,,44.8,,,,,,2.143,,,,,108.6,,,,,,,36.577,1010.7,79.12,28.9,1.585,,,,,,,,,,,,,
EPAA MOBILE,30/09/2023,09:59:56.470000,5.36,,,7.77,,,58.31,,,,,,2.072,,,,,80.2,,,,,,,37.383,1010.8,66.83,6.2,1.479,,,,,,,,,,,,,
EPAA MOBILE,30/09/2023,10:59:56.465000,4.69,,,6.85,,,92.31,,,,,,1.221,,,,,81.8,,,,,,,38.284,1010.8,54.0,335.22,0.821,,,,,,,,,,,,,
EPAA MOBILE,30/09/2023,11:59:56.460000,4.99,,,7.57,,,124.16,,,,,,0.838,,,,,74.7,,,,,,,39.176,1010.5,42.48,337.03,1.272,,,,,,,,,,,,,
EPAA MOBILE,30/09/2023,12:59:56.455000,4.31,,,7.31,,,120.69,,,,,,1.171,,,,,82.1,,,,,,,39.17,1010.0,42.01,342.7,1.913,,,,,,,,,,,,,
EPAA MOBILE,30/09/2023,13:59:56.450000,4.88,,,6.02,,,119.17,,,,,,1.793,,,,,86.0,,,,,,,39.18,1009.6,40.49,352.18,2.045,,,,,,,,,,,,,
EPAA MOBILE,30/09/2023,14:59:56.445000,5.0,,,5.15,,,112.81,,,,,,1.843,,,,,87.8,,,,,,,38.919,1009.3,44.83,333.67,2.264,,,,,,,,,,,,,
EPAA MOBILE,30/09/2023,15:59:56.440000,6.49,,,4.76,,,111.01,,,,,,1.268,,,,,84.1,,,,,,,38.925,1009.1,41.99,0.74,2.209,,,,,,,,,,,,,
EPAA MOBILE,30/09/2023,16:59:56.435000,15.75,,,7.55,,,98.17,,,,,,0.633,,,,,84.8,,,,,,,39.024,1009.2,32.81,357.15,2.019,,,,,,,,,,,,,
EPAA MOBILE,30/09/2023,17:59:56.430000,14.53,,,8.78,,,82.35,,,,,,1.012,,,,,76.6,,,,,,,38.828,1009.3,35.89,357.15,1.865,,,,,,,,,,,,,
EPAA MOBILE,30/09/2023,18:59:56.425000,7.62,,,9.09,,,73.08,,,,,,0.979,,,,,80.0,,,,,,,38.166,1009.5,48.03,3.69,1.802,,,,,,,,,,,,,
EPAA MOBILE,30/09/2023,19:59:56.420000,7.39,,,11.44,,,56.18,,,,,,0.882,,,,,88.1,,,,,,,37.841,1009.7,49.79,13.11,1.618,,,,,,,,,,,,,
EPAA MOBILE,30/09/2023,20:59:56.415000,8.61,,,14.01,,,44.59,,,,,,0.111,,,,,79.6,,,,,,,37.919,1010.0,45.46,354.74,1.24,,,,,,,,,,,,,
EPAA MOBILE,30/09/2023,21:59:56.410000,8.38,,,14.33,,,33.86,,,,,,0.403,,,,,76.9,,,,,,,37.831,1010.1,47.23,13.17,1.386,,,,,,,,,,,,,
EPAA MOBILE,30/09/2023,22:59:56.405000,6.13,,,12.18,,,35.79,,,,,,0.913,,,,,80.7,,,,,,,37.63,1010.0,52.5,359.71,1.476,,,,,,,,,,,,,
