Station Name,Date,vlookup
AL Maqtaa,01/01/2023,AL Ma01012023
AL Maqtaa,01/02/2023,AL Ma01022023
AL Maqtaa,01/03/2023,AL Ma01032023
AL Maqtaa,01/04/2023,AL Ma01042023
AL Maqtaa,01/05/2023,AL Ma01052023
AL Maqtaa,01/06/2023,AL Ma01062023
AL Maqtaa,01/07/2023,AL Ma01072023
AL Maqtaa,01/08/2023,AL Ma01082023
AL Maqtaa,01/09/2023,AL Ma01092023
AL Maqtaa,01/10/2023,AL Ma01102023
AL Maqtaa,01/11/2023,AL Ma01112023
AL Maqtaa,01/12/2023,AL Ma01122023
AL Maqtaa,02/01/2023,AL Ma02012023
AL Maqtaa,02/02/2023,AL Ma02022023
AL Maqtaa,02/03/2023,AL Ma02032023
AL Maqtaa,02/04/2023,AL Ma02042023
AL Maqtaa,02/05/2023,AL Ma02052023
AL Maqtaa,02/06/2023,AL Ma02062023
AL Maqtaa,02/07/2023,AL Ma02072023
AL Maqtaa,02/08/2023,AL Ma02082023
AL Maqtaa,02/09/2023,AL Ma02092023
AL Maqtaa,02/10/2023,AL Ma02102023
AL Maqtaa,02/11/2023,AL Ma02112023
AL Maqtaa,02/12/2023,AL Ma02122023
AL Maqtaa,03/01/2023,AL Ma03012023
AL Maqtaa,03/02/2023,AL Ma03022023
AL Maqtaa,03/03/2023,AL Ma03032023
AL Maqtaa,03/04/2023,AL Ma03042023
AL Maqtaa,03/05/2023,AL Ma03052023
AL Maqtaa,03/06/2023,AL Ma03062023
AL Maqtaa,03/07/2023,AL Ma03072023
AL Maqtaa,03/08/2023,AL Ma03082023
AL Maqtaa,03/09/2023,AL Ma03092023
AL Maqtaa,03/10/2023,AL Ma03102023
AL Maqtaa,03/11/2023,AL Ma03112023
AL Maqtaa,03/12/2023,AL Ma03122023
AL Maqtaa,04/01/2023,AL Ma04012023
AL Maqtaa,04/02/2023,AL Ma04022023
AL Maqtaa,04/03/2023,AL Ma04032023
AL Maqtaa,04/04/2023,AL Ma04042023
AL Maqtaa,04/05/2023,AL Ma04052023
AL Maqtaa,04/06/2023,AL Ma04062023
AL Maqtaa,04/07/2023,AL Ma04072023
AL Maqtaa,04/08/2023,AL Ma04082023
AL Maqtaa,04/09/2023,AL Ma04092023
AL Maqtaa,04/10/2023,AL Ma04102023
AL Maqtaa,04/11/2023,AL Ma04112023
AL Maqtaa,04/12/2023,AL Ma04122023
AL Maqtaa,05/01/2023,AL Ma05012023
AL Maqtaa,05/02/2023,AL Ma05022023
AL Maqtaa,05/03/2023,AL Ma05032023
AL Maqtaa,05/04/2023,AL Ma05042023
AL Maqtaa,05/05/2023,AL Ma05052023
AL Maqtaa,05/06/2023,AL Ma05062023
AL Maqtaa,05/07/2023,AL Ma05072023
AL Maqtaa,05/08/2023,AL Ma05082023
AL Maqtaa,05/09/2023,AL Ma05092023
AL Maqtaa,05/10/2023,AL Ma05102023
AL Maqtaa,05/11/2023,AL Ma05112023
AL Maqtaa,05/12/2023,AL Ma05122023
AL Maqtaa,06/01/2023,AL Ma06012023
AL Maqtaa,06/02/2023,AL Ma06022023
AL Maqtaa,06/03/2023,AL Ma06032023
AL Maqtaa,06/04/2023,AL Ma06042023
AL Maqtaa,06/05/2023,AL Ma06052023
AL Maqtaa,06/06/2023,AL Ma06062023
AL Maqtaa,06/07/2023,AL Ma06072023
AL Maqtaa,06/08/2023,AL Ma06082023
AL Maqtaa,06/09/2023,AL Ma06092023
AL Maqtaa,06/10/2023,AL Ma06102023
AL Maqtaa,06/11/2023,AL Ma06112023
AL Maqtaa,06/12/2023,AL Ma06122023
AL Maqtaa,07/01/2023,AL Ma07012023
AL Maqtaa,07/02/2023,AL Ma07022023
AL Maqtaa,07/03/2023,AL Ma07032023
AL Maqtaa,07/04/2023,AL Ma07042023
AL Maqtaa,07/05/2023,AL Ma07052023
AL Maqtaa,07/06/2023,AL Ma07062023
AL Maqtaa,07/07/2023,AL Ma07072023
AL Maqtaa,07/08/2023,AL Ma07082023
AL Maqtaa,07/09/2023,AL Ma07092023
AL Maqtaa,07/10/2023,AL Ma07102023
AL Maqtaa,07/11/2023,AL Ma07112023
AL Maqtaa,07/12/2023,AL Ma07122023
AL Maqtaa,08/01/2023,AL Ma08012023
AL Maqtaa,08/02/2023,AL Ma08022023
AL Maqtaa,08/03/2023,AL Ma08032023
AL Maqtaa,08/04/2023,AL Ma08042023
AL Maqtaa,08/05/2023,AL Ma08052023
AL Maqtaa,08/06/2023,AL Ma08062023
AL Maqtaa,08/07/2023,AL Ma08072023
AL Maqtaa,08/08/2023,AL Ma08082023
AL Maqtaa,08/09/2023,AL Ma08092023
AL Maqtaa,08/10/2023,AL Ma08102023
AL Maqtaa,08/11/2023,AL Ma08112023
AL Maqtaa,08/12/2023,AL Ma08122023
AL Maqtaa,09/01/2023,AL Ma09012023
AL Maqtaa,09/02/2023,AL Ma09022023
AL Maqtaa,09/03/2023,AL Ma09032023
AL Maqtaa,09/04/2023,AL Ma09042023
AL Maqtaa,09/05/2023,AL Ma09052023
AL Maqtaa,09/06/2023,AL Ma09062023
AL Maqtaa,09/07/2023,AL Ma09072023
AL Maqtaa,09/08/2023,AL Ma09082023
AL Maqtaa,09/09/2023,AL Ma09092023
AL Maqtaa,09/10/2023,AL Ma09102023
AL Maqtaa,09/11/2023,AL Ma09112023
AL Maqtaa,09/12/2023,AL Ma09122023
AL Maqtaa,10/01/2023,AL Ma10012023
AL Maqtaa,10/02/2023,AL Ma10022023
AL Maqtaa,10/03/2023,AL Ma10032023
AL Maqtaa,10/04/2023,AL Ma10042023
AL Maqtaa,10/05/2023,AL Ma10052023
AL Maqtaa,10/06/2023,AL Ma10062023
AL Maqtaa,10/07/2023,AL Ma10072023
AL Maqtaa,10/08/2023,AL Ma10082023
AL Maqtaa,10/09/2023,AL Ma10092023
AL Maqtaa,10/10/2023,AL Ma10102023
AL Maqtaa,10/11/2023,AL Ma10112023
AL Maqtaa,10/12/2023,AL Ma10122023
AL Maqtaa,11/01/2023,AL Ma11012023
AL Maqtaa,11/02/2023,AL Ma11022023
AL Maqtaa,11/03/2023,AL Ma11032023
AL Maqtaa,11/04/2023,AL Ma11042023
AL Maqtaa,11/05/2023,AL Ma11052023
AL Maqtaa,11/06/2023,AL Ma11062023
AL Maqtaa,11/07/2023,AL Ma11072023
AL Maqtaa,11/08/2023,AL Ma11082023
AL Maqtaa,11/09/2023,AL Ma11092023
AL Maqtaa,11/10/2023,AL Ma11102023
AL Maqtaa,11/11/2023,AL Ma11112023
AL Maqtaa,11/12/2023,AL Ma11122023
AL Maqtaa,12/01/2023,AL Ma12012023
AL Maqtaa,12/02/2023,AL Ma12022023
AL Maqtaa,12/03/2023,AL Ma12032023
AL Maqtaa,12/04/2023,AL Ma12042023
AL Maqtaa,12/05/2023,AL Ma12052023
AL Maqtaa,12/06/2023,AL Ma12062023
AL Maqtaa,12/07/2023,AL Ma12072023
AL Maqtaa,12/08/2023,AL Ma12082023
AL Maqtaa,12/09/2023,AL Ma12092023
AL Maqtaa,12/10/2023,AL Ma12102023
AL Maqtaa,12/11/2023,AL Ma12112023
AL Maqtaa,12/12/2023,AL Ma12122023
AL Maqtaa,13/01/2023,AL Ma13012023
AL Maqtaa,13/02/2023,AL Ma13022023
AL Maqtaa,13/03/2023,AL Ma13032023
AL Maqtaa,13/04/2023,AL Ma13042023
AL Maqtaa,13/05/2023,AL Ma13052023
AL Maqtaa,13/06/2023,AL Ma13062023
AL Maqtaa,13/07/2023,AL Ma13072023
AL Maqtaa,13/08/2023,AL Ma13082023
AL Maqtaa,13/09/2023,AL Ma13092023
AL Maqtaa,13/10/2023,AL Ma13102023
AL Maqtaa,13/11/2023,AL Ma13112023
AL Maqtaa,13/12/2023,AL Ma13122023
AL Maqtaa,14/01/2023,AL Ma14012023
AL Maqtaa,14/02/2023,AL Ma14022023
AL Maqtaa,14/03/2023,AL Ma14032023
AL Maqtaa,14/04/2023,AL Ma14042023
AL Maqtaa,14/05/2023,AL Ma14052023
AL Maqtaa,14/06/2023,AL Ma14062023
AL Maqtaa,14/07/2023,AL Ma14072023
AL Maqtaa,14/08/2023,AL Ma14082023
AL Maqtaa,14/09/2023,AL Ma14092023
AL Maqtaa,14/10/2023,AL Ma14102023
AL Maqtaa,14/11/2023,AL Ma14112023
AL Maqtaa,14/12/2023,AL Ma14122023
AL Maqtaa,15/01/2023,AL Ma15012023
AL Maqtaa,15/02/2023,AL Ma15022023
AL Maqtaa,15/03/2023,AL Ma15032023
AL Maqtaa,15/04/2023,AL Ma15042023
AL Maqtaa,15/05/2023,AL Ma15052023
AL Maqtaa,15/06/2023,AL Ma15062023
AL Maqtaa,15/07/2023,AL Ma15072023
AL Maqtaa,15/08/2023,AL Ma15082023
AL Maqtaa,15/09/2023,AL Ma15092023
AL Maqtaa,15/10/2023,AL Ma15102023
AL Maqtaa,15/11/2023,AL Ma15112023
AL Maqtaa,15/12/2023,AL Ma15122023
AL Maqtaa,16/01/2023,AL Ma16012023
AL Maqtaa,16/02/2023,AL Ma16022023
AL Maqtaa,16/03/2023,AL Ma16032023
AL Maqtaa,16/04/2023,AL Ma16042023
AL Maqtaa,16/05/2023,AL Ma16052023
AL Maqtaa,16/06/2023,AL Ma16062023
AL Maqtaa,16/07/2023,AL Ma16072023
AL Maqtaa,16/08/2023,AL Ma16082023
AL Maqtaa,16/09/2023,AL Ma16092023
AL Maqtaa,16/10/2023,AL Ma16102023
AL Maqtaa,16/11/2023,AL Ma16112023
AL Maqtaa,16/12/2023,AL Ma16122023
AL Maqtaa,17/01/2023,AL Ma17012023
AL Maqtaa,17/02/2023,AL Ma17022023
AL Maqtaa,17/03/2023,AL Ma17032023
AL Maqtaa,17/04/2023,AL Ma17042023
AL Maqtaa,17/05/2023,AL Ma17052023
AL Maqtaa,17/06/2023,AL Ma17062023
AL Maqtaa,17/07/2023,AL Ma17072023
AL Maqtaa,17/08/2023,AL Ma17082023
AL Maqtaa,17/09/2023,AL Ma17092023
AL Maqtaa,17/10/2023,AL Ma17102023
AL Maqtaa,17/11/2023,AL Ma17112023
AL Maqtaa,17/12/2023,AL Ma17122023
AL Maqtaa,18/01/2023,AL Ma18012023
AL Maqtaa,18/02/2023,AL Ma18022023
AL Maqtaa,18/03/2023,AL Ma18032023
AL Maqtaa,18/04/2023,AL Ma18042023
AL Maqtaa,18/05/2023,AL Ma18052023
AL Maqtaa,18/06/2023,AL Ma18062023
AL Maqtaa,18/07/2023,AL Ma18072023
AL Maqtaa,18/08/2023,AL Ma18082023
AL Maqtaa,18/09/2023,AL Ma18092023
AL Maqtaa,18/10/2023,AL Ma18102023
AL Maqtaa,18/11/2023,AL Ma18112023
AL Maqtaa,18/12/2023,AL Ma18122023
AL Maqtaa,19/01/2023,AL Ma19012023
AL Maqtaa,19/02/2023,AL Ma19022023
AL Maqtaa,19/03/2023,AL Ma19032023
AL Maqtaa,19/04/2023,AL Ma19042023
AL Maqtaa,19/05/2023,AL Ma19052023
AL Maqtaa,19/06/2023,AL Ma19062023
AL Maqtaa,19/07/2023,AL Ma19072023
AL Maqtaa,19/08/2023,AL Ma19082023
AL Maqtaa,19/09/2023,AL Ma19092023
AL Maqtaa,19/10/2023,AL Ma19102023
AL Maqtaa,19/11/2023,AL Ma19112023
AL Maqtaa,19/12/2023,AL Ma19122023
AL Maqtaa,20/01/2023,AL Ma20012023
AL Maqtaa,20/02/2023,AL Ma20022023
AL Maqtaa,20/03/2023,AL Ma20032023
AL Maqtaa,20/04/2023,AL Ma20042023
AL Maqtaa,20/05/2023,AL Ma20052023
AL Maqtaa,20/06/2023,AL Ma20062023
AL Maqtaa,20/07/2023,AL Ma20072023
AL Maqtaa,20/08/2023,AL Ma20082023
AL Maqtaa,20/09/2023,AL Ma20092023
AL Maqtaa,20/10/2023,AL Ma20102023
AL Maqtaa,20/11/2023,AL Ma20112023
AL Maqtaa,20/12/2023,AL Ma20122023
AL Maqtaa,21/01/2023,AL Ma21012023
AL Maqtaa,21/02/2023,AL Ma21022023
AL Maqtaa,21/03/2023,AL Ma21032023
AL Maqtaa,21/04/2023,AL Ma21042023
AL Maqtaa,21/05/2023,AL Ma21052023
AL Maqtaa,21/06/2023,AL Ma21062023
AL Maqtaa,21/07/2023,AL Ma21072023
AL Maqtaa,21/08/2023,AL Ma21082023
AL Maqtaa,21/09/2023,AL Ma21092023
AL Maqtaa,21/10/2023,AL Ma21102023
AL Maqtaa,21/11/2023,AL Ma21112023
AL Maqtaa,21/12/2023,AL Ma21122023
AL Maqtaa,22/01/2023,AL Ma22012023
AL Maqtaa,22/02/2023,AL Ma22022023
AL Maqtaa,22/03/2023,AL Ma22032023
AL Maqtaa,22/04/2023,AL Ma22042023
AL Maqtaa,22/05/2023,AL Ma22052023
AL Maqtaa,22/06/2023,AL Ma22062023
AL Maqtaa,22/07/2023,AL Ma22072023
AL Maqtaa,22/08/2023,AL Ma22082023
AL Maqtaa,22/09/2023,AL Ma22092023
AL Maqtaa,22/10/2023,AL Ma22102023
AL Maqtaa,22/11/2023,AL Ma22112023
AL Maqtaa,22/12/2023,AL Ma22122023
AL Maqtaa,23/01/2023,AL Ma23012023
AL Maqtaa,23/02/2023,AL Ma23022023
AL Maqtaa,23/03/2023,AL Ma23032023
AL Maqtaa,23/04/2023,AL Ma23042023
AL Maqtaa,23/05/2023,AL Ma23052023
AL Maqtaa,23/06/2023,AL Ma23062023
AL Maqtaa,23/07/2023,AL Ma23072023
AL Maqtaa,23/08/2023,AL Ma23082023
AL Maqtaa,23/09/2023,AL Ma23092023
AL Maqtaa,23/10/2023,AL Ma23102023
AL Maqtaa,23/11/2023,AL Ma23112023
AL Maqtaa,23/12/2023,AL Ma23122023
AL Maqtaa,24/01/2023,AL Ma24012023
AL Maqtaa,24/02/2023,AL Ma24022023
AL Maqtaa,24/03/2023,AL Ma24032023
AL Maqtaa,24/04/2023,AL Ma24042023
AL Maqtaa,24/05/2023,AL Ma24052023
AL Maqtaa,24/06/2023,AL Ma24062023
AL Maqtaa,24/07/2023,AL Ma24072023
AL Maqtaa,24/08/2023,AL Ma24082023
AL Maqtaa,24/09/2023,AL Ma24092023
AL Maqtaa,24/10/2023,AL Ma24102023
AL Maqtaa,24/11/2023,AL Ma24112023
AL Maqtaa,24/12/2023,AL Ma24122023
AL Maqtaa,25/01/2023,AL Ma25012023
AL Maqtaa,25/02/2023,AL Ma25022023
AL Maqtaa,25/03/2023,AL Ma25032023
AL Maqtaa,25/04/2023,AL Ma25042023
AL Maqtaa,25/05/2023,AL Ma25052023
AL Maqtaa,25/06/2023,AL Ma25062023
AL Maqtaa,25/07/2023,AL Ma25072023
AL Maqtaa,25/08/2023,AL Ma25082023
AL Maqtaa,25/09/2023,AL Ma25092023
AL Maqtaa,25/10/2023,AL Ma25102023
AL Maqtaa,25/11/2023,AL Ma25112023
AL Maqtaa,25/12/2023,AL Ma25122023
AL Maqtaa,26/01/2023,AL Ma26012023
AL Maqtaa,26/02/2023,AL Ma26022023
AL Maqtaa,26/03/2023,AL Ma26032023
AL Maqtaa,26/04/2023,AL Ma26042023
AL Maqtaa,26/05/2023,AL Ma26052023
AL Maqtaa,26/06/2023,AL Ma26062023
AL Maqtaa,26/07/2023,AL Ma26072023
AL Maqtaa,26/08/2023,AL Ma26082023
AL Maqtaa,26/09/2023,AL Ma26092023
AL Maqtaa,26/10/2023,AL Ma26102023
AL Maqtaa,26/11/2023,AL Ma26112023
AL Maqtaa,26/12/2023,AL Ma26122023
AL Maqtaa,27/01/2023,AL Ma27012023
AL Maqtaa,27/02/2023,AL Ma27022023
AL Maqtaa,27/03/2023,AL Ma27032023
AL Maqtaa,27/04/2023,AL Ma27042023
AL Maqtaa,27/05/2023,AL Ma27052023
AL Maqtaa,27/06/2023,AL Ma27062023
AL Maqtaa,27/07/2023,AL Ma27072023
AL Maqtaa,27/08/2023,AL Ma27082023
AL Maqtaa,27/09/2023,AL Ma27092023
AL Maqtaa,27/10/2023,AL Ma27102023
AL Maqtaa,27/11/2023,AL Ma27112023
AL Maqtaa,27/12/2023,AL Ma27122023
AL Maqtaa,28/01/2023,AL Ma28012023
AL Maqtaa,28/02/2023,AL Ma28022023
AL Maqtaa,28/03/2023,AL Ma28032023
AL Maqtaa,28/04/2023,AL Ma28042023
AL Maqtaa,28/05/2023,AL Ma28052023
AL Maqtaa,28/06/2023,AL Ma28062023
AL Maqtaa,28/07/2023,AL Ma28072023
AL Maqtaa,28/08/2023,AL Ma28082023
AL Maqtaa,28/09/2023,AL Ma28092023
AL Maqtaa,28/10/2023,AL Ma28102023
AL Maqtaa,28/11/2023,AL Ma28112023
AL Maqtaa,28/12/2023,AL Ma28122023
AL Maqtaa,29/01/2023,AL Ma29012023
AL Maqtaa,29/03/2023,AL Ma29032023
AL Maqtaa,29/04/2023,AL Ma29042023
AL Maqtaa,29/05/2023,AL Ma29052023
AL Maqtaa,29/06/2023,AL Ma29062023
AL Maqtaa,29/07/2023,AL Ma29072023
AL Maqtaa,29/08/2023,AL Ma29082023
AL Maqtaa,29/09/2023,AL Ma29092023
AL Maqtaa,29/10/2023,AL Ma29102023
AL Maqtaa,29/11/2023,AL Ma29112023
AL Maqtaa,29/12/2023,AL Ma29122023
AL Maqtaa,30/01/2023,AL Ma30012023
AL Maqtaa,30/03/2023,AL Ma30032023
AL Maqtaa,30/04/2023,AL Ma30042023
AL Maqtaa,30/05/2023,AL Ma30052023
AL Maqtaa,30/06/2023,AL Ma30062023
AL Maqtaa,30/07/2023,AL Ma30072023
AL Maqtaa,30/08/2023,AL Ma30082023
AL Maqtaa,30/09/2023,AL Ma30092023
AL Maqtaa,30/10/2023,AL Ma30102023
AL Maqtaa,30/11/2023,AL Ma30112023
AL Maqtaa,30/12/2023,AL Ma30122023
AL Maqtaa,31/01/2023,AL Ma31012023
AL Maqtaa,31/03/2023,AL Ma31032023
AL Maqtaa,31/05/2023,AL Ma31052023
AL Maqtaa,31/07/2023,AL Ma31072023
AL Maqtaa,31/08/2023,AL Ma31082023
AL Maqtaa,31/10/2023,AL Ma31102023
AL Maqtaa,31/12/2023,AL Ma31122023
Al Hamra,01/01/2023,Al Ha01012023
Al Hamra,01/02/2023,Al Ha01022023
Al Hamra,01/03/2023,Al Ha01032023
Al Hamra,01/04/2023,Al Ha01042023
Al Hamra,01/05/2023,Al Ha01052023
Al Hamra,01/06/2023,Al Ha01062023
Al Hamra,01/07/2023,Al Ha01072023
Al Hamra,01/08/2023,Al Ha01082023
Al Hamra,01/09/2023,Al Ha01092023
Al Hamra,01/10/2023,Al Ha01102023
Al Hamra,01/11/2023,Al Ha01112023
Al Hamra,01/12/2023,Al Ha01122023
Al Hamra,02/01/2023,Al Ha02012023
Al Hamra,02/02/2023,Al Ha02022023
Al Hamra,02/03/2023,Al Ha02032023
Al Hamra,02/04/2023,Al Ha02042023
Al Hamra,02/05/2023,Al Ha02052023
Al Hamra,02/06/2023,Al Ha02062023
Al Hamra,02/07/2023,Al Ha02072023
Al Hamra,02/08/2023,Al Ha02082023
Al Hamra,02/09/2023,Al Ha02092023
Al Hamra,02/10/2023,Al Ha02102023
Al Hamra,02/11/2023,Al Ha02112023
Al Hamra,02/12/2023,Al Ha02122023
Al Hamra,03/01/2023,Al Ha03012023
Al Hamra,03/02/2023,Al Ha03022023
Al Hamra,03/03/2023,Al Ha03032023
Al Hamra,03/04/2023,Al Ha03042023
Al Hamra,03/05/2023,Al Ha03052023
Al Hamra,03/06/2023,Al Ha03062023
Al Hamra,03/07/2023,Al Ha03072023
Al Hamra,03/08/2023,Al Ha03082023
Al Hamra,03/09/2023,Al Ha03092023
Al Hamra,03/10/2023,Al Ha03102023
Al Hamra,03/11/2023,Al Ha03112023
Al Hamra,03/12/2023,Al Ha03122023
Al Hamra,04/01/2023,Al Ha04012023
Al Hamra,04/02/2023,Al Ha04022023
Al Hamra,04/03/2023,Al Ha04032023
Al Hamra,04/04/2023,Al Ha04042023
Al Hamra,04/05/2023,Al Ha04052023
Al Hamra,04/06/2023,Al Ha04062023
Al Hamra,04/07/2023,Al Ha04072023
Al Hamra,04/08/2023,Al Ha04082023
Al Hamra,04/09/2023,Al Ha04092023
Al Hamra,04/10/2023,Al Ha04102023
Al Hamra,04/11/2023,Al Ha04112023
Al Hamra,04/12/2023,Al Ha04122023
Al Hamra,05/01/2023,Al Ha05012023
Al Hamra,05/02/2023,Al Ha05022023
Al Hamra,05/03/2023,Al Ha05032023
Al Hamra,05/04/2023,Al Ha05042023
Al Hamra,05/05/2023,Al Ha05052023
Al Hamra,05/06/2023,Al Ha05062023
Al Hamra,05/07/2023,Al Ha05072023
Al Hamra,05/08/2023,Al Ha05082023
Al Hamra,05/09/2023,Al Ha05092023
Al Hamra,05/10/2023,Al Ha05102023
Al Hamra,05/11/2023,Al Ha05112023
Al Hamra,05/12/2023,Al Ha05122023
Al Hamra,06/01/2023,Al Ha06012023
Al Hamra,06/02/2023,Al Ha06022023
Al Hamra,06/03/2023,Al Ha06032023
Al Hamra,06/04/2023,Al Ha06042023
Al Hamra,06/05/2023,Al Ha06052023
Al Hamra,06/06/2023,Al Ha06062023
Al Hamra,06/07/2023,Al Ha06072023
Al Hamra,06/08/2023,Al Ha06082023
Al Hamra,06/09/2023,Al Ha06092023
Al Hamra,06/10/2023,Al Ha06102023
Al Hamra,06/11/2023,Al Ha06112023
Al Hamra,06/12/2023,Al Ha06122023
Al Hamra,07/01/2023,Al Ha07012023
Al Hamra,07/02/2023,Al Ha07022023
Al Hamra,07/03/2023,Al Ha07032023
Al Hamra,07/04/2023,Al Ha07042023
Al Hamra,07/05/2023,Al Ha07052023
Al Hamra,07/06/2023,Al Ha07062023
Al Hamra,07/07/2023,Al Ha07072023
Al Hamra,07/08/2023,Al Ha07082023
Al Hamra,07/09/2023,Al Ha07092023
Al Hamra,07/10/2023,Al Ha07102023
Al Hamra,07/11/2023,Al Ha07112023
Al Hamra,07/12/2023,Al Ha07122023
Al Hamra,08/01/2023,Al Ha08012023
Al Hamra,08/02/2023,Al Ha08022023
Al Hamra,08/03/2023,Al Ha08032023
Al Hamra,08/04/2023,Al Ha08042023
Al Hamra,08/05/2023,Al Ha08052023
Al Hamra,08/06/2023,Al Ha08062023
Al Hamra,08/07/2023,Al Ha08072023
Al Hamra,08/08/2023,Al Ha08082023
Al Hamra,08/09/2023,Al Ha08092023
Al Hamra,08/10/2023,Al Ha08102023
Al Hamra,08/11/2023,Al Ha08112023
Al Hamra,08/12/2023,Al Ha08122023
Al Hamra,09/01/2023,Al Ha09012023
Al Hamra,09/02/2023,Al Ha09022023
Al Hamra,09/03/2023,Al Ha09032023
Al Hamra,09/04/2023,Al Ha09042023
Al Hamra,09/05/2023,Al Ha09052023
Al Hamra,09/06/2023,Al Ha09062023
Al Hamra,09/07/2023,Al Ha09072023
Al Hamra,09/08/2023,Al Ha09082023
Al Hamra,09/09/2023,Al Ha09092023
Al Hamra,09/10/2023,Al Ha09102023
Al Hamra,09/11/2023,Al Ha09112023
Al Hamra,09/12/2023,Al Ha09122023
Al Hamra,10/01/2023,Al Ha10012023
Al Hamra,10/02/2023,Al Ha10022023
Al Hamra,10/03/2023,Al Ha10032023
Al Hamra,10/04/2023,Al Ha10042023
Al Hamra,10/05/2023,Al Ha10052023
Al Hamra,10/06/2023,Al Ha10062023
Al Hamra,10/07/2023,Al Ha10072023
Al Hamra,10/08/2023,Al Ha10082023
Al Hamra,10/09/2023,Al Ha10092023
Al Hamra,10/10/2023,Al Ha10102023
Al Hamra,10/11/2023,Al Ha10112023
Al Hamra,10/12/2023,Al Ha10122023
Al Hamra,11/01/2023,Al Ha11012023
Al Hamra,11/02/2023,Al Ha11022023
Al Hamra,11/03/2023,Al Ha11032023
Al Hamra,11/04/2023,Al Ha11042023
Al Hamra,11/05/2023,Al Ha11052023
Al Hamra,11/06/2023,Al Ha11062023
Al Hamra,11/07/2023,Al Ha11072023
Al Hamra,11/08/2023,Al Ha11082023
Al Hamra,11/09/2023,Al Ha11092023
Al Hamra,11/10/2023,Al Ha11102023
Al Hamra,11/11/2023,Al Ha11112023
Al Hamra,11/12/2023,Al Ha11122023
Al Hamra,12/01/2023,Al Ha12012023
Al Hamra,12/02/2023,Al Ha12022023
Al Hamra,12/03/2023,Al Ha12032023
Al Hamra,12/04/2023,Al Ha12042023
Al Hamra,12/05/2023,Al Ha12052023
Al Hamra,12/06/2023,Al Ha12062023
Al Hamra,12/07/2023,Al Ha12072023
Al Hamra,12/08/2023,Al Ha12082023
Al Hamra,12/09/2023,Al Ha12092023
Al Hamra,12/10/2023,Al Ha12102023
Al Hamra,12/11/2023,Al Ha12112023
Al Hamra,12/12/2023,Al Ha12122023
Al Hamra,13/01/2023,Al Ha13012023
Al Hamra,13/02/2023,Al Ha13022023
Al Hamra,13/03/2023,Al Ha13032023
Al Hamra,13/04/2023,Al Ha13042023
Al Hamra,13/05/2023,Al Ha13052023
Al Hamra,13/06/2023,Al Ha13062023
Al Hamra,13/07/2023,Al Ha13072023
Al Hamra,13/08/2023,Al Ha13082023
Al Hamra,13/09/2023,Al Ha13092023
Al Hamra,13/10/2023,Al Ha13102023
Al Hamra,13/11/2023,Al Ha13112023
Al Hamra,13/12/2023,Al Ha13122023
Al Hamra,14/01/2023,Al Ha14012023
Al Hamra,14/02/2023,Al Ha14022023
Al Hamra,14/03/2023,Al Ha14032023
Al Hamra,14/04/2023,Al Ha14042023
Al Hamra,14/05/2023,Al Ha14052023
Al Hamra,14/06/2023,Al Ha14062023
Al Hamra,14/07/2023,Al Ha14072023
Al Hamra,14/08/2023,Al Ha14082023
Al Hamra,14/09/2023,Al Ha14092023
Al Hamra,14/10/2023,Al Ha14102023
Al Hamra,14/11/2023,Al Ha14112023
Al Hamra,14/12/2023,Al Ha14122023
Al Hamra,15/01/2023,Al Ha15012023
Al Hamra,15/02/2023,Al Ha15022023
Al Hamra,15/03/2023,Al Ha15032023
Al Hamra,15/04/2023,Al Ha15042023
Al Hamra,15/05/2023,Al Ha15052023
Al Hamra,15/06/2023,Al Ha15062023
Al Hamra,15/07/2023,Al Ha15072023
Al Hamra,15/08/2023,Al Ha15082023
Al Hamra,15/09/2023,Al Ha15092023
Al Hamra,15/10/2023,Al Ha15102023
Al Hamra,15/11/2023,Al Ha15112023
Al Hamra,15/12/2023,Al Ha15122023
Al Hamra,16/01/2023,Al Ha16012023
Al Hamra,16/02/2023,Al Ha16022023
Al Hamra,16/03/2023,Al Ha16032023
Al Hamra,16/04/2023,Al Ha16042023
Al Hamra,16/05/2023,Al Ha16052023
Al Hamra,16/06/2023,Al Ha16062023
Al Hamra,16/07/2023,Al Ha16072023
Al Hamra,16/08/2023,Al Ha16082023
Al Hamra,16/09/2023,Al Ha16092023
Al Hamra,16/10/2023,Al Ha16102023
Al Hamra,16/11/2023,Al Ha16112023
Al Hamra,16/12/2023,Al Ha16122023
Al Hamra,17/01/2023,Al Ha17012023
Al Hamra,17/02/2023,Al Ha17022023
Al Hamra,17/03/2023,Al Ha17032023
Al Hamra,17/04/2023,Al Ha17042023
Al Hamra,17/05/2023,Al Ha17052023
Al Hamra,17/06/2023,Al Ha17062023
Al Hamra,17/07/2023,Al Ha17072023
Al Hamra,17/08/2023,Al Ha17082023
Al Hamra,17/09/2023,Al Ha17092023
Al Hamra,17/10/2023,Al Ha17102023
Al Hamra,17/11/2023,Al Ha17112023
Al Hamra,17/12/2023,Al Ha17122023
Al Hamra,18/01/2023,Al Ha18012023
Al Hamra,18/02/2023,Al Ha18022023
Al Hamra,18/03/2023,Al Ha18032023
Al Hamra,18/04/2023,Al Ha18042023
Al Hamra,18/05/2023,Al Ha18052023
Al Hamra,18/06/2023,Al Ha18062023
Al Hamra,18/07/2023,Al Ha18072023
Al Hamra,18/08/2023,Al Ha18082023
Al Hamra,18/09/2023,Al Ha18092023
Al Hamra,18/10/2023,Al Ha18102023
Al Hamra,18/11/2023,Al Ha18112023
Al Hamra,18/12/2023,Al Ha18122023
Al Hamra,19/01/2023,Al Ha19012023
Al Hamra,19/02/2023,Al Ha19022023
Al Hamra,19/03/2023,Al Ha19032023
Al Hamra,19/04/2023,Al Ha19042023
Al Hamra,19/05/2023,Al Ha19052023
Al Hamra,19/06/2023,Al Ha19062023
Al Hamra,19/07/2023,Al Ha19072023
Al Hamra,19/08/2023,Al Ha19082023
Al Hamra,19/09/2023,Al Ha19092023
Al Hamra,19/10/2023,Al Ha19102023
Al Hamra,19/11/2023,Al Ha19112023
Al Hamra,19/12/2023,Al Ha19122023
Al Hamra,20/01/2023,Al Ha20012023
Al Hamra,20/02/2023,Al Ha20022023
Al Hamra,20/03/2023,Al Ha20032023
Al Hamra,20/04/2023,Al Ha20042023
Al Hamra,20/05/2023,Al Ha20052023
Al Hamra,20/06/2023,Al Ha20062023
Al Hamra,20/07/2023,Al Ha20072023
Al Hamra,20/08/2023,Al Ha20082023
Al Hamra,20/09/2023,Al Ha20092023
Al Hamra,20/10/2023,Al Ha20102023
Al Hamra,20/11/2023,Al Ha20112023
Al Hamra,20/12/2023,Al Ha20122023
Al Hamra,21/01/2023,Al Ha21012023
Al Hamra,21/02/2023,Al Ha21022023
Al Hamra,21/03/2023,Al Ha21032023
Al Hamra,21/04/2023,Al Ha21042023
Al Hamra,21/05/2023,Al Ha21052023
Al Hamra,21/06/2023,Al Ha21062023
Al Hamra,21/07/2023,Al Ha21072023
Al Hamra,21/08/2023,Al Ha21082023
Al Hamra,21/09/2023,Al Ha21092023
Al Hamra,21/10/2023,Al Ha21102023
Al Hamra,21/11/2023,Al Ha21112023
Al Hamra,21/12/2023,Al Ha21122023
Al Hamra,22/01/2023,Al Ha22012023
Al Hamra,22/02/2023,Al Ha22022023
Al Hamra,22/03/2023,Al Ha22032023
Al Hamra,22/04/2023,Al Ha22042023
Al Hamra,22/05/2023,Al Ha22052023
Al Hamra,22/06/2023,Al Ha22062023
Al Hamra,22/07/2023,Al Ha22072023
Al Hamra,22/08/2023,Al Ha22082023
Al Hamra,22/09/2023,Al Ha22092023
Al Hamra,22/10/2023,Al Ha22102023
Al Hamra,22/11/2023,Al Ha22112023
Al Hamra,22/12/2023,Al Ha22122023
Al Hamra,23/01/2023,Al Ha23012023
Al Hamra,23/02/2023,Al Ha23022023
Al Hamra,23/03/2023,Al Ha23032023
Al Hamra,23/04/2023,Al Ha23042023
Al Hamra,23/05/2023,Al Ha23052023
Al Hamra,23/06/2023,Al Ha23062023
Al Hamra,23/07/2023,Al Ha23072023
Al Hamra,23/08/2023,Al Ha23082023
Al Hamra,23/09/2023,Al Ha23092023
Al Hamra,23/10/2023,Al Ha23102023
Al Hamra,23/11/2023,Al Ha23112023
Al Hamra,23/12/2023,Al Ha23122023
Al Hamra,24/01/2023,Al Ha24012023
Al Hamra,24/02/2023,Al Ha24022023
Al Hamra,24/03/2023,Al Ha24032023
Al Hamra,24/04/2023,Al Ha24042023
Al Hamra,24/05/2023,Al Ha24052023
Al Hamra,24/06/2023,Al Ha24062023
Al Hamra,24/07/2023,Al Ha24072023
Al Hamra,24/08/2023,Al Ha24082023
Al Hamra,24/09/2023,Al Ha24092023
Al Hamra,24/10/2023,Al Ha24102023
Al Hamra,24/11/2023,Al Ha24112023
Al Hamra,24/12/2023,Al Ha24122023
Al Hamra,25/01/2023,Al Ha25012023
Al Hamra,25/02/2023,Al Ha25022023
Al Hamra,25/03/2023,Al Ha25032023
Al Hamra,25/04/2023,Al Ha25042023
Al Hamra,25/05/2023,Al Ha25052023
Al Hamra,25/06/2023,Al Ha25062023
Al Hamra,25/07/2023,Al Ha25072023
Al Hamra,25/08/2023,Al Ha25082023
Al Hamra,25/09/2023,Al Ha25092023
Al Hamra,25/10/2023,Al Ha25102023
Al Hamra,25/11/2023,Al Ha25112023
Al Hamra,25/12/2023,Al Ha25122023
Al Hamra,26/01/2023,Al Ha26012023
Al Hamra,26/02/2023,Al Ha26022023
Al Hamra,26/03/2023,Al Ha26032023
Al Hamra,26/04/2023,Al Ha26042023
Al Hamra,26/05/2023,Al Ha26052023
Al Hamra,26/06/2023,Al Ha26062023
Al Hamra,26/07/2023,Al Ha26072023
Al Hamra,26/08/2023,Al Ha26082023
Al Hamra,26/09/2023,Al Ha26092023
Al Hamra,26/10/2023,Al Ha26102023
Al Hamra,26/11/2023,Al Ha26112023
Al Hamra,26/12/2023,Al Ha26122023
Al Hamra,27/01/2023,Al Ha27012023
Al Hamra,27/02/2023,Al Ha27022023
Al Hamra,27/03/2023,Al Ha27032023
Al Hamra,27/04/2023,Al Ha27042023
Al Hamra,27/05/2023,Al Ha27052023
Al Hamra,27/06/2023,Al Ha27062023
Al Hamra,27/07/2023,Al Ha27072023
Al Hamra,27/08/2023,Al Ha27082023
Al Hamra,27/09/2023,Al Ha27092023
Al Hamra,27/10/2023,Al Ha27102023
Al Hamra,27/11/2023,Al Ha27112023
Al Hamra,27/12/2023,Al Ha27122023
Al Hamra,28/01/2023,Al Ha28012023
Al Hamra,28/02/2023,Al Ha28022023
Al Hamra,28/03/2023,Al Ha28032023
Al Hamra,28/04/2023,Al Ha28042023
Al Hamra,28/05/2023,Al Ha28052023
Al Hamra,28/06/2023,Al Ha28062023
Al Hamra,28/07/2023,Al Ha28072023
Al Hamra,28/08/2023,Al Ha28082023
Al Hamra,28/09/2023,Al Ha28092023
Al Hamra,28/10/2023,Al Ha28102023
Al Hamra,28/11/2023,Al Ha28112023
Al Hamra,28/12/2023,Al Ha28122023
Al Hamra,29/01/2023,Al Ha29012023
Al Hamra,29/03/2023,Al Ha29032023
Al Hamra,29/04/2023,Al Ha29042023
Al Hamra,29/05/2023,Al Ha29052023
Al Hamra,29/06/2023,Al Ha29062023
Al Hamra,29/07/2023,Al Ha29072023
Al Hamra,29/08/2023,Al Ha29082023
Al Hamra,29/09/2023,Al Ha29092023
Al Hamra,29/10/2023,Al Ha29102023
Al Hamra,29/11/2023,Al Ha29112023
Al Hamra,29/12/2023,Al Ha29122023
Al Hamra,30/01/2023,Al Ha30012023
Al Hamra,30/03/2023,Al Ha30032023
Al Hamra,30/04/2023,Al Ha30042023
Al Hamra,30/05/2023,Al Ha30052023
Al Hamra,30/06/2023,Al Ha30062023
Al Hamra,30/07/2023,Al Ha30072023
Al Hamra,30/08/2023,Al Ha30082023
Al Hamra,30/09/2023,Al Ha30092023
Al Hamra,30/10/2023,Al Ha30102023
Al Hamra,30/11/2023,Al Ha30112023
Al Hamra,30/12/2023,Al Ha30122023
Al Hamra,31/01/2023,Al Ha31012023
Al Hamra,31/03/2023,Al Ha31032023
Al Hamra,31/05/2023,Al Ha31052023
Al Hamra,31/07/2023,Al Ha31072023
Al Hamra,31/08/2023,Al Ha31082023
Al Hamra,31/10/2023,Al Ha31102023
Al Hamra,31/12/2023,Al Ha31122023
